id_empresa,nombre_empresa,matricula,mmsi,nro_omi,nombre,latitud,longitud,fecha,rumbo,velocidad,emp,dnid,mem,eslora,fecha_local
3,Elec. Naval,0000010,701000605,0,ANA III,-45.862,-67.4645,2026-02-06 00:05:00,195,0,005,08466,124,19.95,2026-02-05 21:05:00
3,Elec. Naval,0000010,701000605,0,ANA III,-45.862,-67.4645,2026-02-06 00:20:00,125,0,005,08466,124,19.95,2026-02-05 21:20:00
3,Elec. Naval,0000010,701000605,0,ANA III,-45.862,-67.4645,2026-02-06 00:35:00,165,0,005,08466,124,19.95,2026-02-05 21:35:00
3,Elec. Naval,0000010,701000605,0,ANA III,-45.862,-67.4645,2026-02-06 00:50:00,295,0,005,08466,124,19.95,2026-02-05 21:50:00
4,Navalstar,0000012,701000632,0,ESTRELLA NO 6,-47.47605,-64.203883333333333,2026-02-06 00:00:00,0,0.6,010,08616,045,55.85,2026-02-05 21:00:00
3,Elec. Naval,0000023,701000542,0,SAN JUAN B,-42.0225,-60.3075,2026-02-06 00:03:00,205,8.6,005,08466,073,39.94,2026-02-05 21:03:00
3,Elec. Naval,0000023,701000542,0,SAN JUAN B,-42.036666666666667,-60.3155,2026-02-06 00:10:00,200,7,005,08466,075,39.94,2026-02-05 21:10:00
3,Elec. Naval,0000023,701000542,0,SAN JUAN B,-42.052833333333333,-60.324666666666667,2026-02-06 00:18:00,200,8.1,005,08466,073,39.94,2026-02-05 21:18:00
3,Elec. Naval,0000023,701000542,0,SAN JUAN B,-42.0675,-60.333333333333333,2026-02-06 00:25:00,205,6.5,005,08466,075,39.94,2026-02-05 21:25:00
3,Elec. Naval,0000023,701000542,0,SAN JUAN B,-42.084166666666667,-60.343,2026-02-06 00:33:00,200,8.6,005,08466,073,39.94,2026-02-05 21:33:00
3,Elec. Naval,0000023,701000542,0,SAN JUAN B,-42.098833333333333,-60.352,2026-02-06 00:40:00,205,8.6,005,08466,075,39.94,2026-02-05 21:40:00
3,Elec. Naval,0000023,701000542,0,SAN JUAN B,-42.115833333333333,-60.361666666666667,2026-02-06 00:48:00,200,7.6,005,08466,073,39.94,2026-02-05 21:48:00
3,Elec. Naval,0000023,701000542,0,SAN JUAN B,-42.1305,-60.3705,2026-02-06 00:55:00,200,8.6,005,08466,075,39.94,2026-02-05 21:55:00
3,Elec. Naval,0000025,701000757,0,PEDRITO,-46.747833333333333,-62.1405,2026-02-06 00:14:00,25,9.2,005,08466,057,39.92,2026-02-05 21:14:00
3,Elec. Naval,0000025,701000757,0,PEDRITO,-46.713666666666667,-62.12,2026-02-06 00:29:00,15,9.2,005,08466,057,39.92,2026-02-05 21:29:00
3,Elec. Naval,0000025,701000757,0,PEDRITO,-46.677833333333333,-62.100833333333333,2026-02-06 00:45:00,15,8.1,005,08466,057,39.92,2026-02-05 21:45:00
3,Elec. Naval,0000025,701000757,0,PEDRITO,-46.6425,-62.082,2026-02-06 00:59:00,20,8.1,005,08466,057,39.92,2026-02-05 21:59:00
3,Elec. Naval,0000033,701007003,0,ANTONELLA,-43.594166666666667,-65.036166666666667,2026-02-06 00:14:00,175,0.5,005,08457,122,16.25,2026-02-05 21:14:00
3,Elec. Naval,0000033,701007003,0,ANTONELLA,-43.592,-65.036333333333333,2026-02-06 00:29:00,10,0.5,005,08457,122,16.25,2026-02-05 21:29:00
3,Elec. Naval,0000033,701007003,0,ANTONELLA,-43.588833333333333,-65.036333333333333,2026-02-06 00:44:00,20,0.5,005,08457,256,16.25,2026-02-05 21:44:00
3,Elec. Naval,0000033,701007003,0,ANTONELLA,-43.586166666666667,-65.036166666666667,2026-02-06 00:59:00,335,1.1,005,08457,122,16.25,2026-02-05 21:59:00
3,Elec. Naval,0000060,0,0,MANTO SAGRADO,-38.05,-57.537833333333333,2026-02-06 00:08:00,10,0,005,08457,232,15.08,2026-02-05 21:08:00
3,Elec. Naval,0000068,701037000,0,DON PEDRO,-47.291666666666667,-62.816666666666667,2026-02-06 00:04:00,180,3.2,005,08466,195,73.6,2026-02-05 21:04:00
3,Elec. Naval,0000068,701037000,0,DON PEDRO,-47.306333333333333,-62.8175,2026-02-06 00:19:00,185,3.8,005,08466,195,73.6,2026-02-05 21:19:00
3,Elec. Naval,0000068,701037000,0,DON PEDRO,-47.322,-62.820333333333333,2026-02-06 00:34:00,190,3.2,005,08466,195,73.6,2026-02-05 21:34:00
3,Elec. Naval,0000068,701037000,0,DON PEDRO,-47.3375,-62.822166666666667,2026-02-06 00:49:00,180,4.3,005,08466,195,73.6,2026-02-05 21:49:00
1,Sitrack,0000071,701030000,0,DON GAETANO,-41.959781646728516,-61.825401306152344,2026-02-06 00:00:23,268,4.3737,,,,32.1,2026-02-05 21:00:23
1,Sitrack,0000071,701030000,0,DON GAETANO,-41.959781646728516,-61.82550811767578,2026-02-06 00:00:27,294,5.4536,,,,32.1,2026-02-05 21:00:27
1,Sitrack,0000071,701030000,0,DON GAETANO,-41.96017837524414,-61.849098205566406,2026-02-06 00:15:27,262,4.3737,,,,32.1,2026-02-05 21:15:27
1,Sitrack,0000071,701030000,0,DON GAETANO,-41.95988082885742,-61.873050689697266,2026-02-06 00:30:27,268,5.7775,,,,32.1,2026-02-05 21:30:27
1,Sitrack,0000071,701030000,0,DON GAETANO,-41.95880126953125,-61.89720916748047,2026-02-06 00:45:27,276,5.0756,,,,32.1,2026-02-05 21:45:27
3,Elec. Naval,0000141,701000729,0,NDDANDDU,-47.063666666666667,-62.615833333333333,2026-02-06 00:07:00,250,2.2,005,08466,046,28.2,2026-02-05 21:07:00
3,Elec. Naval,0000141,701000729,0,NDDANDDU,-47.067833333333333,-62.628,2026-02-06 00:22:00,260,1.1,005,08466,046,28.2,2026-02-05 21:22:00
3,Elec. Naval,0000141,701000729,0,NDDANDDU,-47.072833333333333,-62.6405,2026-02-06 00:37:00,220,2.2,005,08466,046,28.2,2026-02-05 21:37:00
3,Elec. Naval,0000141,701000729,0,NDDANDDU,-47.078,-62.652833333333333,2026-02-06 00:52:00,215,2.2,005,08466,046,28.2,2026-02-05 21:52:00
3,Elec. Naval,0000142,701000509,0,ARGENTINO,-38.0475,-57.537166666666667,2026-02-06 00:06:00,275,0,005,08466,071,33.77,2026-02-05 21:06:00
3,Elec. Naval,0000142,701000509,0,ARGENTINO,-38.0475,-57.537166666666667,2026-02-06 00:21:00,275,0,005,08466,071,33.77,2026-02-05 21:21:00
3,Elec. Naval,0000142,701000509,0,ARGENTINO,-38.0475,-57.537166666666667,2026-02-06 00:36:00,275,0,005,08466,071,33.77,2026-02-05 21:36:00
3,Elec. Naval,0000142,701000509,0,ARGENTINO,-38.0475,-57.537166666666667,2026-02-06 00:51:00,275,0,005,08466,071,33.77,2026-02-05 21:51:00
3,Elec. Naval,0000143,701000307,0,LEAL,-38.049166666666667,-57.536166666666667,2026-02-06 00:09:00,70,0,005,08466,200,27.45,2026-02-05 21:09:00
3,Elec. Naval,0000143,701000307,0,LEAL,-38.049166666666667,-57.536166666666667,2026-02-06 00:24:00,70,0,005,08466,200,27.45,2026-02-05 21:24:00
3,Elec. Naval,0000143,701000307,0,LEAL,-38.049166666666667,-57.536166666666667,2026-02-06 00:39:00,70,0,005,08466,200,27.45,2026-02-05 21:39:00
3,Elec. Naval,0000143,701000307,0,LEAL,-38.049166666666667,-57.536166666666667,2026-02-06 00:54:00,70,0,005,08466,200,27.45,2026-02-05 21:54:00
3,Elec. Naval,0000144,701000711,0,VERAZ,-38.048833333333333,-57.538833333333333,2026-02-06 00:08:00,10,0,005,08466,021,27.45,2026-02-05 21:08:00
3,Elec. Naval,0000144,701000711,0,VERAZ,-38.048833333333333,-57.538833333333333,2026-02-06 00:23:00,5,0,005,08466,021,27.45,2026-02-05 21:23:00
3,Elec. Naval,0000144,701000711,0,VERAZ,-38.048833333333333,-57.538833333333333,2026-02-06 00:38:00,5,0,005,08466,021,27.45,2026-02-05 21:38:00
3,Elec. Naval,0000144,701000711,0,VERAZ,-38.048833333333333,-57.538833333333333,2026-02-06 00:53:00,5,0,005,08466,021,27.45,2026-02-05 21:53:00
1,Sitrack,0000174,701045000,0,VERDEL,-38.788848876953125,-62.275230407714844,2026-02-06 00:11:02,110,0,,,,71.7,2026-02-05 21:11:02
1,Sitrack,0000174,701045000,0,VERDEL,-38.78881072998047,-62.275230407714844,2026-02-06 00:26:02,110,0,,,,71.7,2026-02-05 21:26:02
1,Sitrack,0000174,701045000,0,VERDEL,-38.78879928588867,-62.275230407714844,2026-02-06 00:41:02,110,0,,,,71.7,2026-02-05 21:41:02
1,Sitrack,0000174,701045000,0,VERDEL,-38.788761138916016,-62.27532958984375,2026-02-06 00:55:39,338,0,,,,71.7,2026-02-05 21:55:39
1,Sitrack,0000174,701045000,0,VERDEL,-38.78881072998047,-62.275211334228516,2026-02-06 00:56:02,110,0,,,,71.7,2026-02-05 21:56:02
1,Sitrack,0000175,701031000,0,ANABELLA M,42.23093032836914,-8.750659942626953,2026-02-06 00:01:12,206,0,,,,64.8,2026-02-05 21:01:12
1,Sitrack,0000175,701031000,0,ANABELLA M,42.23093032836914,-8.750679969787598,2026-02-06 00:16:12,206,0,,,,64.8,2026-02-05 21:16:12
1,Sitrack,0000175,701031000,0,ANABELLA M,42.23094940185547,-8.750650405883789,2026-02-06 00:31:12,206,0,,,,64.8,2026-02-05 21:31:12
1,Sitrack,0000175,701031000,0,ANABELLA M,42.23094940185547,-8.75059986114502,2026-02-06 00:46:12,206,0,,,,64.8,2026-02-05 21:46:12
1,Sitrack,0000176,701023000,0,CAROLINA P,-42.73524856567383,-65.01959991455078,2026-02-06 00:03:26,58,0.054,,,,71.6,2026-02-05 21:03:26
3,Elec. Naval,0000176,701023000,0,CAROLINA P,-42.735333333333333,-65.019666666666667,2026-02-06 00:05:00,140,0,005,08473,056,71.6,2026-02-05 21:05:00
1,Sitrack,0000176,701023000,0,CAROLINA P,-42.7352294921875,-65.01957702636719,2026-02-06 00:18:26,58,0.054,,,,71.6,2026-02-05 21:18:26
3,Elec. Naval,0000176,701023000,0,CAROLINA P,-42.735333333333333,-65.019666666666667,2026-02-06 00:20:00,140,0,005,08473,056,71.6,2026-02-05 21:20:00
1,Sitrack,0000176,701023000,0,CAROLINA P,-42.73521041870117,-65.01956176757812,2026-02-06 00:33:26,112,0,,,,71.6,2026-02-05 21:33:26
3,Elec. Naval,0000176,701023000,0,CAROLINA P,-42.735333333333333,-65.019666666666667,2026-02-06 00:35:00,275,0,005,08473,056,71.6,2026-02-05 21:35:00
1,Sitrack,0000176,701023000,0,CAROLINA P,-42.73524856567383,-65.01960754394531,2026-02-06 00:48:26,112,0,,,,71.6,2026-02-05 21:48:26
3,Elec. Naval,0000176,701023000,0,CAROLINA P,-42.735333333333333,-65.019666666666667,2026-02-06 00:50:00,275,0,005,08473,056,71.6,2026-02-05 21:50:00
3,Elec. Naval,0000177,701006020,0,DESAFIO,-43.3955,-59.798,2026-02-06 00:05:00,235,8.1,005,08466,061,29.56,2026-02-05 21:05:00
3,Elec. Naval,0000177,701006020,0,DESAFIO,-43.413833333333333,-59.831333333333333,2026-02-06 00:20:00,230,7.6,005,08466,061,29.56,2026-02-05 21:20:00
3,Elec. Naval,0000177,701006020,0,DESAFIO,-43.432166666666667,-59.864666666666667,2026-02-06 00:35:00,225,2.7,005,08466,061,29.56,2026-02-05 21:35:00
3,Elec. Naval,0000177,701006020,0,DESAFIO,-43.451333333333333,-59.898666666666667,2026-02-06 00:50:00,225,6.5,005,08466,061,29.56,2026-02-05 21:50:00
3,Elec. Naval,0000195,701000725,0,MARIA GRACIA,-38.049166666666667,-57.535333333333333,2026-02-06 00:03:00,60,0,005,08457,124,24.05,2026-02-05 21:03:00
3,Elec. Naval,0000195,701000725,0,MARIA GRACIA,-38.049166666666667,-57.5355,2026-02-06 00:18:00,125,0,005,08457,124,24.05,2026-02-05 21:18:00
3,Elec. Naval,0000195,701000725,0,MARIA GRACIA,-38.0495,-57.5355,2026-02-06 00:33:00,355,0,005,08457,124,24.05,2026-02-05 21:33:00
3,Elec. Naval,0000195,701000725,0,MARIA GRACIA,-38.049166666666667,-57.5355,2026-02-06 00:48:00,320,0,005,08457,124,24.05,2026-02-05 21:48:00
1,Sitrack,0000197,701000713,0,ARGENOVA XIV,-47.75468063354492,-65.9102783203125,2026-02-06 00:07:02,148,0,,,,52.3,2026-02-05 21:07:02
1,Sitrack,0000197,701000713,0,ARGENOVA XIV,-47.754661560058594,-65.9103012084961,2026-02-06 00:22:02,148,0,,,,52.3,2026-02-05 21:22:02
2,Tesacom,0000197,701000713,0,ARGENOVA XIV,-47.754683333333333,-65.910283333333333,2026-02-06 00:28:00,195,0.1,008,,,52.3,2026-02-05 21:28:00
1,Sitrack,0000197,701000713,0,ARGENOVA XIV,-47.754730224609375,-65.91030883789062,2026-02-06 00:37:02,150,0,,,,52.3,2026-02-05 21:37:02
1,Sitrack,0000197,701000713,0,ARGENOVA XIV,-47.754730224609375,-65.9102783203125,2026-02-06 00:52:02,150,0,,,,52.3,2026-02-05 21:52:02
3,Elec. Naval,0000201,701066000,0,CONARA I,-38.572833333333333,-58.714666666666667,2026-02-06 00:08:00,340,0,005,08457,111,36.67,2026-02-05 21:08:00
3,Elec. Naval,0000201,701066000,0,CONARA I,-38.572833333333333,-58.714666666666667,2026-02-06 00:09:00,120,0,005,08473,017,36.67,2026-02-05 21:09:00
3,Elec. Naval,0000201,701066000,0,CONARA I,-38.572833333333333,-58.714666666666667,2026-02-06 00:23:00,340,0,005,08457,111,36.67,2026-02-05 21:23:00
3,Elec. Naval,0000201,701066000,0,CONARA I,-38.572833333333333,-58.715,2026-02-06 00:24:00,160,0,005,08473,017,36.67,2026-02-05 21:24:00
3,Elec. Naval,0000201,701066000,0,CONARA I,-38.572833333333333,-58.714666666666667,2026-02-06 00:38:00,340,0,005,08457,111,36.67,2026-02-05 21:38:00
3,Elec. Naval,0000201,701066000,0,CONARA I,-38.572833333333333,-58.715,2026-02-06 00:39:00,160,0,005,08473,017,36.67,2026-02-05 21:39:00
3,Elec. Naval,0000201,701066000,0,CONARA I,-38.572833333333333,-58.714666666666667,2026-02-06 00:53:00,340,0,005,08457,111,36.67,2026-02-05 21:53:00
3,Elec. Naval,0000201,701066000,0,CONARA I,-38.572833333333333,-58.714666666666667,2026-02-06 00:54:00,160,0,005,08473,017,36.67,2026-02-05 21:54:00
1,Sitrack,0000207,701000648,0,PUENTE SAN JORGE,-38.89445877075195,-62.10115051269531,2026-02-06 00:10:25,227,0,,,,35.3,2026-02-05 21:10:25
1,Sitrack,0000207,701000648,0,PUENTE SAN JORGE,-38.89445877075195,-62.10115051269531,2026-02-06 00:25:25,227,0,,,,35.3,2026-02-05 21:25:25
1,Sitrack,0000207,701000648,0,PUENTE SAN JORGE,-38.89445877075195,-62.101131439208984,2026-02-06 00:40:25,227,0,,,,35.3,2026-02-05 21:40:25
1,Sitrack,0000207,701000648,0,PUENTE SAN JORGE,-38.89445114135742,-62.10115051269531,2026-02-06 00:55:25,227,0,,,,35.3,2026-02-05 21:55:25
3,Elec. Naval,0000237,701027000,0,CENTURION DEL ATLANTICO,-54.789166666666667,-63.0945,2026-02-06 00:05:00,255,2.2,005,08466,117,112.8,2026-02-05 21:05:00
2,Tesacom,0000237,701027000,0,CENTURION DEL ATLANTICO,-54.7879,-63.081783333333333,2026-02-06 00:09:00,251,3.4,008,,,112.8,2026-02-05 21:09:00
3,Elec. Naval,0000237,701027000,0,CENTURION DEL ATLANTICO,-54.791166666666667,-63.112166666666667,2026-02-06 00:20:00,255,3.2,005,08466,117,112.8,2026-02-05 21:20:00
2,Tesacom,0000237,701027000,0,CENTURION DEL ATLANTICO,-54.789916666666667,-63.1001,2026-02-06 00:24:00,260,2.1,008,,,112.8,2026-02-05 21:24:00
3,Elec. Naval,0000237,701027000,0,CENTURION DEL ATLANTICO,-54.7925,-63.128833333333333,2026-02-06 00:35:00,280,2.2,005,08466,117,112.8,2026-02-05 21:35:00
2,Tesacom,0000237,701027000,0,CENTURION DEL ATLANTICO,-54.791316666666667,-63.116966666666667,2026-02-06 00:39:00,271,3.2,008,,,112.8,2026-02-05 21:39:00
3,Elec. Naval,0000237,701027000,0,CENTURION DEL ATLANTICO,-54.794666666666667,-63.146333333333333,2026-02-06 00:50:00,260,2.2,005,08466,117,112.8,2026-02-05 21:50:00
2,Tesacom,0000237,701027000,0,CENTURION DEL ATLANTICO,-54.7933,-63.134083333333333,2026-02-06 00:54:00,251,3.1,008,,,112.8,2026-02-05 21:54:00
3,Elec. Naval,0000244,701006073,0,PONTE DE RANDE,-47.132166666666667,-62.794166666666667,2026-02-06 00:14:00,15,1.6,005,08473,001,79.14,2026-02-05 21:14:00
3,Elec. Naval,0000244,701006073,0,PONTE DE RANDE,-47.122833333333333,-62.794166666666667,2026-02-06 00:29:00,330,2.2,005,08473,001,79.14,2026-02-05 21:29:00
3,Elec. Naval,0000244,701006073,0,PONTE DE RANDE,-47.121666666666667,-62.795833333333333,2026-02-06 00:44:00,180,4.9,005,08473,001,79.14,2026-02-05 21:44:00
3,Elec. Naval,0000244,701006073,0,PONTE DE RANDE,-47.139166666666667,-62.7955,2026-02-06 00:59:00,180,3.8,005,08473,001,79.14,2026-02-05 21:59:00
4,Navalstar,0000246,701000631,0,ESTRELLA NO 5,-46.858716666666667,-63.885716666666667,2026-02-06 00:00:00,254,4.4,010,08616,043,54.2,2026-02-05 21:00:00
3,Elec. Naval,0000250,701000539,0,PAKU,-46.612166666666667,-61.6145,2026-02-06 00:05:00,210,4.9,005,08466,056,39.12,2026-02-05 21:05:00
3,Elec. Naval,0000250,701000539,0,PAKU,-46.63,-61.626666666666667,2026-02-06 00:20:00,210,4.9,005,08466,056,39.12,2026-02-05 21:20:00
3,Elec. Naval,0000250,701000539,0,PAKU,-46.648,-61.638833333333333,2026-02-06 00:35:00,210,3.8,005,08466,056,39.12,2026-02-05 21:35:00
3,Elec. Naval,0000250,701000539,0,PAKU,-46.664666666666667,-61.6495,2026-02-06 00:50:00,210,5.4,005,08466,056,39.12,2026-02-05 21:50:00
1,Sitrack,0000284,701000803,0,PATAGONIA,-46.47365188598633,-67.50076293945312,2026-02-06 00:02:57,37,0,,,,30.95,2026-02-05 21:02:57
1,Sitrack,0000284,701000803,0,PATAGONIA,-46.473628997802734,-67.50076293945312,2026-02-06 00:17:57,37,0,,,,30.95,2026-02-05 21:17:57
1,Sitrack,0000284,701000803,0,PATAGONIA,-46.47365951538086,-67.50074768066406,2026-02-06 00:32:57,37,0,,,,30.95,2026-02-05 21:32:57
1,Sitrack,0000284,701000803,0,PATAGONIA,-46.473628997802734,-67.50074768066406,2026-02-06 00:47:57,37,0,,,,30.95,2026-02-05 21:47:57
3,Elec. Naval,0000285,701006080,0,PROMAC,-41.970333333333333,-60.4375,2026-02-06 00:02:00,325,0.5,005,08466,206,33.42,2026-02-05 21:02:00
3,Elec. Naval,0000285,701006080,0,PROMAC,-41.969166666666667,-60.436333333333333,2026-02-06 00:06:00,5,0.5,005,08457,143,33.42,2026-02-05 21:06:00
3,Elec. Naval,0000285,701006080,0,PROMAC,-41.966166666666667,-60.433333333333333,2026-02-06 00:17:00,40,0,005,08466,206,33.42,2026-02-05 21:17:00
3,Elec. Naval,0000285,701006080,0,PROMAC,-41.965,-60.432833333333333,2026-02-06 00:21:00,0,1.1,005,08457,143,33.42,2026-02-05 21:21:00
3,Elec. Naval,0000285,701006080,0,PROMAC,-41.963666666666667,-60.438333333333333,2026-02-06 00:32:00,290,1.1,005,08466,206,33.42,2026-02-05 21:32:00
3,Elec. Naval,0000285,701006080,0,PROMAC,-41.963,-60.441166666666667,2026-02-06 00:36:00,290,1.1,005,08457,143,33.42,2026-02-05 21:36:00
3,Elec. Naval,0000285,701006080,0,PROMAC,-41.961666666666667,-60.448666666666667,2026-02-06 00:47:00,320,4.3,005,08466,206,33.42,2026-02-05 21:47:00
3,Elec. Naval,0000285,701006080,0,PROMAC,-41.961333333333333,-60.451333333333333,2026-02-06 00:51:00,245,3.2,005,08457,143,33.42,2026-02-05 21:51:00
3,Elec. Naval,0000289,701006050,0,SAN MATIAS,-40.152166666666667,-57.980833333333333,2026-02-06 00:03:00,10,10.8,005,08473,217,34.1,2026-02-05 21:03:00
3,Elec. Naval,0000289,701006050,0,SAN MATIAS,-40.108833333333333,-57.972833333333333,2026-02-06 00:18:00,5,10.8,005,08473,217,34.1,2026-02-05 21:18:00
3,Elec. Naval,0000289,701006050,0,SAN MATIAS,-40.0655,-57.962833333333333,2026-02-06 00:33:00,10,9.7,005,08473,217,34.1,2026-02-05 21:33:00
3,Elec. Naval,0000289,701006050,0,SAN MATIAS,-40.0225,-57.952833333333333,2026-02-06 00:48:00,10,10.3,005,08473,217,34.1,2026-02-05 21:48:00
3,Elec. Naval,0000318,701000583,0,MERCEA C,-44.271666666666667,-61.422833333333333,2026-02-06 00:06:00,30,1.1,005,08457,100,29.15,2026-02-05 21:06:00
3,Elec. Naval,0000318,701000583,0,MERCEA C,-44.266333333333333,-61.419166666666667,2026-02-06 00:21:00,110,0,005,08457,100,29.15,2026-02-05 21:21:00
3,Elec. Naval,0000318,701000583,0,MERCEA C,-44.261666666666667,-61.415833333333333,2026-02-06 00:36:00,10,0.5,005,08457,100,29.15,2026-02-05 21:36:00
3,Elec. Naval,0000318,701000583,0,MERCEA C,-44.257,-61.4125,2026-02-06 00:51:00,315,1.1,005,08457,100,29.15,2026-02-05 21:51:00
3,Elec. Naval,0000326,701068000,0,ECHIZEN MARU,-47.238333333333333,-62.649666666666667,2026-02-06 00:05:00,290,2.7,005,08473,057,89.59,2026-02-05 21:05:00
3,Elec. Naval,0000326,701068000,0,ECHIZEN MARU,-47.231166666666667,-62.653,2026-02-06 00:20:00,350,2.2,005,08473,057,89.59,2026-02-05 21:20:00
3,Elec. Naval,0000326,701068000,0,ECHIZEN MARU,-47.223833333333333,-62.655,2026-02-06 00:35:00,225,3.2,005,08473,057,89.59,2026-02-05 21:35:00
3,Elec. Naval,0000326,701068000,0,ECHIZEN MARU,-47.203,-62.652,2026-02-06 00:50:00,350,8.1,005,08473,057,89.59,2026-02-05 21:50:00
3,Elec. Naval,0000339,701000827,0,GAUCHO GRANDE,-46.471333333333333,-67.498,2026-02-06 00:10:00,93,0,005,08457,140,27.9,2026-02-05 21:10:00
3,Elec. Naval,0000339,701000827,0,GAUCHO GRANDE,-46.471666666666667,-67.498333333333333,2026-02-06 00:11:00,130,0,005,08457,039,27.9,2026-02-05 21:11:00
3,Elec. Naval,0000339,701000827,0,GAUCHO GRANDE,-46.471333333333333,-67.498,2026-02-06 00:26:00,93,0,005,08457,140,27.9,2026-02-05 21:26:00
3,Elec. Naval,0000339,701000827,0,GAUCHO GRANDE,-46.471333333333333,-67.498,2026-02-06 00:40:00,93,0,005,08457,140,27.9,2026-02-05 21:40:00
3,Elec. Naval,0000339,701000827,0,GAUCHO GRANDE,-46.471666666666667,-67.498333333333333,2026-02-06 00:41:00,130,0,005,08457,039,27.9,2026-02-05 21:41:00
3,Elec. Naval,0000339,701000827,0,GAUCHO GRANDE,-46.471333333333333,-67.498,2026-02-06 00:54:00,93,0,005,08457,140,27.9,2026-02-05 21:54:00
3,Elec. Naval,0000339,701000827,0,GAUCHO GRANDE,-46.471666666666667,-67.498333333333333,2026-02-06 00:56:00,130,0,005,08457,039,27.9,2026-02-05 21:56:00
3,Elec. Naval,0000352,701000531,0,MARCALA I,-38.045333333333333,-57.538833333333333,2026-02-06 00:00:00,135,0,005,08473,154,52.9,2026-02-05 21:00:00
3,Elec. Naval,0000352,701000531,0,MARCALA I,-38.045333333333333,-57.539166666666667,2026-02-06 00:15:00,175,0,005,08473,154,52.9,2026-02-05 21:15:00
3,Elec. Naval,0000352,701000531,0,MARCALA I,-38.045333333333333,-57.539166666666667,2026-02-06 00:30:00,210,0,005,08473,154,52.9,2026-02-05 21:30:00
3,Elec. Naval,0000352,701000531,0,MARCALA I,-38.045333333333333,-57.538833333333333,2026-02-06 00:45:00,140,0,005,08473,154,52.9,2026-02-05 21:45:00
3,Elec. Naval,0000360,701006066,0,MARGOT,-41.977166666666667,-60.454166666666667,2026-02-06 00:10:00,25,2.2,005,08457,008,58.75,2026-02-05 21:10:00
3,Elec. Naval,0000360,701006066,0,MARGOT,-41.972166666666667,-60.448,2026-02-06 00:26:00,40,2.7,005,08457,008,58.75,2026-02-05 21:26:00
3,Elec. Naval,0000360,701006066,0,MARGOT,-41.969166666666667,-60.4455,2026-02-06 00:40:00,45,1.1,005,08457,008,58.75,2026-02-05 21:40:00
3,Elec. Naval,0000360,701006066,0,MARGOT,-41.966166666666667,-60.442833333333333,2026-02-06 00:56:00,290,2.2,005,08457,008,58.75,2026-02-05 21:56:00
3,Elec. Naval,0000362,701000571,0,GOLFO SAN MATIAS,-38.924166666666667,-62.072,2026-02-06 00:12:00,175,0,005,08473,085,24.46,2026-02-05 21:12:00
3,Elec. Naval,0000362,701000571,0,GOLFO SAN MATIAS,-38.924166666666667,-62.072,2026-02-06 00:14:00,290,0,005,08457,156,24.46,2026-02-05 21:14:00
3,Elec. Naval,0000362,701000571,0,GOLFO SAN MATIAS,-38.924166666666667,-62.072,2026-02-06 00:27:00,175,0,005,08473,085,24.46,2026-02-05 21:27:00
3,Elec. Naval,0000362,701000571,0,GOLFO SAN MATIAS,-38.924166666666667,-62.072,2026-02-06 00:29:00,210,0,005,08457,156,24.46,2026-02-05 21:29:00
3,Elec. Naval,0000362,701000571,0,GOLFO SAN MATIAS,-38.924166666666667,-62.072166666666667,2026-02-06 00:42:00,135,0,005,08473,085,24.46,2026-02-05 21:42:00
3,Elec. Naval,0000362,701000571,0,GOLFO SAN MATIAS,-38.924166666666667,-62.072166666666667,2026-02-06 00:44:00,325,0,005,08457,156,24.46,2026-02-05 21:44:00
3,Elec. Naval,0000362,701000571,0,GOLFO SAN MATIAS,-38.924166666666667,-62.072,2026-02-06 00:57:00,185,0,005,08473,085,24.46,2026-02-05 21:57:00
3,Elec. Naval,0000362,701000571,0,GOLFO SAN MATIAS,-38.924166666666667,-62.072,2026-02-06 00:59:00,325,0,005,08457,156,24.46,2026-02-05 21:59:00
3,Elec. Naval,0000369,701000825,0,VIRGEN MARIA INMACULADA,-44.161666666666667,-60.172833333333333,2026-02-06 00:09:00,225,8.1,005,08466,231,28.1,2026-02-05 21:09:00
3,Elec. Naval,0000369,701000825,0,VIRGEN MARIA INMACULADA,-44.1775,-60.197,2026-02-06 00:24:00,220,3.2,005,08466,231,28.1,2026-02-05 21:24:00
3,Elec. Naval,0000369,701000825,0,VIRGEN MARIA INMACULADA,-44.193,-60.22,2026-02-06 00:39:00,220,7.6,005,08466,231,28.1,2026-02-05 21:39:00
3,Elec. Naval,0000369,701000825,0,VIRGEN MARIA INMACULADA,-44.209166666666667,-60.2445,2026-02-06 00:54:00,230,0.5,005,08466,231,28.1,2026-02-05 21:54:00
3,Elec. Naval,0000377,701000511,0,UR ERTZA,-38.046166666666667,-57.536166666666667,2026-02-06 00:06:00,165,0,005,08457,047,51,2026-02-05 21:06:00
3,Elec. Naval,0000377,701000511,0,UR ERTZA,-38.046166666666667,-57.536166666666667,2026-02-06 00:21:00,165,0,005,08457,047,51,2026-02-05 21:21:00
3,Elec. Naval,0000377,701000511,0,UR ERTZA,-38.046166666666667,-57.536166666666667,2026-02-06 00:36:00,165,0,005,08457,047,51,2026-02-05 21:36:00
3,Elec. Naval,0000377,701000511,0,UR ERTZA,-38.046166666666667,-57.536166666666667,2026-02-06 00:51:00,215,0,005,08457,047,51,2026-02-05 21:51:00
3,Elec. Naval,0000378,701006037,0,MELLINO VI,-38.045,-57.537166666666667,2026-02-06 00:00:00,185,0,005,08457,004,64.87,2026-02-05 21:00:00
3,Elec. Naval,0000378,701006037,0,MELLINO VI,-38.045,-57.537166666666667,2026-02-06 00:11:00,15,0,005,08457,183,64.87,2026-02-05 21:11:00
3,Elec. Naval,0000378,701006037,0,MELLINO VI,-38.045,-57.537166666666667,2026-02-06 00:15:00,150,0,005,08457,004,64.87,2026-02-05 21:15:00
3,Elec. Naval,0000378,701006037,0,MELLINO VI,-38.045,-57.537166666666667,2026-02-06 00:26:00,15,0,005,08457,183,64.87,2026-02-05 21:26:00
3,Elec. Naval,0000378,701006037,0,MELLINO VI,-38.045,-57.537166666666667,2026-02-06 00:30:00,150,0,005,08457,004,64.87,2026-02-05 21:30:00
3,Elec. Naval,0000378,701006037,0,MELLINO VI,-38.045,-57.537166666666667,2026-02-06 00:41:00,15,0,005,08457,183,64.87,2026-02-05 21:41:00
3,Elec. Naval,0000378,701006037,0,MELLINO VI,-38.045,-57.537166666666667,2026-02-06 00:45:00,150,0,005,08457,004,64.87,2026-02-05 21:45:00
3,Elec. Naval,0000378,701006037,0,MELLINO VI,-38.045,-57.537166666666667,2026-02-06 00:56:00,15,0,005,08457,183,64.87,2026-02-05 21:56:00
1,Sitrack,0000392,701000564,0,HUA I 616,-47.57910919189453,-63.378379821777344,2026-02-06 00:10:24,216,0.378,,,,59.8,2026-02-05 21:10:24
3,Elec. Naval,0000401,701000524,0,AMERICA I,-36.293,-55.828833333333333,2026-02-06 00:07:00,320,3.2,005,08457,180,23.09,2026-02-05 21:07:00
3,Elec. Naval,0000401,701000524,0,AMERICA I,-36.2925,-55.83,2026-02-06 00:08:00,315,3.2,005,08473,176,23.09,2026-02-05 21:08:00
3,Elec. Naval,0000401,701000524,0,AMERICA I,-36.282,-55.843666666666667,2026-02-06 00:22:00,300,3.8,005,08457,180,23.09,2026-02-05 21:22:00
3,Elec. Naval,0000401,701000524,0,AMERICA I,-36.281333333333333,-55.845,2026-02-06 00:23:00,300,4.3,005,08473,176,23.09,2026-02-05 21:23:00
3,Elec. Naval,0000401,701000524,0,AMERICA I,-36.276666666666667,-55.861333333333333,2026-02-06 00:37:00,265,3.2,005,08457,180,23.09,2026-02-05 21:37:00
3,Elec. Naval,0000401,701000524,0,AMERICA I,-36.276333333333333,-55.862833333333333,2026-02-06 00:38:00,270,2.7,005,08473,176,23.09,2026-02-05 21:38:00
3,Elec. Naval,0000401,701000524,0,AMERICA I,-36.277166666666667,-55.8795,2026-02-06 00:52:00,255,3.8,005,08457,180,23.09,2026-02-05 21:52:00
3,Elec. Naval,0000401,701000524,0,AMERICA I,-36.2775,-55.8805,2026-02-06 00:53:00,250,3.8,005,08473,176,23.09,2026-02-05 21:53:00
3,Elec. Naval,0000403,701006071,0,XEITOSIÑO,-38.0455,-57.540333333333333,2026-02-06 00:07:00,170,0,005,08473,106,51.72,2026-02-05 21:07:00
3,Elec. Naval,0000403,701006071,0,XEITOSIÑO,-38.0455,-57.540333333333333,2026-02-06 00:22:00,170,0,005,08473,106,51.72,2026-02-05 21:22:00
3,Elec. Naval,0000403,701006071,0,XEITOSIÑO,-38.0455,-57.540333333333333,2026-02-06 00:37:00,170,0,005,08473,106,51.72,2026-02-05 21:37:00
3,Elec. Naval,0000403,701006071,0,XEITOSIÑO,-38.0455,-57.540333333333333,2026-02-06 00:52:00,170,0,005,08473,106,51.72,2026-02-05 21:52:00
3,Elec. Naval,0000406,701000533,0,JUPITER II,-38.048833333333333,-57.537166666666667,2026-02-06 00:07:00,15,0,005,08466,039,27.9,2026-02-05 21:07:00
3,Elec. Naval,0000406,701000533,0,JUPITER II,-38.048833333333333,-57.537166666666667,2026-02-06 00:22:00,15,0,005,08466,039,27.9,2026-02-05 21:22:00
3,Elec. Naval,0000406,701000533,0,JUPITER II,-38.048833333333333,-57.537166666666667,2026-02-06 00:37:00,15,0,005,08466,039,27.9,2026-02-05 21:37:00
3,Elec. Naval,0000406,701000533,0,JUPITER II,-38.048833333333333,-57.537166666666667,2026-02-06 00:52:00,15,0,005,08466,039,27.9,2026-02-05 21:52:00
3,Elec. Naval,0000407,701000801,0,CANAL DE BEAGLE,-41.803333333333333,-58.9725,2026-02-06 00:00:00,185,3.8,005,08457,071,23.9,2026-02-05 21:00:00
3,Elec. Naval,0000407,701000801,0,CANAL DE BEAGLE,-41.808833333333333,-58.973333333333333,2026-02-06 00:07:00,185,0.5,005,08473,229,23.9,2026-02-05 21:07:00
3,Elec. Naval,0000407,701000801,0,CANAL DE BEAGLE,-41.815833333333333,-58.974666666666667,2026-02-06 00:15:00,200,5.4,005,08457,071,23.9,2026-02-05 21:15:00
3,Elec. Naval,0000407,701000801,0,CANAL DE BEAGLE,-41.821166666666667,-58.9755,2026-02-06 00:22:00,170,3.8,005,08473,229,23.9,2026-02-05 21:22:00
3,Elec. Naval,0000407,701000801,0,CANAL DE BEAGLE,-41.828,-58.976666666666667,2026-02-06 00:30:00,200,2.7,005,08457,071,23.9,2026-02-05 21:30:00
3,Elec. Naval,0000407,701000801,0,CANAL DE BEAGLE,-41.833833333333333,-58.977,2026-02-06 00:37:00,200,2.7,005,08473,229,23.9,2026-02-05 21:37:00
3,Elec. Naval,0000407,701000801,0,CANAL DE BEAGLE,-41.8405,-58.978,2026-02-06 00:45:00,185,0,005,08457,071,23.9,2026-02-05 21:45:00
3,Elec. Naval,0000407,701000801,0,CANAL DE BEAGLE,-41.846166666666667,-58.9795,2026-02-06 00:52:00,190,2.2,005,08473,229,23.9,2026-02-05 21:52:00
3,Elec. Naval,0000425,701006065,0,SANTANGELO,-36.286666666666667,-55.831166666666667,2026-02-06 00:13:00,290,3.8,005,08473,241,23.6,2026-02-05 21:13:00
3,Elec. Naval,0000425,701006065,0,SANTANGELO,-36.276666666666667,-55.848666666666667,2026-02-06 00:28:00,275,3.8,005,08473,241,23.6,2026-02-05 21:28:00
3,Elec. Naval,0000425,701006065,0,SANTANGELO,-36.2725,-55.862166666666667,2026-02-06 00:38:00,265,4.3,005,08457,181,23.6,2026-02-05 21:38:00
3,Elec. Naval,0000425,701006065,0,SANTANGELO,-36.272166666666667,-55.868,2026-02-06 00:43:00,280,2.7,005,08473,241,23.6,2026-02-05 21:43:00
3,Elec. Naval,0000425,701006065,0,SANTANGELO,-36.275333333333333,-55.887166666666667,2026-02-06 00:58:00,270,3.2,005,08473,241,23.6,2026-02-05 21:58:00
1,Sitrack,0000479,701006046,0,VENTARRON 1,-47.3173713684082,-62.345951080322266,2026-02-06 00:08:02,244,6.6955,,,,63.07,2026-02-05 21:08:02
1,Sitrack,0000479,701006046,0,VENTARRON 1,-47.32514953613281,-62.37575149536133,2026-02-06 00:23:02,250,5.6695,,,,63.07,2026-02-05 21:23:02
1,Sitrack,0000479,701006046,0,VENTARRON 1,-47.33393096923828,-62.40692901611328,2026-02-06 00:38:02,258,1.6739,,,,63.07,2026-02-05 21:38:02
1,Sitrack,0000479,701006046,0,VENTARRON 1,-47.342071533203125,-62.43537902832031,2026-02-06 00:53:02,234,3.1857,,,,63.07,2026-02-05 21:53:02
4,Navalstar,0000482,701019000,0,CENTAURO 2000,-40.98105,-59.933883333333333,2026-02-06 00:00:00,349,2.3,010,08742,015,35.5,2026-02-05 21:00:00
4,Navalstar,0000482,701019000,0,CENTAURO 2000,-40.996716666666667,-59.961216666666667,2026-02-06 00:15:00,228,8.4,010,08742,014,35.5,2026-02-05 21:15:00
4,Navalstar,0000482,701019000,0,CENTAURO 2000,-41.021716666666667,-59.998216666666667,2026-02-06 00:30:00,227,10,010,08742,015,35.5,2026-02-05 21:30:00
4,Navalstar,0000482,701019000,0,CENTAURO 2000,-41.021883333333333,-59.99855,2026-02-06 00:30:00,226,7.2,010,08742,014,35.5,2026-02-05 21:30:00
4,Navalstar,0000482,701019000,0,CENTAURO 2000,-41.047383333333333,-60.035883333333333,2026-02-06 00:45:00,223,10.1,010,08742,014,35.5,2026-02-05 21:45:00
3,Elec. Naval,0000483,701000924,0,JUPITER,-38.05,-57.535,2026-02-06 00:04:00,160,0,005,08457,177,24.1,2026-02-05 21:04:00
3,Elec. Naval,0000483,701000924,0,JUPITER,-38.05,-57.535,2026-02-06 00:11:00,280,0,005,08473,215,24.1,2026-02-05 21:11:00
3,Elec. Naval,0000483,701000924,0,JUPITER,-38.05,-57.535,2026-02-06 00:19:00,160,0,005,08457,177,24.1,2026-02-05 21:19:00
3,Elec. Naval,0000483,701000924,0,JUPITER,-38.05,-57.535,2026-02-06 00:26:00,280,0,005,08473,215,24.1,2026-02-05 21:26:00
3,Elec. Naval,0000483,701000924,0,JUPITER,-38.05,-57.535,2026-02-06 00:34:00,160,0,005,08457,177,24.1,2026-02-05 21:34:00
3,Elec. Naval,0000483,701000924,0,JUPITER,-38.05,-57.535,2026-02-06 00:41:00,215,0,005,08473,215,24.1,2026-02-05 21:41:00
3,Elec. Naval,0000483,701000924,0,JUPITER,-38.05,-57.535,2026-02-06 00:49:00,190,0,005,08457,177,24.1,2026-02-05 21:49:00
3,Elec. Naval,0000483,701000924,0,JUPITER,-38.05,-57.535,2026-02-06 00:56:00,325,0,005,08473,215,24.1,2026-02-05 21:56:00
1,Sitrack,0000487,701006068,0,MAR DEL CHUBUT,-41.299949645996094,-59.20112991333008,2026-02-06 00:13:41,240,9.5572,,,,28.2,2026-02-05 21:13:41
1,Sitrack,0000487,701006068,0,MAR DEL CHUBUT,-41.322349548339844,-59.243011474609375,2026-02-06 00:28:41,234,12.149,,,,28.2,2026-02-05 21:28:41
1,Sitrack,0000487,701006068,0,MAR DEL CHUBUT,-41.34490966796875,-59.284698486328125,2026-02-06 00:43:42,236,9.4492,,,,28.2,2026-02-05 21:43:42
1,Sitrack,0000487,701006068,0,MAR DEL CHUBUT,-41.36814880371094,-59.32627868652344,2026-02-06 00:58:42,224,9.6652,,,,28.2,2026-02-05 21:58:42
3,Elec. Naval,0000495,701061000,0,FRANCA,-40.725333333333333,-64.933833333333333,2026-02-06 00:06:00,225,0,005,08466,050,27.29,2026-02-05 21:06:00
3,Elec. Naval,0000495,701061000,0,FRANCA,-40.725333333333333,-64.933833333333333,2026-02-06 00:21:00,225,0,005,08466,050,27.29,2026-02-05 21:21:00
3,Elec. Naval,0000495,701061000,0,FRANCA,-40.725333333333333,-64.933833333333333,2026-02-06 00:36:00,225,0,005,08466,050,27.29,2026-02-05 21:36:00
3,Elec. Naval,0000495,701061000,0,FRANCA,-40.725333333333333,-64.933833333333333,2026-02-06 00:51:00,135,0,005,08466,050,27.29,2026-02-05 21:51:00
1,Sitrack,0000512,701000701,0,DOÑA ALFIA,-43.34077835083008,-65.0577392578125,2026-02-06 00:14:04,116,0.054,,,,20.7,2026-02-05 21:14:04
1,Sitrack,0000512,701000701,0,DOÑA ALFIA,-43.34077835083008,-65.05773162841797,2026-02-06 00:29:04,116,0.054,,,,20.7,2026-02-05 21:29:04
1,Sitrack,0000512,701000701,0,DOÑA ALFIA,-43.34075927734375,-65.0577392578125,2026-02-06 00:44:04,6,0.054,,,,20.7,2026-02-05 21:44:04
1,Sitrack,0000512,701000701,0,DOÑA ALFIA,-43.34077835083008,-65.0577392578125,2026-02-06 00:59:04,11,0,,,,20.7,2026-02-05 21:59:04
3,Elec. Naval,0000527,701000815,0,CIUDAD DE DIAMANTE,-38.0495,-57.535833333333333,2026-02-06 00:40:00,215,0,005,08457,208,17.45,2026-02-05 21:40:00
3,Elec. Naval,0000528,701000664,0,NUEVO RUMBO,-38.049666666666667,-57.535,2026-02-06 00:48:00,340,0,005,08457,200,17.94,2026-02-05 21:48:00
3,Elec. Naval,0000529,701000850,0,FEIXA,-38.046333333333333,-57.532,2026-02-06 00:06:00,155,0,005,08466,076,41.5,2026-02-05 21:06:00
3,Elec. Naval,0000529,701000850,0,FEIXA,-38.046333333333333,-57.532,2026-02-06 00:21:00,155,0,005,08466,076,41.5,2026-02-05 21:21:00
3,Elec. Naval,0000529,701000850,0,FEIXA,-38.046333333333333,-57.532,2026-02-06 00:36:00,155,0,005,08466,076,41.5,2026-02-05 21:36:00
3,Elec. Naval,0000529,701000850,0,FEIXA,-38.046333333333333,-57.532,2026-02-06 00:51:00,5,0,005,08466,076,41.5,2026-02-05 21:51:00
3,Elec. Naval,0000539,701000822,0,DON VICENTE VUOSO,-43.557833333333333,-65.028833333333333,2026-02-06 00:11:00,180,1.6,005,08473,203,20.69,2026-02-05 21:11:00
3,Elec. Naval,0000539,701000822,0,DON VICENTE VUOSO,-43.5695,-65.0255,2026-02-06 00:26:00,165,3.8,005,08473,203,20.69,2026-02-05 21:26:00
3,Elec. Naval,0000539,701000822,0,DON VICENTE VUOSO,-43.5795,-65.023,2026-02-06 00:41:00,25,0,005,08473,203,20.69,2026-02-05 21:41:00
3,Elec. Naval,0000539,701000822,0,DON VICENTE VUOSO,-43.578,-65.024166666666667,2026-02-06 00:56:00,15,0.5,005,08473,203,20.69,2026-02-05 21:56:00
3,Elec. Naval,0000540,701007039,0,ARRUFO,-43.301666666666667,-60.283833333333333,2026-02-06 00:05:00,195,4.3,005,08457,013,39.16,2026-02-05 21:05:00
3,Elec. Naval,0000540,701007039,0,ARRUFO,-43.331333333333333,-60.3005,2026-02-06 00:20:00,195,7,005,08457,013,39.16,2026-02-05 21:20:00
3,Elec. Naval,0000540,701007039,0,ARRUFO,-43.3605,-60.317,2026-02-06 00:35:00,190,8.1,005,08457,013,39.16,2026-02-05 21:35:00
3,Elec. Naval,0000540,701007039,0,ARRUFO,-43.390833333333333,-60.333666666666667,2026-02-06 00:50:00,185,9.7,005,08457,013,39.16,2026-02-05 21:50:00
3,Elec. Naval,0000541,701000849,0,VIRGEN MARIA,-41.438,-58.365333333333333,2026-02-06 00:10:00,15,10.8,005,08466,207,56.65,2026-02-05 21:10:00
3,Elec. Naval,0000541,701000849,0,VIRGEN MARIA,-41.390833333333333,-58.354666666666667,2026-02-06 00:25:00,5,11.3,005,08466,207,56.65,2026-02-05 21:25:00
3,Elec. Naval,0000541,701000849,0,VIRGEN MARIA,-41.3445,-58.343833333333333,2026-02-06 00:40:00,10,11.9,005,08466,207,56.65,2026-02-05 21:40:00
3,Elec. Naval,0000541,701000849,0,VIRGEN MARIA,-41.298,-58.333666666666667,2026-02-06 00:55:00,10,11.9,005,08466,207,56.65,2026-02-05 21:55:00
3,Elec. Naval,0000542,701000732,0,NAVEGANTES,-38.046666666666667,-57.535333333333333,2026-02-06 00:00:00,315,0,005,08473,069,58,2026-02-05 21:00:00
3,Elec. Naval,0000542,701000732,0,NAVEGANTES,-38.046666666666667,-57.535333333333333,2026-02-06 00:15:00,315,0,005,08473,069,58,2026-02-05 21:15:00
3,Elec. Naval,0000542,701000732,0,NAVEGANTES,-38.046666666666667,-57.535333333333333,2026-02-06 00:30:00,315,0,005,08473,069,58,2026-02-05 21:30:00
3,Elec. Naval,0000542,701000732,0,NAVEGANTES,-38.046666666666667,-57.535333333333333,2026-02-06 00:45:00,315,0,005,08473,069,58,2026-02-05 21:45:00
3,Elec. Naval,0000546,701042000,0,LUCA MARIO,-38.047166666666667,-57.535833333333333,2026-02-06 00:04:00,205,0,005,08473,013,79.14,2026-02-05 21:04:00
3,Elec. Naval,0000546,701042000,0,LUCA MARIO,-38.047166666666667,-57.535833333333333,2026-02-06 00:19:00,205,0,005,08473,013,79.14,2026-02-05 21:19:00
3,Elec. Naval,0000546,701042000,0,LUCA MARIO,-38.047166666666667,-57.535833333333333,2026-02-06 00:34:00,205,0,005,08473,013,79.14,2026-02-05 21:34:00
3,Elec. Naval,0000546,701042000,0,LUCA MARIO,-38.047166666666667,-57.535833333333333,2026-02-06 00:49:00,205,0,005,08473,013,79.14,2026-02-05 21:49:00
3,Elec. Naval,0000554,701000816,0,HUAFENG 815,-40.926166666666667,-64.511666666666667,2026-02-06 00:06:00,340,1.1,005,08466,120,25.28,2026-02-05 21:06:00
3,Elec. Naval,0000554,701000816,0,HUAFENG 815,-40.924666666666667,-64.517,2026-02-06 00:21:00,290,0,005,08466,120,25.28,2026-02-05 21:21:00
3,Elec. Naval,0000554,701000816,0,HUAFENG 815,-40.923,-64.5225,2026-02-06 00:36:00,290,1.1,005,08466,120,25.28,2026-02-05 21:36:00
3,Elec. Naval,0000554,701000816,0,HUAFENG 815,-40.921666666666667,-64.528333333333333,2026-02-06 00:51:00,295,1.1,005,08466,120,25.28,2026-02-05 21:51:00
3,Elec. Naval,0000556,701000869,0,VICTORIA II,-46.663333333333333,-66.214166666666667,2026-02-06 00:01:00,285,1.1,005,08466,166,27.4,2026-02-05 21:01:00
3,Elec. Naval,0000556,701000869,0,VICTORIA II,-46.663,-66.201666666666667,2026-02-06 00:11:00,95,5.9,005,08473,149,27.4,2026-02-05 21:11:00
3,Elec. Naval,0000556,701000869,0,VICTORIA II,-46.663666666666667,-66.188666666666667,2026-02-06 00:16:00,85,5.9,005,08466,166,27.4,2026-02-05 21:16:00
3,Elec. Naval,0000556,701000869,0,VICTORIA II,-46.664666666666667,-66.163666666666667,2026-02-06 00:26:00,105,7,005,08473,149,27.4,2026-02-05 21:26:00
3,Elec. Naval,0000556,701000869,0,VICTORIA II,-46.665833333333333,-66.1475,2026-02-06 00:31:00,95,8.6,005,08466,166,27.4,2026-02-05 21:31:00
3,Elec. Naval,0000556,701000869,0,VICTORIA II,-46.667,-66.128833333333333,2026-02-06 00:41:00,95,1.1,005,08473,149,27.4,2026-02-05 21:41:00
3,Elec. Naval,0000556,701000869,0,VICTORIA II,-46.667166666666667,-66.127166666666667,2026-02-06 00:46:00,95,0.5,005,08466,166,27.4,2026-02-05 21:46:00
3,Elec. Naval,0000556,701000869,0,VICTORIA II,-46.6675,-66.125333333333333,2026-02-06 00:56:00,95,0,005,08473,149,27.4,2026-02-05 21:56:00
3,Elec. Naval,0000557,701000819,0,PAOLA S,-41.98,-60.256166666666667,2026-02-06 00:01:00,205,4.9,005,08457,055,28.25,2026-02-05 21:01:00
3,Elec. Naval,0000557,701000819,0,PAOLA S,-41.982,-60.257833333333333,2026-02-06 00:02:00,200,7.6,005,08457,053,28.25,2026-02-05 21:02:00
3,Elec. Naval,0000557,701000819,0,PAOLA S,-42.000833333333333,-60.2725,2026-02-06 00:16:00,210,6.5,005,08457,055,28.25,2026-02-05 21:16:00
3,Elec. Naval,0000557,701000819,0,PAOLA S,-42.0025,-60.273833333333333,2026-02-06 00:17:00,210,3.8,005,08457,053,28.25,2026-02-05 21:17:00
3,Elec. Naval,0000557,701000819,0,PAOLA S,-42.022166666666667,-60.289666666666667,2026-02-06 00:31:00,210,4.9,005,08457,055,28.25,2026-02-05 21:31:00
3,Elec. Naval,0000557,701000819,0,PAOLA S,-42.024166666666667,-60.291333333333333,2026-02-06 00:32:00,215,7.6,005,08457,053,28.25,2026-02-05 21:32:00
3,Elec. Naval,0000557,701000819,0,PAOLA S,-42.045,-60.308333333333333,2026-02-06 00:46:00,210,5.9,005,08457,055,28.25,2026-02-05 21:46:00
3,Elec. Naval,0000557,701000819,0,PAOLA S,-42.047,-60.309666666666667,2026-02-06 00:47:00,210,3.2,005,08457,053,28.25,2026-02-05 21:47:00
3,Elec. Naval,0000569,701000755,0,SAN ANDRES APOSTOL,-41.303666666666667,-60.037166666666667,2026-02-06 00:02:00,195,5.4,005,08466,228,54.56,2026-02-05 21:02:00
3,Elec. Naval,0000569,701000755,0,SAN ANDRES APOSTOL,-41.327166666666667,-60.051666666666667,2026-02-06 00:17:00,200,5.4,005,08466,228,54.56,2026-02-05 21:17:00
3,Elec. Naval,0000569,701000755,0,SAN ANDRES APOSTOL,-41.3505,-60.066333333333333,2026-02-06 00:32:00,205,5.4,005,08466,228,54.56,2026-02-05 21:32:00
3,Elec. Naval,0000569,701000755,0,SAN ANDRES APOSTOL,-41.3745,-60.082,2026-02-06 00:47:00,210,5.9,005,08466,228,54.56,2026-02-05 21:47:00
3,Elec. Naval,0000570,701074000,0,HUAFENG 817,-46.640833333333333,-66.186666666666667,2026-02-06 00:11:00,280,8.6,005,08473,072,22.3,2026-02-05 21:11:00
3,Elec. Naval,0000570,701074000,0,HUAFENG 817,-46.633666666666667,-66.238833333333333,2026-02-06 00:26:00,275,8.1,005,08473,072,22.3,2026-02-05 21:26:00
3,Elec. Naval,0000570,701074000,0,HUAFENG 817,-46.627,-66.291333333333333,2026-02-06 00:41:00,280,8.6,005,08473,072,22.3,2026-02-05 21:41:00
3,Elec. Naval,0000570,701074000,0,HUAFENG 817,-46.62,-66.343333333333333,2026-02-06 00:56:00,280,8.6,005,08473,072,22.3,2026-02-05 21:56:00
3,Elec. Naval,0000579,701000794,0,DON CAYETANO,-41.273833333333333,-60.0655,2026-02-06 00:00:00,15,1.1,005,08466,212,44.1,2026-02-05 21:00:00
3,Elec. Naval,0000579,701000794,0,DON CAYETANO,-41.2725,-60.0725,2026-02-06 00:15:00,190,3.8,005,08466,212,44.1,2026-02-05 21:15:00
3,Elec. Naval,0000579,701000794,0,DON CAYETANO,-41.2905,-60.079666666666667,2026-02-06 00:30:00,195,4.9,005,08466,212,44.1,2026-02-05 21:30:00
3,Elec. Naval,0000579,701000794,0,DON CAYETANO,-41.309666666666667,-60.0875,2026-02-06 00:45:00,195,4.3,005,08466,212,44.1,2026-02-05 21:45:00
3,Elec. Naval,0000607,701000719,0,7 DE DICIEMBRE,-44.295333333333333,-61.428666666666667,2026-02-06 00:13:00,25,2.7,005,08466,192,27.2,2026-02-05 21:13:00
3,Elec. Naval,0000607,701000719,0,7 DE DICIEMBRE,-44.295333333333333,-61.428666666666667,2026-02-06 00:28:00,195,1.6,005,08466,192,27.2,2026-02-05 21:28:00
3,Elec. Naval,0000607,701000719,0,7 DE DICIEMBRE,-44.2995,-61.435833333333333,2026-02-06 00:43:00,170,1.6,005,08466,192,27.2,2026-02-05 21:43:00
3,Elec. Naval,0000607,701000719,0,7 DE DICIEMBRE,-44.308333333333333,-61.436166666666667,2026-02-06 00:58:00,180,1.6,005,08466,192,27.2,2026-02-05 21:58:00
3,Elec. Naval,0000645,701000820,0,CORAJE,-38.047,-57.531333333333333,2026-02-06 00:00:00,290,0,005,08473,188,28.28,2026-02-05 21:00:00
3,Elec. Naval,0000645,701000820,0,CORAJE,-38.047,-57.531333333333333,2026-02-06 00:15:00,175,0,005,08473,188,28.28,2026-02-05 21:15:00
3,Elec. Naval,0000645,701000820,0,CORAJE,-38.047,-57.531333333333333,2026-02-06 00:30:00,75,0,005,08473,188,28.28,2026-02-05 21:30:00
3,Elec. Naval,0000645,701000820,0,CORAJE,-38.047,-57.531333333333333,2026-02-06 00:45:00,75,0,005,08473,188,28.28,2026-02-05 21:45:00
1,Sitrack,0000665,701006005,0,BAHIA DESVELOS,-38.89421081542969,-62.09955978393555,2026-02-06 00:11:31,350,0,,,,37.05,2026-02-05 21:11:31
1,Sitrack,0000665,701006005,0,BAHIA DESVELOS,-38.89419937133789,-62.09955978393555,2026-02-06 00:26:32,350,0,,,,37.05,2026-02-05 21:26:32
1,Sitrack,0000665,701006005,0,BAHIA DESVELOS,-38.89419937133789,-62.09955978393555,2026-02-06 00:41:32,350,0,,,,37.05,2026-02-05 21:41:32
1,Sitrack,0000665,701006005,0,BAHIA DESVELOS,-38.894161224365234,-62.09954833984375,2026-02-06 00:56:32,1,0,,,,37.05,2026-02-05 21:56:32
1,Sitrack,0000666,701000515,0,MIERCOLES SANTO,-47.754249572753906,-65.9124526977539,2026-02-06 00:01:34,96,0,,,,38.5,2026-02-05 21:01:34
1,Sitrack,0000666,701000515,0,MIERCOLES SANTO,-47.75421142578125,-65.91246032714844,2026-02-06 00:16:34,40,0,,,,38.5,2026-02-05 21:16:34
1,Sitrack,0000666,701000515,0,MIERCOLES SANTO,-47.75428009033203,-65.91242980957031,2026-02-06 00:31:34,148,0,,,,38.5,2026-02-05 21:31:34
1,Sitrack,0000666,701000515,0,MIERCOLES SANTO,-47.75436019897461,-65.91255950927734,2026-02-06 00:38:24,152,0,,,,38.5,2026-02-05 21:38:24
1,Sitrack,0000666,701000515,0,MIERCOLES SANTO,-47.7542610168457,-65.9124526977539,2026-02-06 00:46:34,148,0.054,,,,38.5,2026-02-05 21:46:34
1,Sitrack,0000667,701000516,0,JUEVES SANTO,-47.7540283203125,-65.9124984741211,2026-02-06 00:07:21,30,0,,,,39.5,2026-02-05 21:07:21
1,Sitrack,0000667,701000516,0,JUEVES SANTO,-47.754051208496094,-65.9124984741211,2026-02-06 00:22:21,30,0,,,,39.5,2026-02-05 21:22:21
1,Sitrack,0000667,701000516,0,JUEVES SANTO,-47.754051208496094,-65.91248321533203,2026-02-06 00:37:21,30,0,,,,39.5,2026-02-05 21:37:21
1,Sitrack,0000667,701000516,0,JUEVES SANTO,-47.754058837890625,-65.9124984741211,2026-02-06 00:52:21,30,0,,,,39.5,2026-02-05 21:52:21
3,Elec. Naval,0000668,701006001,0,VIERNES SANTO,-46.465,-67.446166666666667,2026-02-06 00:08:00,265,9.7,005,08457,135,29.36,2026-02-05 21:08:00
3,Elec. Naval,0000668,701006001,0,VIERNES SANTO,-46.471666666666667,-67.494166666666667,2026-02-06 00:23:00,255,2.7,005,08457,135,29.36,2026-02-05 21:23:00
3,Elec. Naval,0000668,701006001,0,VIERNES SANTO,-46.471333333333333,-67.497,2026-02-06 00:38:00,290,0,005,08457,135,29.36,2026-02-05 21:38:00
3,Elec. Naval,0000668,701006001,0,VIERNES SANTO,-46.471333333333333,-67.497,2026-02-06 00:53:00,135,0,005,08457,135,29.36,2026-02-05 21:53:00
1,Sitrack,0000699,0,0,SIEMPRE VIRGENES DE LOURDES,-36.397701263427734,-56.94525146484375,2026-02-06 00:56:53,256,0,,,,16,2026-02-05 21:56:53
4,Navalstar,0000747,701007029,0,PENSACOLA I,-46.47155,-67.498216666666667,2026-02-06 00:00:00,0,0,010,08625,115,25.5,2026-02-05 21:00:00
4,Navalstar,0000747,701007029,0,PENSACOLA I,-46.47155,-67.498216666666667,2026-02-06 00:15:00,0,0.1,010,08625,115,25.5,2026-02-05 21:15:00
4,Navalstar,0000747,701007029,0,PENSACOLA I,-46.47155,-67.498216666666667,2026-02-06 00:30:00,0,0,010,08625,115,25.5,2026-02-05 21:30:00
4,Navalstar,0000747,701007029,0,PENSACOLA I,-46.47155,-67.498216666666667,2026-02-06 00:45:00,0,0.1,010,08625,115,25.5,2026-02-05 21:45:00
3,Elec. Naval,0000752,701000513,0,LEKHAN I,-38.0505,-57.536166666666667,2026-02-06 00:32:00,0,0,005,08473,114,18.45,2026-02-05 21:32:00
1,Sitrack,0000756,701000772,0,PUENTE CHICO,-38.89453125,-62.10160827636719,2026-02-06 00:12:30,314,0,,,,37,2026-02-05 21:12:30
1,Sitrack,0000756,701000772,0,PUENTE CHICO,-38.894508361816406,-62.10163116455078,2026-02-06 00:27:30,314,0,,,,37,2026-02-05 21:27:30
1,Sitrack,0000756,701000772,0,PUENTE CHICO,-38.894508361816406,-62.10163116455078,2026-02-06 00:42:30,314,0,,,,37,2026-02-05 21:42:30
1,Sitrack,0000756,701000772,0,PUENTE CHICO,-38.894508361816406,-62.10160827636719,2026-02-06 00:57:30,64,0,,,,37,2026-02-05 21:57:30
1,Sitrack,0000767,0,0,COMANDANTE LUIS PIEDRABUENA,-41.16170883178711,-59.65755081176758,2026-02-06 00:06:53,48,9.0713,,,,25,2026-02-05 21:06:53
1,Sitrack,0000767,0,0,COMANDANTE LUIS PIEDRABUENA,-41.12813186645508,-59.63275146484375,2026-02-06 00:21:53,0,9.7732,,,,25,2026-02-05 21:21:53
1,Sitrack,0000767,0,0,COMANDANTE LUIS PIEDRABUENA,-41.09482955932617,-59.60837936401367,2026-02-06 00:36:53,42,9.6652,,,,25,2026-02-05 21:36:53
1,Sitrack,0000767,0,0,COMANDANTE LUIS PIEDRABUENA,-41.0619010925293,-59.58406066894531,2026-02-06 00:51:53,24,9.5572,,,,25,2026-02-05 21:51:53
3,Elec. Naval,0000777,0,0,SAN ADRIAN,-38.997,-62.186666666666667,2026-02-06 00:02:00,185,5.9,005,08457,247,14.4,2026-02-05 21:02:00
3,Elec. Naval,0000777,0,0,SAN ADRIAN,-39.018,-62.183833333333333,2026-02-06 00:17:00,45,5.4,005,08457,247,14.4,2026-02-05 21:17:00
3,Elec. Naval,0000777,0,0,SAN ADRIAN,-39.027833333333333,-62.160833333333333,2026-02-06 00:32:00,235,5.9,005,08457,247,14.4,2026-02-05 21:32:00
3,Elec. Naval,0000777,0,0,SAN ADRIAN,-39.0495,-62.163333333333333,2026-02-06 00:47:00,225,6.5,005,08457,247,14.4,2026-02-05 21:47:00
3,Elec. Naval,0000790,701000717,0,COALSA SEGUNDO,-47.5795,-62.7975,2026-02-06 00:02:00,210,2.2,005,08473,081,76.2,2026-02-05 21:02:00
3,Elec. Naval,0000790,701000717,0,COALSA SEGUNDO,-47.583833333333333,-62.8025,2026-02-06 00:10:00,200,2.7,005,08473,165,76.2,2026-02-05 21:10:00
3,Elec. Naval,0000790,701000717,0,COALSA SEGUNDO,-47.588333333333333,-62.806666666666667,2026-02-06 00:17:00,205,2.7,005,08473,081,76.2,2026-02-05 21:17:00
3,Elec. Naval,0000790,701000717,0,COALSA SEGUNDO,-47.592833333333333,-62.811166666666667,2026-02-06 00:25:00,215,2.7,005,08473,165,76.2,2026-02-05 21:25:00
3,Elec. Naval,0000790,701000717,0,COALSA SEGUNDO,-47.597833333333333,-62.8155,2026-02-06 00:32:00,210,3.8,005,08473,081,76.2,2026-02-05 21:32:00
3,Elec. Naval,0000790,701000717,0,COALSA SEGUNDO,-47.6025,-62.819666666666667,2026-02-06 00:40:00,195,1.1,005,08473,165,76.2,2026-02-05 21:40:00
3,Elec. Naval,0000790,701000717,0,COALSA SEGUNDO,-47.6075,-62.823,2026-02-06 00:47:00,205,3.2,005,08473,081,76.2,2026-02-05 21:47:00
3,Elec. Naval,0000790,701000717,0,COALSA SEGUNDO,-47.612166666666667,-62.824666666666667,2026-02-06 00:55:00,185,3.2,005,08473,165,76.2,2026-02-05 21:55:00
3,Elec. Naval,0000877,701000665,0,ANTONINO,-38.0495,-57.536166666666667,2026-02-06 00:01:00,35,0,005,08466,211,27.6,2026-02-05 21:01:00
3,Elec. Naval,0000877,701000665,0,ANTONINO,-38.049666666666667,-57.536166666666667,2026-02-06 00:16:00,325,0,005,08466,211,27.6,2026-02-05 21:16:00
3,Elec. Naval,0000877,701000665,0,ANTONINO,-38.0495,-57.536166666666667,2026-02-06 00:31:00,325,0,005,08466,211,27.6,2026-02-05 21:31:00
3,Elec. Naval,0000877,701000665,0,ANTONINO,-38.0495,-57.536166666666667,2026-02-06 00:46:00,325,0,005,08466,211,27.6,2026-02-05 21:46:00
3,Elec. Naval,0000892,701000784,0,DON JOSE,-38.0505,-57.535833333333333,2026-02-06 00:23:00,10,0,005,08457,117,16.49,2026-02-05 21:23:00
3,Elec. Naval,0000893,701038000,0,DON NICOLA,-38.048666666666667,-57.537333333333333,2026-02-06 00:12:00,128,0,005,08473,178,28.14,2026-02-05 21:12:00
3,Elec. Naval,0000893,701038000,0,DON NICOLA,-38.048666666666667,-57.5375,2026-02-06 00:13:00,310,0,005,08466,173,28.14,2026-02-05 21:13:00
3,Elec. Naval,0000893,701038000,0,DON NICOLA,-38.048666666666667,-57.537333333333333,2026-02-06 00:26:00,128,0,005,08473,178,28.14,2026-02-05 21:26:00
3,Elec. Naval,0000893,701038000,0,DON NICOLA,-38.048833333333333,-57.5375,2026-02-06 00:28:00,0,0,005,08466,173,28.14,2026-02-05 21:28:00
3,Elec. Naval,0000893,701038000,0,DON NICOLA,-38.048666666666667,-57.537333333333333,2026-02-06 00:40:00,128,0,005,08473,178,28.14,2026-02-05 21:40:00
3,Elec. Naval,0000893,701038000,0,DON NICOLA,-38.048833333333333,-57.5375,2026-02-06 00:42:00,345,0,005,08466,173,28.14,2026-02-05 21:42:00
3,Elec. Naval,0000893,701038000,0,DON NICOLA,-38.048666666666667,-57.537333333333333,2026-02-06 00:54:00,128,0,005,08473,178,28.14,2026-02-05 21:54:00
3,Elec. Naval,0000893,701038000,0,DON NICOLA,-38.048833333333333,-57.537833333333333,2026-02-06 00:57:00,165,0,005,08466,173,28.14,2026-02-05 21:57:00
3,Elec. Naval,0000894,701000807,0,LEOAN,-38.0505,-57.5355,2026-02-06 00:10:00,145,0,005,08457,193,17.5,2026-02-05 21:10:00
3,Elec. Naval,0000894,701000807,0,LEOAN,-38.0505,-57.5355,2026-02-06 00:18:00,0,0,005,08457,193,17.5,2026-02-05 21:18:00
3,Elec. Naval,0000894,701000807,0,LEOAN,-38.0505,-57.5355,2026-02-06 00:19:00,0,0,005,08457,193,17.5,2026-02-05 21:19:00
3,Elec. Naval,0000894,701000807,0,LEOAN,-38.0505,-57.5355,2026-02-06 00:21:00,0,0,005,08457,193,17.5,2026-02-05 21:21:00
3,Elec. Naval,0000894,701000807,0,LEOAN,-38.0505,-57.5355,2026-02-06 00:22:00,0,0,005,08457,193,17.5,2026-02-05 21:22:00
3,Elec. Naval,0000894,701000807,0,LEOAN,-38.0505,-57.5355,2026-02-06 00:23:00,0,0,005,08457,193,17.5,2026-02-05 21:23:00
3,Elec. Naval,0000894,701000807,0,LEOAN,-38.0505,-57.5355,2026-02-06 00:24:00,0,0,005,08457,193,17.5,2026-02-05 21:24:00
3,Elec. Naval,0000904,701007037,0,GALEMAR,-38.046166666666667,-57.5355,2026-02-06 00:12:00,120,0,005,08457,217,54.4,2026-02-05 21:12:00
3,Elec. Naval,0000904,701007037,0,GALEMAR,-38.046166666666667,-57.5355,2026-02-06 00:27:00,165,0,005,08457,217,54.4,2026-02-05 21:27:00
3,Elec. Naval,0000904,701007037,0,GALEMAR,-38.046166666666667,-57.5355,2026-02-06 00:42:00,165,0,005,08457,217,54.4,2026-02-05 21:42:00
3,Elec. Naval,0000904,701007037,0,GALEMAR,-38.046166666666667,-57.5355,2026-02-06 00:57:00,170,0,005,08457,217,54.4,2026-02-05 21:57:00
3,Elec. Naval,0000910,701000837,0,CIUDAD FELIZ,-40.697166666666667,-59.6705,2026-02-06 00:05:00,230,4.3,005,08473,088,28.56,2026-02-05 21:05:00
3,Elec. Naval,0000910,701000837,0,CIUDAD FELIZ,-40.707166666666667,-59.679666666666667,2026-02-06 00:12:00,220,2.2,005,08473,104,28.56,2026-02-05 21:12:00
3,Elec. Naval,0000910,701000837,0,CIUDAD FELIZ,-40.720833333333333,-59.6925,2026-02-06 00:20:00,210,6.5,005,08473,088,28.56,2026-02-05 21:20:00
3,Elec. Naval,0000910,701000837,0,CIUDAD FELIZ,-40.731166666666667,-59.702166666666667,2026-02-06 00:27:00,210,7,005,08473,104,28.56,2026-02-05 21:27:00
3,Elec. Naval,0000910,701000837,0,CIUDAD FELIZ,-40.7455,-59.715333333333333,2026-02-06 00:35:00,210,7.6,005,08473,088,28.56,2026-02-05 21:35:00
3,Elec. Naval,0000910,701000837,0,CIUDAD FELIZ,-40.756166666666667,-59.7245,2026-02-06 00:42:00,205,8.1,005,08473,104,28.56,2026-02-05 21:42:00
3,Elec. Naval,0000910,701000837,0,CIUDAD FELIZ,-40.7705,-59.737166666666667,2026-02-06 00:50:00,215,5.4,005,08473,088,28.56,2026-02-05 21:50:00
3,Elec. Naval,0000910,701000837,0,CIUDAD FELIZ,-40.781666666666667,-59.747,2026-02-06 00:57:00,220,5.4,005,08473,104,28.56,2026-02-05 21:57:00
3,Elec. Naval,0000926,701006043,0,STELLA MARIS I,-38.046166666666667,-57.538,2026-02-06 00:08:00,340,0,005,08473,105,68.2,2026-02-05 21:08:00
3,Elec. Naval,0000926,701006043,0,STELLA MARIS I,-38.046333333333333,-57.538,2026-02-06 00:09:00,25,0,005,08466,234,68.2,2026-02-05 21:09:00
3,Elec. Naval,0000926,701006043,0,STELLA MARIS I,-38.046166666666667,-57.538,2026-02-06 00:23:00,340,0,005,08473,105,68.2,2026-02-05 21:23:00
3,Elec. Naval,0000926,701006043,0,STELLA MARIS I,-38.046166666666667,-57.538,2026-02-06 00:24:00,25,0,005,08466,234,68.2,2026-02-05 21:24:00
3,Elec. Naval,0000926,701006043,0,STELLA MARIS I,-38.046166666666667,-57.538,2026-02-06 00:38:00,65,0,005,08473,105,68.2,2026-02-05 21:38:00
3,Elec. Naval,0000926,701006043,0,STELLA MARIS I,-38.046166666666667,-57.538,2026-02-06 00:39:00,25,0,005,08466,234,68.2,2026-02-05 21:39:00
3,Elec. Naval,0000926,701006043,0,STELLA MARIS I,-38.046166666666667,-57.538,2026-02-06 00:53:00,65,0,005,08473,105,68.2,2026-02-05 21:53:00
3,Elec. Naval,0000926,701006043,0,STELLA MARIS I,-38.046166666666667,-57.538,2026-02-06 00:54:00,85,0,005,08466,234,68.2,2026-02-05 21:54:00
3,Elec. Naval,0000927,701000786,0,ITXAS LUR,-38.046333333333333,-57.5395,2026-02-06 00:14:00,185,0,005,08466,220,63.3,2026-02-05 21:14:00
3,Elec. Naval,0000927,701000786,0,ITXAS LUR,-38.046333333333333,-57.5395,2026-02-06 00:29:00,55,0,005,08466,220,63.3,2026-02-05 21:29:00
3,Elec. Naval,0000927,701000786,0,ITXAS LUR,-38.046333333333333,-57.5395,2026-02-06 00:44:00,55,0,005,08466,220,63.3,2026-02-05 21:44:00
3,Elec. Naval,0000927,701000786,0,ITXAS LUR,-38.046333333333333,-57.5395,2026-02-06 00:59:00,55,0,005,08466,220,63.3,2026-02-05 21:59:00
3,Elec. Naval,0000964,701006222,0,MAMA ROSA,-38.050833333333333,-57.5375,2026-02-06 00:01:00,25,0,005,08457,227,16.15,2026-02-05 21:01:00
3,Elec. Naval,0000968,701000727,0,DON AGUSTIN,-45.4745,-66.986666666666667,2026-02-06 00:07:00,235,3.2,005,08457,025,25,2026-02-05 21:07:00
3,Elec. Naval,0000968,701000727,0,DON AGUSTIN,-45.481333333333333,-67.0005,2026-02-06 00:22:00,205,0,005,08457,025,25,2026-02-05 21:22:00
3,Elec. Naval,0000968,701000727,0,DON AGUSTIN,-45.484166666666667,-67.004666666666667,2026-02-06 00:37:00,95,0.5,005,08457,025,25,2026-02-05 21:37:00
3,Elec. Naval,0000968,701000727,0,DON AGUSTIN,-45.483,-67.002,2026-02-06 00:52:00,55,0,005,08457,025,25,2026-02-05 21:52:00
1,Sitrack,0000969,701006026,0,FLORIDA BLANCA,-42.15467834472656,-59.987831115722656,2026-02-06 00:11:07,176,6.1555,,,,27.67,2026-02-05 21:11:07
1,Sitrack,0000969,701006026,0,FLORIDA BLANCA,-42.18981170654297,-59.98588180541992,2026-02-06 00:26:07,192,9.4492,,,,27.67,2026-02-05 21:26:07
1,Sitrack,0000969,701006026,0,FLORIDA BLANCA,-42.2247314453125,-59.98509979248047,2026-02-06 00:41:07,172,8.9633,,,,27.67,2026-02-05 21:41:07
1,Sitrack,0000969,701006026,0,FLORIDA BLANCA,-42.259498596191406,-59.98387145996094,2026-02-06 00:56:07,186,9.2873,,,,27.67,2026-02-05 21:56:07
3,Elec. Naval,0000970,701000623,0,MIURA MARU,-47.423,-64.297833333333333,2026-02-06 00:02:00,285,0,005,08466,201,53.2,2026-02-05 21:02:00
3,Elec. Naval,0000970,701000623,0,MIURA MARU,-47.426666666666667,-64.2995,2026-02-06 00:47:00,210,0,005,08466,143,53.2,2026-02-05 21:47:00
3,Elec. Naval,0000974,701007012,0,SANT ANTONIO,-41.389666666666667,-57.583,2026-02-06 00:09:00,260,2.7,005,08457,038,25.2,2026-02-05 21:09:00
3,Elec. Naval,0000974,701007012,0,SANT ANTONIO,-41.394666666666667,-57.604666666666667,2026-02-06 00:24:00,230,3.8,005,08457,038,25.2,2026-02-05 21:24:00
3,Elec. Naval,0000974,701007012,0,SANT ANTONIO,-41.405833333333333,-57.620333333333333,2026-02-06 00:38:00,225,2.2,005,08457,038,25.2,2026-02-05 21:38:00
3,Elec. Naval,0000974,701007012,0,SANT ANTONIO,-41.417833333333333,-57.632833333333333,2026-02-06 00:54:00,210,2.7,005,08457,038,25.2,2026-02-05 21:54:00
3,Elec. Naval,0001001,701000909,0,MARTA S,-38.049666666666667,-57.535,2026-02-06 00:09:00,335,0,005,08473,232,23.9,2026-02-05 21:09:00
3,Elec. Naval,0001001,701000909,0,MARTA S,-38.049666666666667,-57.535,2026-02-06 00:14:00,205,0,005,08473,063,23.9,2026-02-05 21:14:00
3,Elec. Naval,0001001,701000909,0,MARTA S,-38.049666666666667,-57.535,2026-02-06 00:24:00,300,0,005,08473,232,23.9,2026-02-05 21:24:00
3,Elec. Naval,0001001,701000909,0,MARTA S,-38.049666666666667,-57.535,2026-02-06 00:29:00,205,0,005,08473,063,23.9,2026-02-05 21:29:00
3,Elec. Naval,0001001,701000909,0,MARTA S,-38.049666666666667,-57.535,2026-02-06 00:39:00,300,0,005,08473,232,23.9,2026-02-05 21:39:00
3,Elec. Naval,0001001,701000909,0,MARTA S,-38.049666666666667,-57.535,2026-02-06 00:44:00,205,0,005,08473,063,23.9,2026-02-05 21:44:00
3,Elec. Naval,0001001,701000909,0,MARTA S,-38.049666666666667,-57.535,2026-02-06 00:54:00,300,0,005,08473,232,23.9,2026-02-05 21:54:00
3,Elec. Naval,0001001,701000909,0,MARTA S,-38.049666666666667,-57.535,2026-02-06 00:59:00,205,0,005,08473,063,23.9,2026-02-05 21:59:00
3,Elec. Naval,0001014,701006238,0,CARLOS I,-38.050833333333333,-57.537833333333333,2026-02-06 00:36:00,340,0,005,08457,215,17.4,2026-02-05 21:36:00
3,Elec. Naval,0001073,701000759,0,MARBELLA,-44.873666666666667,-61.436333333333333,2026-02-06 00:08:00,15,1.6,005,08466,114,27.38,2026-02-05 21:08:00
1,Sitrack,0001073,701000759,0,MARBELLA,-44.87295150756836,-61.43587875366211,2026-02-06 00:09:36,264,3.2937,,,,27.38,2026-02-05 21:09:36
3,Elec. Naval,0001073,701000759,0,MARBELLA,-44.868,-61.432166666666667,2026-02-06 00:23:00,0,1.6,005,08466,114,27.38,2026-02-05 21:23:00
1,Sitrack,0001073,701000759,0,MARBELLA,-44.867408752441406,-61.431461334228516,2026-02-06 00:24:36,32,0.7559,,,,27.38,2026-02-05 21:24:36
3,Elec. Naval,0001073,701000759,0,MARBELLA,-44.851333333333333,-61.424666666666667,2026-02-06 00:38:00,350,4.3,005,08466,114,27.38,2026-02-05 21:38:00
1,Sitrack,0001073,701000759,0,MARBELLA,-44.8494987487793,-61.42380142211914,2026-02-06 00:39:36,36,5.3996,,,,27.38,2026-02-05 21:39:36
3,Elec. Naval,0001073,701000759,0,MARBELLA,-44.832,-61.42,2026-02-06 00:53:00,5,4.3,005,08466,114,27.38,2026-02-05 21:53:00
1,Sitrack,0001073,701000759,0,MARBELLA,-44.83026123046875,-61.41960906982422,2026-02-06 00:54:36,352,3.7797,,,,27.38,2026-02-05 21:54:36
3,Elec. Naval,0001095,701006084,0,BORRASCA,-46.513666666666667,-61.717166666666667,2026-02-06 00:14:00,215,3.2,005,08457,023,36.12,2026-02-05 21:14:00
3,Elec. Naval,0001095,701006084,0,BORRASCA,-46.532166666666667,-61.725,2026-02-06 00:29:00,190,7.6,005,08457,023,36.12,2026-02-05 21:29:00
3,Elec. Naval,0001095,701006084,0,BORRASCA,-46.551166666666667,-61.7325,2026-02-06 00:44:00,180,5.4,005,08457,023,36.12,2026-02-05 21:44:00
3,Elec. Naval,0001095,701006084,0,BORRASCA,-46.57,-61.7395,2026-02-06 00:59:00,215,2.7,005,08457,023,36.12,2026-02-05 21:59:00
3,Elec. Naval,0001107,701006062,0,MAREJADA,-41.233,-60.25,2026-02-06 00:02:00,220,8.1,005,08473,160,27.98,2026-02-05 21:02:00
3,Elec. Naval,0001107,701006062,0,MAREJADA,-41.238,-60.255,2026-02-06 00:06:00,230,5.4,005,08473,065,27.98,2026-02-05 21:06:00
3,Elec. Naval,0001107,701006062,0,MAREJADA,-41.250833333333333,-60.268666666666667,2026-02-06 00:17:00,210,7.6,005,08473,160,27.98,2026-02-05 21:17:00
3,Elec. Naval,0001107,701006062,0,MAREJADA,-41.256666666666667,-60.274666666666667,2026-02-06 00:21:00,230,4.9,005,08473,065,27.98,2026-02-05 21:21:00
3,Elec. Naval,0001107,701006062,0,MAREJADA,-41.27,-60.288833333333333,2026-02-06 00:32:00,225,7,005,08473,160,27.98,2026-02-05 21:32:00
3,Elec. Naval,0001107,701006062,0,MAREJADA,-41.275333333333333,-60.294666666666667,2026-02-06 00:36:00,225,8.1,005,08473,065,27.98,2026-02-05 21:36:00
3,Elec. Naval,0001107,701006062,0,MAREJADA,-41.2895,-60.308833333333333,2026-02-06 00:47:00,200,6.5,005,08473,160,27.98,2026-02-05 21:47:00
3,Elec. Naval,0001107,701006062,0,MAREJADA,-41.295333333333333,-60.315,2026-02-06 00:51:00,215,3.2,005,08473,065,27.98,2026-02-05 21:51:00
3,Elec. Naval,0001112,701000604,0,MADONNINA DEL MARE,-35.443,-53.896333333333333,2026-02-06 00:13:00,10,3.8,005,08473,248,23.78,2026-02-05 21:13:00
3,Elec. Naval,0001112,701000604,0,MADONNINA DEL MARE,-35.442,-53.895833333333333,2026-02-06 00:14:00,15,3.2,005,08473,098,23.78,2026-02-05 21:14:00
3,Elec. Naval,0001112,701000604,0,MADONNINA DEL MARE,-35.428333333333333,-53.8895,2026-02-06 00:28:00,20,3.8,005,08473,248,23.78,2026-02-05 21:28:00
3,Elec. Naval,0001112,701000604,0,MADONNINA DEL MARE,-35.4275,-53.888833333333333,2026-02-06 00:29:00,25,2.7,005,08473,098,23.78,2026-02-05 21:29:00
3,Elec. Naval,0001112,701000604,0,MADONNINA DEL MARE,-35.413833333333333,-53.8825,2026-02-06 00:43:00,25,3.8,005,08473,248,23.78,2026-02-05 21:43:00
3,Elec. Naval,0001112,701000604,0,MADONNINA DEL MARE,-35.413,-53.882,2026-02-06 00:44:00,20,3.2,005,08473,098,23.78,2026-02-05 21:44:00
3,Elec. Naval,0001112,701000604,0,MADONNINA DEL MARE,-35.399666666666667,-53.875333333333333,2026-02-06 00:58:00,25,3.2,005,08473,248,23.78,2026-02-05 21:58:00
3,Elec. Naval,0001112,701000604,0,MADONNINA DEL MARE,-35.398833333333333,-53.874666666666667,2026-02-06 00:59:00,25,2.7,005,08473,098,23.78,2026-02-05 21:59:00
3,Elec. Naval,0001115,701006220,0,ESTRELLITA,-38.051166666666667,-57.538,2026-02-06 00:28:00,0,0,005,08457,237,15.38,2026-02-05 21:28:00
3,Elec. Naval,0001173,701006083,0,MARIA EUGENIA,-47.224666666666667,-62.628666666666667,2026-02-06 00:06:00,230,1.6,005,08473,052,51.95,2026-02-05 21:06:00
3,Elec. Naval,0001173,701006083,0,MARIA EUGENIA,-47.234166666666667,-62.638333333333333,2026-02-06 00:21:00,225,3.2,005,08473,052,51.95,2026-02-05 21:21:00
3,Elec. Naval,0001173,701006083,0,MARIA EUGENIA,-47.243666666666667,-62.648,2026-02-06 00:36:00,220,1.1,005,08473,052,51.95,2026-02-05 21:36:00
3,Elec. Naval,0001173,701006083,0,MARIA EUGENIA,-47.253333333333333,-62.658,2026-02-06 00:51:00,220,2.7,005,08473,052,51.95,2026-02-05 21:51:00
3,Elec. Naval,0001174,701000645,0,MARIA LILIANA,-38.046,-57.539333333333333,2026-02-06 00:08:00,227,0,005,08473,109,53.74,2026-02-05 21:08:00
3,Elec. Naval,0001174,701000645,0,MARIA LILIANA,-38.046333333333333,-57.5395,2026-02-06 00:09:00,135,0,005,08457,006,53.74,2026-02-05 21:09:00
3,Elec. Naval,0001174,701000645,0,MARIA LILIANA,-38.046,-57.539333333333333,2026-02-06 00:22:00,227,0,005,08473,109,53.74,2026-02-05 21:22:00
3,Elec. Naval,0001174,701000645,0,MARIA LILIANA,-38.046333333333333,-57.5395,2026-02-06 00:24:00,135,0,005,08457,006,53.74,2026-02-05 21:24:00
3,Elec. Naval,0001174,701000645,0,MARIA LILIANA,-38.046,-57.539333333333333,2026-02-06 00:36:00,227,0,005,08473,109,53.74,2026-02-05 21:36:00
3,Elec. Naval,0001174,701000645,0,MARIA LILIANA,-38.046333333333333,-57.5395,2026-02-06 00:39:00,135,0,005,08457,006,53.74,2026-02-05 21:39:00
3,Elec. Naval,0001174,701000645,0,MARIA LILIANA,-38.046,-57.539333333333333,2026-02-06 00:52:00,227,0,005,08473,109,53.74,2026-02-05 21:52:00
3,Elec. Naval,0001174,701000645,0,MARIA LILIANA,-38.046333333333333,-57.5395,2026-02-06 00:54:00,135,0,005,08457,006,53.74,2026-02-05 21:54:00
3,Elec. Naval,0001182,701000737,0,TIFON,-35.522,-55.644166666666667,2026-02-06 00:02:00,260,3.8,005,08457,176,22,2026-02-05 21:02:00
3,Elec. Naval,0001182,701000737,0,TIFON,-35.522166666666667,-55.663333333333333,2026-02-06 00:17:00,280,3.2,005,08457,176,22,2026-02-05 21:17:00
3,Elec. Naval,0001182,701000737,0,TIFON,-35.523,-55.683,2026-02-06 00:32:00,270,3.8,005,08457,176,22,2026-02-05 21:32:00
3,Elec. Naval,0001182,701000737,0,TIFON,-35.5255,-55.702166666666667,2026-02-06 00:47:00,270,3.2,005,08457,176,22,2026-02-05 21:47:00
3,Elec. Naval,0001187,701000716,0,FE EN DIOS,-38.0495,-57.535833333333333,2026-02-06 00:36:00,185,0,005,08457,191,17.31,2026-02-05 21:36:00
3,Elec. Naval,0001219,701000728,0,TOZUDO,-44.875,-61.479666666666667,2026-02-06 00:14:00,260,3.8,005,08466,068,26.74,2026-02-05 21:14:00
3,Elec. Naval,0001219,701000728,0,TOZUDO,-44.865833333333333,-61.472166666666667,2026-02-06 00:29:00,25,5.4,005,08466,068,26.74,2026-02-05 21:29:00
3,Elec. Naval,0001219,701000728,0,TOZUDO,-44.845833333333333,-61.458,2026-02-06 00:44:00,20,4.9,005,08466,068,26.74,2026-02-05 21:44:00
3,Elec. Naval,0001219,701000728,0,TOZUDO,-44.825833333333333,-61.445,2026-02-06 00:59:00,45,5.4,005,08466,068,26.74,2026-02-05 21:59:00
3,Elec. Naval,0001320,701053000,0,DON CARMELO,-37.378666666666667,-56.537166666666667,2026-02-06 00:00:00,50,8.6,005,08457,190,19.04,2026-02-05 21:00:00
3,Elec. Naval,0001320,701053000,0,DON CARMELO,-37.359666666666667,-56.502166666666667,2026-02-06 00:14:00,50,8.6,005,08457,187,19.04,2026-02-05 21:14:00
3,Elec. Naval,0001320,701053000,0,DON CARMELO,-37.3595,-56.4995,2026-02-06 00:15:00,80,8.1,005,08457,190,19.04,2026-02-05 21:15:00
3,Elec. Naval,0001320,701053000,0,DON CARMELO,-37.350833333333333,-56.459666666666667,2026-02-06 00:29:00,75,7,005,08457,187,19.04,2026-02-05 21:29:00
3,Elec. Naval,0001320,701053000,0,DON CARMELO,-37.350333333333333,-56.457166666666667,2026-02-06 00:30:00,60,8.1,005,08457,190,19.04,2026-02-05 21:30:00
3,Elec. Naval,0001320,701053000,0,DON CARMELO,-37.340833333333333,-56.4175,2026-02-06 00:44:00,90,9.2,005,08457,187,19.04,2026-02-05 21:44:00
3,Elec. Naval,0001320,701053000,0,DON CARMELO,-37.340333333333333,-56.415,2026-02-06 00:45:00,60,10.3,005,08457,190,19.04,2026-02-05 21:45:00
3,Elec. Naval,0001320,701053000,0,DON CARMELO,-37.3255,-56.376666666666667,2026-02-06 00:59:00,45,9.7,005,08457,187,19.04,2026-02-05 21:59:00
3,Elec. Naval,0001325,701000611,0,FIDES FE II,-36.380833333333333,-56.325333333333333,2026-02-06 00:20:00,200,7.6,005,08473,249,23.8,2026-02-05 21:20:00
3,Elec. Naval,0001381,701000923,0,NORMAN,-46.6745,-66.5205,2026-02-06 00:13:00,130,3.2,005,08473,244,21.05,2026-02-05 21:13:00
3,Elec. Naval,0001381,701000923,0,NORMAN,-46.683833333333333,-66.504166666666667,2026-02-06 00:28:00,125,3.2,005,08473,244,21.05,2026-02-05 21:28:00
3,Elec. Naval,0001381,701000923,0,NORMAN,-46.692833333333333,-66.486666666666667,2026-02-06 00:43:00,110,3.2,005,08473,244,21.05,2026-02-05 21:43:00
3,Elec. Naval,0001381,701000923,0,NORMAN,-46.6925,-66.4825,2026-02-06 00:58:00,95,1.1,005,08473,244,21.05,2026-02-05 21:58:00
3,Elec. Naval,0001384,701006007,0,ARAUCANIA,-45.623833333333333,-67.0845,2026-02-06 00:14:00,215,8.6,005,08466,049,28.3,2026-02-05 21:14:00
3,Elec. Naval,0001384,701006007,0,ARAUCANIA,-45.652833333333333,-67.117,2026-02-06 00:29:00,215,8.6,005,08466,049,28.3,2026-02-05 21:29:00
3,Elec. Naval,0001384,701006007,0,ARAUCANIA,-45.682166666666667,-67.15,2026-02-06 00:44:00,215,8.6,005,08466,049,28.3,2026-02-05 21:44:00
3,Elec. Naval,0001384,701006007,0,ARAUCANIA,-45.711333333333333,-67.183666666666667,2026-02-06 00:59:00,215,8.6,005,08466,049,28.3,2026-02-05 21:59:00
3,Elec. Naval,0001390,701000783,0,EMILIA MARIA,-38.0495,-57.535833333333333,2026-02-06 00:11:00,0,0,005,08457,142,22.6,2026-02-05 21:11:00
3,Elec. Naval,0001394,701000943,0,MARIO R,-45.7025,-67.153666666666667,2026-02-06 00:10:00,215,5.9,005,08466,126,22.6,2026-02-05 21:10:00
3,Elec. Naval,0001394,701000943,0,MARIO R,-45.728333333333333,-67.189666666666667,2026-02-06 00:25:00,225,9.2,005,08466,126,22.6,2026-02-05 21:25:00
3,Elec. Naval,0001394,701000943,0,MARIO R,-45.756166666666667,-67.229666666666667,2026-02-06 00:40:00,220,9.2,005,08466,126,22.6,2026-02-05 21:40:00
3,Elec. Naval,0001394,701000943,0,MARIO R,-45.784166666666667,-67.268833333333333,2026-02-06 00:54:00,220,9.2,005,08466,126,22.6,2026-02-05 21:54:00
3,Elec. Naval,0001398,701000836,0,BELVEDERE,-39.057166666666667,-57.858666666666667,2026-02-06 00:07:00,245,0,005,08473,177,26.5,2026-02-05 21:07:00
3,Elec. Naval,0001398,701000836,0,BELVEDERE,-39.0555,-57.8575,2026-02-06 00:12:00,310,2.7,005,08466,051,26.5,2026-02-05 21:12:00
3,Elec. Naval,0001398,701000836,0,BELVEDERE,-39.072833333333333,-57.8655,2026-02-06 00:22:00,200,8.6,005,08473,177,26.5,2026-02-05 21:22:00
3,Elec. Naval,0001398,701000836,0,BELVEDERE,-39.0845,-57.869666666666667,2026-02-06 00:27:00,190,6.5,005,08466,051,26.5,2026-02-05 21:27:00
3,Elec. Naval,0001398,701000836,0,BELVEDERE,-39.103666666666667,-57.877,2026-02-06 00:37:00,200,6.5,005,08473,177,26.5,2026-02-05 21:37:00
3,Elec. Naval,0001398,701000836,0,BELVEDERE,-39.1145,-57.881166666666667,2026-02-06 00:42:00,190,7,005,08466,051,26.5,2026-02-05 21:42:00
3,Elec. Naval,0001398,701000836,0,BELVEDERE,-39.131666666666667,-57.887,2026-02-06 00:52:00,190,7.6,005,08473,177,26.5,2026-02-05 21:52:00
3,Elec. Naval,0001398,701000836,0,BELVEDERE,-39.142166666666667,-57.8905,2026-02-06 00:57:00,195,6.5,005,08466,051,26.5,2026-02-05 21:57:00
3,Elec. Naval,0001400,701000746,0,DON MARIO,-38.05,-57.537833333333333,2026-02-06 00:30:00,160,0,005,08457,230,16.5,2026-02-05 21:30:00
3,Elec. Naval,0001401,701015000,0,RAFFAELA,-38.048666666666667,-57.536333333333333,2026-02-06 00:00:00,350,0,005,08466,197,26.5,2026-02-05 21:00:00
3,Elec. Naval,0001401,701015000,0,RAFFAELA,-38.048666666666667,-57.536333333333333,2026-02-06 00:15:00,305,0,005,08466,197,26.5,2026-02-05 21:15:00
3,Elec. Naval,0001401,701015000,0,RAFFAELA,-38.048666666666667,-57.536333333333333,2026-02-06 00:30:00,170,0,005,08466,197,26.5,2026-02-05 21:30:00
3,Elec. Naval,0001401,701015000,0,RAFFAELA,-38.048666666666667,-57.536333333333333,2026-02-06 00:45:00,170,0,005,08466,197,26.5,2026-02-05 21:45:00
3,Elec. Naval,0001410,701000609,0,HAMPON,-36.116666666666667,-54.381333333333333,2026-02-06 00:54:00,85,3.8,005,08457,126,18.99,2026-02-05 21:54:00
1,Sitrack,0001420,701000735,0,CERES,-47.755149841308594,-65.90833282470703,2026-02-06 00:07:11,336,0,,,,60.74,2026-02-05 21:07:11
1,Sitrack,0001420,701000735,0,CERES,-47.755130767822266,-65.9083480834961,2026-02-06 00:22:11,336,0,,,,60.74,2026-02-05 21:22:11
1,Sitrack,0001420,701000735,0,CERES,-47.755149841308594,-65.90833282470703,2026-02-06 00:37:11,328,0,,,,60.74,2026-02-05 21:37:11
1,Sitrack,0001420,701000735,0,CERES,-47.75516128540039,-65.90831756591797,2026-02-06 00:52:11,328,0,,,,60.74,2026-02-05 21:52:11
1,Sitrack,0001421,70100644,0,GEMINIS,-47.142478942871094,-62.519161224365234,2026-02-06 00:04:49,32,4.2657,,,,68.9,2026-02-05 21:04:49
1,Sitrack,0001421,70100644,0,GEMINIS,-47.152530670166016,-62.53413009643555,2026-02-06 00:19:49,227,4.9676,,,,68.9,2026-02-05 21:19:49
1,Sitrack,0001421,70100644,0,GEMINIS,-47.16780090332031,-62.55350112915039,2026-02-06 00:34:49,208,5.1836,,,,68.9,2026-02-05 21:34:49
1,Sitrack,0001421,70100644,0,GEMINIS,-47.18402862548828,-62.57350158691406,2026-02-06 00:49:49,214,5.2916,,,,68.9,2026-02-05 21:49:49
3,Elec. Naval,0001429,701000932,0,ANTONIO ALVAREZ,-34.627,-58.343833333333333,2026-02-06 00:12:00,20,0,005,08457,079,36.6,2026-02-05 21:12:00
3,Elec. Naval,0001429,701000932,0,ANTONIO ALVAREZ,-34.627,-58.343666666666667,2026-02-06 00:13:00,180,0,005,08466,035,36.6,2026-02-05 21:13:00
3,Elec. Naval,0001429,701000932,0,ANTONIO ALVAREZ,-34.627,-58.343833333333333,2026-02-06 00:27:00,75,0,005,08457,079,36.6,2026-02-05 21:27:00
3,Elec. Naval,0001429,701000932,0,ANTONIO ALVAREZ,-34.627,-58.343666666666667,2026-02-06 00:28:00,180,0,005,08466,035,36.6,2026-02-05 21:28:00
3,Elec. Naval,0001429,701000932,0,ANTONIO ALVAREZ,-34.627,-58.343666666666667,2026-02-06 00:42:00,90,0,005,08457,079,36.6,2026-02-05 21:42:00
3,Elec. Naval,0001429,701000932,0,ANTONIO ALVAREZ,-34.627,-58.343666666666667,2026-02-06 00:43:00,230,0,005,08466,035,36.6,2026-02-05 21:43:00
3,Elec. Naval,0001429,701000932,0,ANTONIO ALVAREZ,-34.627,-58.343666666666667,2026-02-06 00:58:00,140,0,005,08457,079,36.6,2026-02-05 21:58:00
3,Elec. Naval,0001431,701000752,0,DON RAIMUNDO,-39.8055,-58.118833333333333,2026-02-06 00:01:00,20,9.7,005,08473,194,25.6,2026-02-05 21:01:00
3,Elec. Naval,0001431,701000752,0,DON RAIMUNDO,-39.800333333333333,-58.117,2026-02-06 00:03:00,15,9.2,005,08473,068,25.6,2026-02-05 21:03:00
3,Elec. Naval,0001431,701000752,0,DON RAIMUNDO,-39.7655,-58.103666666666667,2026-02-06 00:16:00,15,9.2,005,08473,194,25.6,2026-02-05 21:16:00
3,Elec. Naval,0001431,701000752,0,DON RAIMUNDO,-39.760333333333333,-58.101333333333333,2026-02-06 00:18:00,15,9.2,005,08473,068,25.6,2026-02-05 21:18:00
3,Elec. Naval,0001431,701000752,0,DON RAIMUNDO,-39.725833333333333,-58.087833333333333,2026-02-06 00:31:00,10,10.3,005,08473,194,25.6,2026-02-05 21:31:00
3,Elec. Naval,0001431,701000752,0,DON RAIMUNDO,-39.720833333333333,-58.0855,2026-02-06 00:33:00,15,9.7,005,08473,068,25.6,2026-02-05 21:33:00
3,Elec. Naval,0001431,701000752,0,DON RAIMUNDO,-39.686333333333333,-58.071666666666667,2026-02-06 00:46:00,20,8.6,005,08473,194,25.6,2026-02-05 21:46:00
3,Elec. Naval,0001431,701000752,0,DON RAIMUNDO,-39.681166666666667,-58.069666666666667,2026-02-06 00:48:00,10,9.2,005,08473,068,25.6,2026-02-05 21:48:00
3,Elec. Naval,0001445,701000622,0,PETREL,-46.670333333333333,-65.918833333333333,2026-02-06 00:04:00,345,1.1,005,08457,078,29.85,2026-02-05 21:04:00
3,Elec. Naval,0001445,701000622,0,PETREL,-46.670833333333333,-65.918,2026-02-06 00:19:00,170,0,005,08457,078,29.85,2026-02-05 21:19:00
3,Elec. Naval,0001445,701000622,0,PETREL,-46.672166666666667,-65.916166666666667,2026-02-06 00:34:00,165,0.5,005,08457,078,29.85,2026-02-05 21:34:00
3,Elec. Naval,0001445,701000622,0,PETREL,-46.674166666666667,-65.913333333333333,2026-02-06 00:49:00,150,0,005,08457,078,29.85,2026-02-05 21:49:00
3,Elec. Naval,0001446,701000625,0,FIESTA,-43.340833333333333,-65.058,2026-02-06 00:02:00,25,0,005,08457,211,18.8,2026-02-05 21:02:00
3,Elec. Naval,0001446,701000625,0,FIESTA,-43.340833333333333,-65.058,2026-02-06 00:16:00,25,0,005,08457,211,18.8,2026-02-05 21:16:00
3,Elec. Naval,0001446,701000625,0,FIESTA,-43.340833333333333,-65.058,2026-02-06 00:32:00,140,0,005,08457,211,18.8,2026-02-05 21:32:00
3,Elec. Naval,0001446,701000625,0,FIESTA,-43.340833333333333,-65.058,2026-02-06 00:46:00,40,0,005,08457,211,18.8,2026-02-05 21:46:00
3,Elec. Naval,0001449,701000774,0,NUEVO VIENTO,-43.558833333333333,-65.031666666666667,2026-02-06 00:02:00,175,2.2,005,08473,080,22.42,2026-02-05 21:02:00
3,Elec. Naval,0001449,701000774,0,NUEVO VIENTO,-43.571666666666667,-65.032166666666667,2026-02-06 00:17:00,175,3.2,005,08473,080,22.42,2026-02-05 21:17:00
3,Elec. Naval,0001449,701000774,0,NUEVO VIENTO,-43.582,-65.0345,2026-02-06 00:32:00,130,0.5,005,08473,080,22.42,2026-02-05 21:32:00
3,Elec. Naval,0001449,701000774,0,NUEVO VIENTO,-43.578833333333333,-65.037166666666667,2026-02-06 00:47:00,15,0.5,005,08473,080,22.42,2026-02-05 21:47:00
3,Elec. Naval,0001458,701000578,0,FRANCO,-38.048666666666667,-57.536333333333333,2026-02-06 00:04:00,295,0,005,08473,094,32.53,2026-02-05 21:04:00
3,Elec. Naval,0001458,701000578,0,FRANCO,-38.048666666666667,-57.536333333333333,2026-02-06 00:11:00,200,0,005,08473,221,32.53,2026-02-05 21:11:00
3,Elec. Naval,0001458,701000578,0,FRANCO,-38.048666666666667,-57.536333333333333,2026-02-06 00:19:00,295,0,005,08473,094,32.53,2026-02-05 21:19:00
3,Elec. Naval,0001458,701000578,0,FRANCO,-38.048666666666667,-57.536333333333333,2026-02-06 00:26:00,345,0,005,08473,221,32.53,2026-02-05 21:26:00
3,Elec. Naval,0001458,701000578,0,FRANCO,-38.048666666666667,-57.536333333333333,2026-02-06 00:34:00,295,0,005,08473,094,32.53,2026-02-05 21:34:00
3,Elec. Naval,0001458,701000578,0,FRANCO,-38.048666666666667,-57.536333333333333,2026-02-06 00:41:00,345,0,005,08473,221,32.53,2026-02-05 21:41:00
3,Elec. Naval,0001458,701000578,0,FRANCO,-38.048666666666667,-57.536333333333333,2026-02-06 00:49:00,295,0,005,08473,094,32.53,2026-02-05 21:49:00
3,Elec. Naval,0001458,701000578,0,FRANCO,-38.048666666666667,-57.536333333333333,2026-02-06 00:56:00,30,0,005,08473,221,32.53,2026-02-05 21:56:00
3,Elec. Naval,0001462,701000543,0,KARINA,-39.2775,-58.185333333333333,2026-02-06 00:09:00,5,10.8,005,08466,019,32.53,2026-02-05 21:09:00
3,Elec. Naval,0001462,701000543,0,KARINA,-39.237,-58.163,2026-02-06 00:24:00,15,9.7,005,08466,019,32.53,2026-02-05 21:24:00
3,Elec. Naval,0001462,701000543,0,KARINA,-39.196666666666667,-58.140333333333333,2026-02-06 00:39:00,25,10.8,005,08466,019,32.53,2026-02-05 21:39:00
3,Elec. Naval,0001462,701000543,0,KARINA,-39.158333333333333,-58.113333333333333,2026-02-06 00:54:00,25,9.7,005,08466,019,32.53,2026-02-05 21:54:00
3,Elec. Naval,0001476,701000933,0,WIRON IV,-41.7725,-60.0375,2026-02-06 00:08:00,170,0.5,005,08473,008,37.42,2026-02-05 21:08:00
1,Sitrack,0001476,0,0,WIRON IV,-41.77275085449219,-60.03688049316406,2026-02-06 00:13:26,184,3.2937,,,,37.42,2026-02-05 21:13:26
3,Elec. Naval,0001476,701000933,0,WIRON IV,-41.7775,-60.041166666666667,2026-02-06 00:23:00,200,3.2,005,08473,008,37.42,2026-02-05 21:23:00
1,Sitrack,0001476,0,0,WIRON IV,-41.78091049194336,-60.0442008972168,2026-02-06 00:28:26,204,2.8618,,,,37.42,2026-02-05 21:28:26
3,Elec. Naval,0001476,701000933,0,WIRON IV,-41.787166666666667,-60.050333333333333,2026-02-06 00:38:00,225,2.7,005,08473,008,37.42,2026-02-05 21:38:00
1,Sitrack,0001476,0,0,WIRON IV,-41.79048156738281,-60.053279876708984,2026-02-06 00:43:26,220,4.0497,,,,37.42,2026-02-05 21:43:26
3,Elec. Naval,0001476,701000933,0,WIRON IV,-41.797166666666667,-60.06,2026-02-06 00:53:00,220,4.3,005,08473,008,37.42,2026-02-05 21:53:00
1,Sitrack,0001476,0,0,WIRON IV,-41.800498962402344,-60.0631103515625,2026-02-06 00:58:26,212,4.7516,,,,37.42,2026-02-05 21:58:26
4,Navalstar,0001497,701000811,0,ORION,-35.78305,-54.354383333333333,2026-02-06 00:00:00,63,3.4,010,08690,134,20.9,2026-02-05 21:00:00
3,Elec. Naval,0001497,701000811,0,ORION I,-35.781666666666667,-54.351333333333333,2026-02-06 00:02:00,60,3.8,005,08473,236,20.9,2026-02-05 21:02:00
3,Elec. Naval,0001501,701000536,0,NUEVA LUCIA MADRE,-38.0505,-57.5355,2026-02-06 00:12:00,295,0,005,08457,194,17,2026-02-05 21:12:00
3,Elec. Naval,0001507,701006388,0,MADONNA DI GIARDINI,-38.049666666666667,-57.535833333333333,2026-02-06 00:59:00,300,0,005,08457,253,16.15,2026-02-05 21:59:00
3,Elec. Naval,0001526,701007038,0,EL SANTO,-46.4725,-67.500833333333333,2026-02-06 00:00:00,350,0,005,08457,244,24.95,2026-02-05 21:00:00
3,Elec. Naval,0001526,701007038,0,EL SANTO,-46.4725,-67.500833333333333,2026-02-06 00:15:00,350,0,005,08457,244,24.95,2026-02-05 21:15:00
3,Elec. Naval,0001526,701007038,0,EL SANTO,-46.4725,-67.500833333333333,2026-02-06 00:30:00,135,0,005,08457,244,24.95,2026-02-05 21:30:00
3,Elec. Naval,0001526,701007038,0,EL SANTO,-46.4725,-67.500833333333333,2026-02-06 00:45:00,135,0,005,08457,244,24.95,2026-02-05 21:45:00
4,Navalstar,0001530,701000627,0,TAI AN,-53.744716666666667,-61.585216666666667,2026-02-06 00:00:00,77,5,010,08690,267,100.5,2026-02-05 21:00:00
2,Tesacom,0001530,701000627,0,TAI AN,-53.737283333333333,-61.559533333333333,2026-02-06 00:14:00,61,4.2,008,,,100.5,2026-02-05 21:14:00
4,Navalstar,0001530,701000627,0,TAI AN,-53.73705,-61.55855,2026-02-06 00:15:00,67,3.8,010,08690,267,100.5,2026-02-05 21:15:00
2,Tesacom,0001530,701000627,0,TAI AN,-53.730033333333333,-61.5362,2026-02-06 00:29:00,56,3.4,008,,,100.5,2026-02-05 21:29:00
4,Navalstar,0001530,701000627,0,TAI AN,-53.729716666666667,-61.534883333333333,2026-02-06 00:30:00,74,3.5,010,08690,267,100.5,2026-02-05 21:30:00
2,Tesacom,0001530,701000627,0,TAI AN,-53.7245,-61.512716666666667,2026-02-06 00:44:00,94,2.8,008,,,100.5,2026-02-05 21:44:00
4,Navalstar,0001530,701000627,0,TAI AN,-53.72455,-61.511383333333333,2026-02-06 00:45:00,104,2.7,010,08690,267,100.5,2026-02-05 21:45:00
2,Tesacom,0001530,701000627,0,TAI AN,-53.727333333333333,-61.489616666666667,2026-02-06 00:59:00,93,3.4,008,,,100.5,2026-02-05 21:59:00
1,Sitrack,0001531,701000853,0,FIDES FE I,-43.34080123901367,-65.0581283569336,2026-02-06 00:02:36,174,0.162,,,,20.67,2026-02-05 21:02:36
1,Sitrack,0001531,701000853,0,FIDES FE I,-43.34077835083008,-65.05809783935547,2026-02-06 00:17:36,274,0,,,,20.67,2026-02-05 21:17:36
1,Sitrack,0001531,701000853,0,FIDES FE I,-43.34080123901367,-65.05803680419922,2026-02-06 00:32:36,76,0,,,,20.67,2026-02-05 21:32:36
1,Sitrack,0001531,701000853,0,FIDES FE I,-43.34075927734375,-65.0580825805664,2026-02-06 00:47:36,342,0.054,,,,20.67,2026-02-05 21:47:36
1,Sitrack,0001537,0,0,HUAFENG 822,-46.47127914428711,-67.49742889404297,2026-02-06 00:34:19,318,0,,,,25,2026-02-05 21:34:19
3,Elec. Naval,0001538,701006054,0,GRAN CAPITAN,-41.971166666666667,-61.734166666666667,2026-02-06 00:01:00,265,4.3,005,08466,091,25.43,2026-02-05 21:01:00
3,Elec. Naval,0001538,701006054,0,GRAN CAPITAN,-41.971166666666667,-61.7545,2026-02-06 00:16:00,245,3.8,005,08466,091,25.43,2026-02-05 21:16:00
3,Elec. Naval,0001538,701006054,0,GRAN CAPITAN,-41.970833333333333,-61.775,2026-02-06 00:31:00,240,4.3,005,08466,091,25.43,2026-02-05 21:31:00
3,Elec. Naval,0001538,701006054,0,GRAN CAPITAN,-41.971166666666667,-61.795833333333333,2026-02-06 00:46:00,280,3.2,005,08466,091,25.43,2026-02-05 21:46:00
3,Elec. Naval,0001540,701006028,0,DON TURI,-38.048833333333333,-57.536333333333333,2026-02-06 00:00:00,225,0,005,08466,041,28.62,2026-02-05 21:00:00
3,Elec. Naval,0001540,701006028,0,DON TURI,-38.048833333333333,-57.536333333333333,2026-02-06 00:15:00,225,0,005,08466,041,28.62,2026-02-05 21:15:00
3,Elec. Naval,0001540,701006028,0,DON TURI,-38.048833333333333,-57.536333333333333,2026-02-06 00:30:00,170,0,005,08466,041,28.62,2026-02-05 21:30:00
3,Elec. Naval,0001540,701006028,0,DON TURI,-38.048833333333333,-57.536333333333333,2026-02-06 00:45:00,170,0,005,08466,041,28.62,2026-02-05 21:45:00
3,Elec. Naval,0001551,701000863,0,TEMERARIO I,-45.862,-67.465,2026-02-06 00:12:00,355,0,005,08457,044,23.85,2026-02-05 21:12:00
3,Elec. Naval,0001551,701000863,0,TEMERARIO I,-45.862,-67.465,2026-02-06 00:27:00,65,0,005,08457,044,23.85,2026-02-05 21:27:00
3,Elec. Naval,0001551,701000863,0,TEMERARIO I,-45.862,-67.465,2026-02-06 00:42:00,225,0,005,08457,044,23.85,2026-02-05 21:42:00
3,Elec. Naval,0001551,701000863,0,TEMERARIO I,-45.862,-67.465,2026-02-06 00:57:00,225,0,005,08457,044,23.85,2026-02-05 21:57:00
4,Navalstar,0001567,701006035,0,SFIDA,-38.048716666666667,-57.537883333333333,2026-02-06 00:00:00,0,0,010,08742,013,26.5,2026-02-05 21:00:00
4,Navalstar,0001567,701006035,0,SFIDA,-38.04855,-57.537716666666667,2026-02-06 00:15:00,0,0,010,08742,012,26.5,2026-02-05 21:15:00
4,Navalstar,0001567,701006035,0,SFIDA,-38.048716666666667,-57.537883333333333,2026-02-06 00:30:00,0,0.1,010,08742,012,26.5,2026-02-05 21:30:00
4,Navalstar,0001567,701006035,0,SFIDA,-38.048716666666667,-57.537883333333333,2026-02-06 00:45:00,0,0,010,08742,012,26.5,2026-02-05 21:45:00
3,Elec. Naval,0001568,701000936,0,ROCIO DEL MAR,-41.6925,-60.559666666666667,2026-02-06 00:01:00,180,4.3,005,08466,085,27.6,2026-02-05 21:01:00
3,Elec. Naval,0001568,701000936,0,ROCIO DEL MAR,-41.7105,-60.5595,2026-02-06 00:16:00,170,5.4,005,08466,085,27.6,2026-02-05 21:16:00
3,Elec. Naval,0001568,701000936,0,ROCIO DEL MAR,-41.728333333333333,-60.5595,2026-02-06 00:31:00,180,3.8,005,08466,085,27.6,2026-02-05 21:31:00
3,Elec. Naval,0001568,701000936,0,ROCIO DEL MAR,-41.746666666666667,-60.560333333333333,2026-02-06 00:46:00,170,4.3,005,08466,085,27.6,2026-02-05 21:46:00
3,Elec. Naval,0001583,701007025,0,ESTEFANY,-38.050333333333333,-57.535333333333333,2026-02-06 00:13:00,75,0,005,08457,243,23.6,2026-02-05 21:13:00
3,Elec. Naval,0001583,701007025,0,ESTEFANY,-38.050333333333333,-57.535333333333333,2026-02-06 00:28:00,75,0,005,08457,243,23.6,2026-02-05 21:28:00
3,Elec. Naval,0001583,701007025,0,ESTEFANY,-38.050333333333333,-57.535333333333333,2026-02-06 00:43:00,75,0,005,08457,243,23.6,2026-02-05 21:43:00
3,Elec. Naval,0001583,701007025,0,ESTEFANY,-38.050333333333333,-57.535333333333333,2026-02-06 00:58:00,350,0,005,08457,243,23.6,2026-02-05 21:58:00
3,Elec. Naval,0001637,701000865,0,BOUCIÑA,-38.033333333333333,-57.530833333333333,2026-02-06 00:09:00,50,0,005,08473,147,41.5,2026-02-05 21:09:00
3,Elec. Naval,0001637,701000865,0,BOUCIÑA,-38.033333333333333,-57.5305,2026-02-06 00:24:00,120,0,005,08473,147,41.5,2026-02-05 21:24:00
3,Elec. Naval,0001637,701000865,0,BOUCIÑA,-38.033333333333333,-57.530833333333333,2026-02-06 00:39:00,120,0,005,08473,147,41.5,2026-02-05 21:39:00
3,Elec. Naval,0001637,701000865,0,BOUCIÑA,-38.033333333333333,-57.5305,2026-02-06 00:54:00,5,0,005,08473,147,41.5,2026-02-05 21:54:00
4,Navalstar,0001733,701000818,0,DON SANTIAGO,-38.048716666666667,-57.537883333333333,2026-02-06 00:00:00,0,0,010,08742,017,26.55,2026-02-05 21:00:00
4,Navalstar,0001733,701000818,0,DON SANTIAGO,-38.048716666666667,-57.537883333333333,2026-02-06 00:15:00,0,0,010,08742,016,26.55,2026-02-05 21:15:00
4,Navalstar,0001733,701000818,0,DON SANTIAGO,-38.048883333333333,-57.537883333333333,2026-02-06 00:30:00,0,0,010,08742,016,26.55,2026-02-05 21:30:00
4,Navalstar,0001733,701000818,0,DON SANTIAGO,-38.048716666666667,-57.537883333333333,2026-02-06 00:30:00,0,0,010,08742,017,26.55,2026-02-05 21:30:00
4,Navalstar,0001733,701000818,0,DON SANTIAGO,-38.048716666666667,-57.537883333333333,2026-02-06 00:45:00,0,0,010,08742,016,26.55,2026-02-05 21:45:00
3,Elec. Naval,0001746,701000763,0,HUAFENG 816,-38.049666666666667,-57.535,2026-02-06 00:41:00,295,0,005,08473,247,22.6,2026-02-05 21:41:00
3,Elec. Naval,0001822,701000844,0,PUCARA,-36.436333333333333,-55.269666666666667,2026-02-06 00:04:00,235,8.6,005,08473,060,24.3,2026-02-05 21:04:00
3,Elec. Naval,0001822,701000844,0,PUCARA,-36.457166666666667,-55.304166666666667,2026-02-06 00:19:00,230,7,005,08473,060,24.3,2026-02-05 21:19:00
3,Elec. Naval,0001822,701000844,0,PUCARA,-36.477833333333333,-55.338833333333333,2026-02-06 00:34:00,230,8.1,005,08473,060,24.3,2026-02-05 21:34:00
3,Elec. Naval,0001822,701000844,0,PUCARA,-36.498,-55.373333333333333,2026-02-06 00:49:00,230,9.2,005,08473,060,24.3,2026-02-05 21:49:00
3,Elec. Naval,0001842,701000929,0,BEAGLE I,-38.176166666666667,-57.490833333333333,2026-02-06 00:08:00,25,6.5,005,08466,193,59.9,2026-02-05 21:08:00
3,Elec. Naval,0001842,701000929,0,BEAGLE I,-38.175833333333333,-57.490833333333333,2026-02-06 00:09:00,30,6.5,005,08466,110,59.9,2026-02-05 21:09:00
3,Elec. Naval,0001842,701000929,0,BEAGLE I,-38.150333333333333,-57.472166666666667,2026-02-06 00:23:00,25,7.6,005,08466,193,59.9,2026-02-05 21:23:00
3,Elec. Naval,0001842,701000929,0,BEAGLE I,-38.15,-57.472,2026-02-06 00:24:00,30,7,005,08466,110,59.9,2026-02-05 21:24:00
3,Elec. Naval,0001842,701000929,0,BEAGLE I,-38.123333333333333,-57.458666666666667,2026-02-06 00:38:00,0,6.5,005,08466,193,59.9,2026-02-05 21:38:00
3,Elec. Naval,0001842,701000929,0,BEAGLE I,-38.123,-57.458666666666667,2026-02-06 00:39:00,0,6.5,005,08466,110,59.9,2026-02-05 21:39:00
3,Elec. Naval,0001842,701000929,0,BEAGLE I,-38.0955,-57.4595,2026-02-06 00:53:00,340,6.5,005,08466,193,59.9,2026-02-05 21:53:00
3,Elec. Naval,0001842,701000929,0,BEAGLE I,-38.095333333333333,-57.4595,2026-02-06 00:54:00,350,6.5,005,08466,110,59.9,2026-02-05 21:54:00
3,Elec. Naval,0001957,701000893,0,ROSA MISTICA I,-38.049666666666667,-57.5355,2026-02-06 00:42:00,40,0,005,08457,210,16.65,2026-02-05 21:42:00
1,Sitrack,0001958,701000852,0,ARBUMASA XXVI,-42.73833084106445,-65.02838897705078,2026-02-06 00:00:01,201,0,,,,62.8,2026-02-05 21:00:01
1,Sitrack,0001958,701000852,0,ARBUMASA XXVI,-42.73833084106445,-65.0284194946289,2026-02-06 00:15:01,201,0,,,,62.8,2026-02-05 21:15:01
1,Sitrack,0001958,701000852,0,ARBUMASA XXVI,-42.73833084106445,-65.0284194946289,2026-02-06 00:30:01,201,0,,,,62.8,2026-02-05 21:30:01
1,Sitrack,0001958,701000852,0,ARBUMASA XXVI,-42.738311767578125,-65.0284194946289,2026-02-06 00:45:01,192,0,,,,62.8,2026-02-05 21:45:01
2,Tesacom,0002030,701024000,0,ATLANTIC SURF III,-40.101333333333333,-56.277333333333333,2026-02-06 00:00:00,125,4.2,008,,,49.6,2026-02-05 21:00:00
2,Tesacom,0002030,701024000,0,ATLANTIC SURF III,-40.112933333333333,-56.28755,2026-02-06 00:02:00,27,4.6,008,,,49.6,2026-02-05 21:02:00
2,Tesacom,0002030,701024000,0,ATLANTIC SURF III,-40.102666666666667,-56.278433333333333,2026-02-06 00:17:00,218,5.7,008,,,49.6,2026-02-05 21:17:00
2,Tesacom,0002030,701024000,0,ATLANTIC SURF III,-40.118016666666667,-56.291383333333333,2026-02-06 00:32:00,221,3.8,008,,,49.6,2026-02-05 21:32:00
2,Tesacom,0002030,701024000,0,ATLANTIC SURF III,-40.12875,-56.298433333333333,2026-02-06 00:47:00,30,4.6,008,,,49.6,2026-02-05 21:47:00
2,Tesacom,0002048,701000878,0,ESPADARTE,-47.25915,-63.86335,2026-02-06 00:13:00,247,7.7,008,,,68.2,2026-02-05 21:13:00
3,Elec. Naval,0002057,701000517,0,ARBUMASA XXVII,-47.231666666666667,-64.136166666666667,2026-02-06 00:15:00,155,0.5,005,08466,224,64.21,2026-02-05 21:15:00
1,Sitrack,0002058,0,0,ESTHER 153,-47.49443054199219,-63.476661682128906,2026-02-06 00:14:43,42,0.7559,,,,55.1,2026-02-05 21:14:43
1,Sitrack,0002058,0,0,ESTHER 153,-47.491458892822266,-63.47465133666992,2026-02-06 00:24:33,120,0.378,,,,55.1,2026-02-05 21:24:33
3,Elec. Naval,0002065,701006085,0,NAVEGANTES III,-47.243833333333333,-64.063833333333333,2026-02-06 00:25:00,120,0,005,08466,034,68.6,2026-02-05 21:25:00
3,Elec. Naval,0002066,701000596,0,NATALIA,-46.069666666666667,-63.003833333333333,2026-02-06 00:09:00,350,2.7,005,08457,242,68.45,2026-02-05 21:09:00
1,Sitrack,0002092,0,0,ORYONG 756,-47.21611022949219,-63.12831115722656,2026-02-06 00:55:46,152,0.6479,,,,51.66,2026-02-05 21:55:46
1,Sitrack,0002093,701000940,0,DON LUIS I,-47.14780044555664,-63.94340896606445,2026-02-06 00:55:51,173,0.594,,,,67.95,2026-02-05 21:55:51
2,Tesacom,0002098,701000880,0,VALERIA DEL ATLANTICO,-55.068783333333333,-66.666883333333333,2026-02-06 00:01:00,126,5.8,008,,,56.46,2026-02-05 21:01:00
3,Elec. Naval,0002098,701000880,0,VALERIA DEL ATLANTICO,-55.085833333333333,-66.627833333333333,2026-02-06 00:05:00,125,4.9,005,08457,229,56.46,2026-02-05 21:05:00
2,Tesacom,0002098,701000880,0,VALERIA DEL ATLANTICO,-55.08235,-66.63705,2026-02-06 00:14:00,122,5,008,,,56.46,2026-02-05 21:14:00
2,Tesacom,0002098,701000880,0,VALERIA DEL ATLANTICO,-55.0835,-66.633783333333333,2026-02-06 00:16:00,122,4.7,008,,,56.46,2026-02-05 21:16:00
3,Elec. Naval,0002098,701000880,0,VALERIA DEL ATLANTICO,-55.097,-66.599666666666667,2026-02-06 00:20:00,110,3.8,005,08457,229,56.46,2026-02-05 21:20:00
2,Tesacom,0002098,701000880,0,VALERIA DEL ATLANTICO,-55.09275,-66.609566666666667,2026-02-06 00:29:00,123,4.5,008,,,56.46,2026-02-05 21:29:00
2,Tesacom,0002098,701000880,0,VALERIA DEL ATLANTICO,-55.094483333333333,-66.605383333333333,2026-02-06 00:31:00,122,4.5,008,,,56.46,2026-02-05 21:31:00
3,Elec. Naval,0002098,701000880,0,VALERIA DEL ATLANTICO,-55.091666666666667,-66.616666666666667,2026-02-06 00:35:00,315,8.1,005,08457,229,56.46,2026-02-05 21:35:00
2,Tesacom,0002098,701000880,0,VALERIA DEL ATLANTICO,-55.098616666666667,-66.599366666666667,2026-02-06 00:44:00,296,8,008,,,56.46,2026-02-05 21:44:00
2,Tesacom,0002098,701000880,0,VALERIA DEL ATLANTICO,-55.096,-66.60695,2026-02-06 00:46:00,298,8.6,008,,,56.46,2026-02-05 21:46:00
3,Elec. Naval,0002098,701000880,0,VALERIA DEL ATLANTICO,-55.072833333333333,-66.661166666666667,2026-02-06 00:50:00,305,7,005,08457,229,56.46,2026-02-05 21:50:00
2,Tesacom,0002098,701000880,0,VALERIA DEL ATLANTICO,-55.079,-66.64495,2026-02-06 00:59:00,306,6.9,008,,,56.46,2026-02-05 21:59:00
3,Elec. Naval,0002103,701000883,0,MARIA SUSANA,-43.561166666666667,-65.038333333333333,2026-02-06 00:06:00,330,1.1,005,08466,017,15.3,2026-02-05 21:06:00
3,Elec. Naval,0002103,701000883,0,MARIA SUSANA,-43.560833333333333,-65.038333333333333,2026-02-06 00:07:00,325,1.1,005,08466,092,15.3,2026-02-05 21:07:00
3,Elec. Naval,0002103,701000883,0,MARIA SUSANA,-43.557833333333333,-65.038,2026-02-06 00:21:00,35,0,005,08466,017,15.3,2026-02-05 21:21:00
3,Elec. Naval,0002103,701000883,0,MARIA SUSANA,-43.5575,-65.037833333333333,2026-02-06 00:22:00,10,0,005,08466,092,15.3,2026-02-05 21:22:00
3,Elec. Naval,0002103,701000883,0,MARIA SUSANA,-43.5545,-65.037166666666667,2026-02-06 00:36:00,345,0.5,005,08466,017,15.3,2026-02-05 21:36:00
3,Elec. Naval,0002103,701000883,0,MARIA SUSANA,-43.5545,-65.037,2026-02-06 00:37:00,5,0.5,005,08466,092,15.3,2026-02-05 21:37:00
3,Elec. Naval,0002103,701000883,0,MARIA SUSANA,-43.552833333333333,-65.036666666666667,2026-02-06 00:51:00,185,7,005,08466,017,15.3,2026-02-05 21:51:00
3,Elec. Naval,0002103,701000883,0,MARIA SUSANA,-43.554166666666667,-65.037,2026-02-06 00:52:00,190,7,005,08466,092,15.3,2026-02-05 21:52:00
4,Navalstar,0002138,701000899,0,LOBO,-43.342883333333333,-65.05655,2026-02-06 00:00:00,0,0.1,010,08512,333,25.5,2026-02-05 21:00:00
4,Navalstar,0002138,701000899,0,LOBO,-43.342883333333333,-65.05655,2026-02-06 00:15:00,0,0.1,010,08512,333,25.5,2026-02-05 21:15:00
4,Navalstar,0002138,701000899,0,LOBO,-43.342883333333333,-65.05655,2026-02-06 00:30:00,0,0,010,08512,333,25.5,2026-02-05 21:30:00
4,Navalstar,0002138,701000899,0,LOBO,-43.342883333333333,-65.056716666666667,2026-02-06 00:45:00,0,0.1,010,08512,333,25.5,2026-02-05 21:45:00
3,Elec. Naval,0002152,701000591,0,SAN JORGE MARTIR,-44.118333333333333,-61.483666666666667,2026-02-06 00:01:00,0,4.9,005,08473,198,56.1,2026-02-05 21:01:00
3,Elec. Naval,0002152,701000591,0,SAN JORGE MARTIR,-44.116666666666667,-61.483666666666667,2026-02-06 00:03:00,10,3.8,005,08457,110,56.1,2026-02-05 21:03:00
3,Elec. Naval,0002152,701000591,0,SAN JORGE MARTIR,-44.100833333333333,-61.483333333333333,2026-02-06 00:16:00,10,3.8,005,08473,198,56.1,2026-02-05 21:16:00
3,Elec. Naval,0002152,701000591,0,SAN JORGE MARTIR,-44.098833333333333,-61.483,2026-02-06 00:18:00,15,3.8,005,08457,110,56.1,2026-02-05 21:18:00
3,Elec. Naval,0002152,701000591,0,SAN JORGE MARTIR,-44.0905,-61.48,2026-02-06 00:31:00,15,2.7,005,08473,198,56.1,2026-02-05 21:31:00
3,Elec. Naval,0002152,701000591,0,SAN JORGE MARTIR,-44.0895,-61.479666666666667,2026-02-06 00:33:00,35,1.1,005,08457,110,56.1,2026-02-05 21:33:00
3,Elec. Naval,0002152,701000591,0,SAN JORGE MARTIR,-44.082,-61.480833333333333,2026-02-06 00:46:00,300,3.8,005,08473,198,56.1,2026-02-05 21:46:00
3,Elec. Naval,0002152,701000591,0,SAN JORGE MARTIR,-44.081666666666667,-61.4825,2026-02-06 00:48:00,275,2.2,005,08457,110,56.1,2026-02-05 21:48:00
3,Elec. Naval,0002165,701000674,0,XIN SHI DAI NRO 28,-46.5955,-63.142833333333333,2026-02-06 00:33:00,270,0,005,08466,095,62.4,2026-02-05 21:33:00
1,Sitrack,0002167,701000675,0,ORION 3,-47.16722869873047,-64.11885833740234,2026-02-06 00:00:09,202,0.27,,,,63.1,2026-02-05 21:00:09
1,Sitrack,0002167,701000675,0,ORION 3,-47.16761016845703,-64.11943054199219,2026-02-06 00:15:09,310,0.6479,,,,63.1,2026-02-05 21:15:09
1,Sitrack,0002167,701000675,0,ORION 3,-47.168609619140625,-64.11955261230469,2026-02-06 00:30:09,166,0.378,,,,63.1,2026-02-05 21:30:09
1,Sitrack,0002167,701000675,0,ORION 3,-47.17042922973633,-64.11937713623047,2026-02-06 00:45:09,174,0.6479,,,,63.1,2026-02-05 21:45:09
1,Sitrack,0002172,701000551,0,MATEO I,-38.03615951538086,-57.52553176879883,2026-02-06 00:00:38,330,0.054,,,,67.97,2026-02-05 21:00:38
1,Sitrack,0002172,701000551,0,MATEO I,-38.036128997802734,-57.52555847167969,2026-02-06 00:15:38,330,0.054,,,,67.97,2026-02-05 21:15:38
1,Sitrack,0002172,701000551,0,MATEO I,-38.03620147705078,-57.525550842285156,2026-02-06 00:29:08,278,0,,,,67.97,2026-02-05 21:29:08
1,Sitrack,0002172,701000551,0,MATEO I,-38.036128997802734,-57.52555847167969,2026-02-06 00:30:38,330,0.054,,,,67.97,2026-02-05 21:30:38
1,Sitrack,0002172,701000551,0,MATEO I,-38.036128997802734,-57.52558135986328,2026-02-06 00:45:38,330,0.054,,,,67.97,2026-02-05 21:45:38
3,Elec. Naval,0002175,701000547,0,MISHIMA MARU NRO 8,-47.163833333333333,-64.003333333333333,2026-02-06 00:19:00,135,0,005,08473,054,63.43,2026-02-05 21:19:00
1,Sitrack,0002176,701000677,0,PATAGONIA BLUES,-46.972408294677734,-63.815250396728516,2026-02-06 00:11:25,302,1.1879,,,,64.45,2026-02-05 21:11:25
1,Sitrack,0002176,701000677,0,PATAGONIA BLUES,-46.97352981567383,-63.81565856933594,2026-02-06 00:26:25,146,1.1879,,,,64.45,2026-02-05 21:26:25
1,Sitrack,0002176,701000677,0,PATAGONIA BLUES,-46.974979400634766,-63.81560134887695,2026-02-06 00:41:25,176,0.486,,,,64.45,2026-02-05 21:41:25
1,Sitrack,0002176,701000677,0,PATAGONIA BLUES,-46.976810455322266,-63.815330505371094,2026-02-06 00:56:25,140,1.2959,,,,64.45,2026-02-05 21:56:25
2,Tesacom,0002178,701000684,0,VILLARINO,-47.426866666666667,-63.815716666666667,2026-02-06 00:10:00,243,7.7,008,,,64.5,2026-02-05 21:10:00
2,Tesacom,0002178,701000684,0,VILLARINO,-47.405483333333333,-63.711233333333333,2026-02-06 00:22:00,261,5.7,008,,,64.5,2026-02-05 21:22:00
2,Tesacom,0002178,701000684,0,VILLARINO,-47.415633333333333,-63.8573,2026-02-06 00:25:00,322,9.5,008,,,64.5,2026-02-05 21:25:00
2,Tesacom,0002178,701000684,0,VILLARINO,-47.398966666666667,-63.886183333333333,2026-02-06 00:40:00,91,5.1,008,,,64.5,2026-02-05 21:40:00
2,Tesacom,0002178,701000684,0,VILLARINO,-47.3989,-63.88245,2026-02-06 00:55:00,169,1.4,008,,,64.5,2026-02-05 21:55:00
3,Elec. Naval,0002182,701000681,0,XIN SHI JI NRO 88,-47.245333333333333,-63.792,2026-02-06 00:53:00,180,0.5,005,08457,231,59.2,2026-02-05 21:53:00
3,Elec. Naval,0002188,701006195,0,DR CARLOS OTTOLENGHI,-38.050833333333333,-57.537166666666667,2026-02-06 00:13:00,260,0,005,08473,043,16.4,2026-02-05 21:13:00
3,Elec. Naval,0002196,701000689,0,MINTA,-47.1505,-63.409166666666667,2026-02-06 00:09:00,135,0.5,005,08466,149,65.1,2026-02-05 21:09:00
3,Elec. Naval,0002196,701000689,0,MINTA,-47.1505,-63.409166666666667,2026-02-06 00:10:00,140,0,005,08466,146,65.1,2026-02-05 21:10:00
3,Elec. Naval,0002201,701000945,0,SUR ESTE 502,-47.468,-63.3125,2026-02-06 00:02:00,225,8.1,005,08457,167,54.6,2026-02-05 21:02:00
3,Elec. Naval,0002201,701000945,0,SUR ESTE 502,-47.482,-63.3355,2026-02-06 00:11:00,225,9.2,005,08473,045,54.6,2026-02-05 21:11:00
3,Elec. Naval,0002201,701000945,0,SUR ESTE 502,-47.490333333333333,-63.351166666666667,2026-02-06 00:17:00,225,8.1,005,08457,167,54.6,2026-02-05 21:17:00
3,Elec. Naval,0002201,701000945,0,SUR ESTE 502,-47.492166666666667,-63.358333333333333,2026-02-06 00:26:00,185,1.1,005,08473,045,54.6,2026-02-05 21:26:00
3,Elec. Naval,0002201,701000945,0,SUR ESTE 502,-47.492166666666667,-63.357,2026-02-06 00:32:00,100,0.5,005,08457,167,54.6,2026-02-05 21:32:00
3,Elec. Naval,0002201,701000945,0,SUR ESTE 502,-47.4925,-63.357166666666667,2026-02-06 00:41:00,185,0,005,08473,045,54.6,2026-02-05 21:41:00
3,Elec. Naval,0002201,701000945,0,SUR ESTE 502,-47.493,-63.3575,2026-02-06 00:47:00,40,1.1,005,08457,167,54.6,2026-02-05 21:47:00
3,Elec. Naval,0002201,701000945,0,SUR ESTE 502,-47.493833333333333,-63.358,2026-02-06 00:56:00,170,0.5,005,08473,045,54.6,2026-02-05 21:56:00
1,Sitrack,0002205,701000691,0,PUENTE VALDES,-46.4539794921875,-62.86246109008789,2026-02-06 00:14:19,0,1.0799,,,,58.15,2026-02-05 21:14:19
1,Sitrack,0002205,701000691,0,PUENTE VALDES,-46.4534797668457,-62.86309814453125,2026-02-06 00:29:19,323,0.486,,,,58.15,2026-02-05 21:29:19
1,Sitrack,0002205,701000691,0,PUENTE VALDES,-46.45341110229492,-62.86333084106445,2026-02-06 00:44:19,302,0.162,,,,58.15,2026-02-05 21:44:19
1,Sitrack,0002205,701000691,0,PUENTE VALDES,-46.45365905761719,-62.86333084106445,2026-02-06 00:59:19,158,0,,,,58.15,2026-02-05 21:59:19
3,Elec. Naval,0002207,701000892,0,TAISEI MARU NRO 8,-47.108,-63.798333333333333,2026-02-06 00:38:00,240,8.1,005,08466,158,65.57,2026-02-05 21:38:00
4,Navalstar,0002241,701000585,0,DON JOSE DI BONA,-43.341883333333333,-65.057383333333333,2026-02-06 00:00:00,0,0.1,010,08625,204,19.85,2026-02-05 21:00:00
3,Elec. Naval,0002241,701000585,0,DON JOSE DI BONA,-43.341166666666667,-65.057,2026-02-06 00:09:00,200,0,005,08466,240,19.85,2026-02-05 21:09:00
4,Navalstar,0002241,701000585,0,DON JOSE DI BONA,-43.34105,-65.056716666666667,2026-02-06 00:15:00,0,0.1,010,08625,204,19.85,2026-02-05 21:15:00
3,Elec. Naval,0002241,701000585,0,DON JOSE DI BONA,-43.341333333333333,-65.057,2026-02-06 00:24:00,320,0,005,08466,240,19.85,2026-02-05 21:24:00
4,Navalstar,0002241,701000585,0,DON JOSE DI BONA,-43.341216666666667,-65.056883333333333,2026-02-06 00:30:00,0,0,010,08625,204,19.85,2026-02-05 21:30:00
3,Elec. Naval,0002241,701000585,0,DON JOSE DI BONA,-43.341333333333333,-65.057,2026-02-06 00:39:00,325,0,005,08466,240,19.85,2026-02-05 21:39:00
4,Navalstar,0002241,701000585,0,DON JOSE DI BONA,-43.341216666666667,-65.056716666666667,2026-02-06 00:45:00,0,0.1,010,08625,204,19.85,2026-02-05 21:45:00
3,Elec. Naval,0002241,701000585,0,DON JOSE DI BONA,-43.341333333333333,-65.057,2026-02-06 00:54:00,325,0,005,08466,240,19.85,2026-02-05 21:54:00
1,Sitrack,0002246,701000587,0,VICTORIA P,-47.75410842895508,-65.9124984741211,2026-02-06 00:10:44,151,0,,,,36.15,2026-02-05 21:10:44
1,Sitrack,0002246,701000587,0,VICTORIA P,-47.75413131713867,-65.91246795654297,2026-02-06 00:25:44,151,0,,,,36.15,2026-02-05 21:25:44
1,Sitrack,0002246,701000587,0,VICTORIA P,-47.75410842895508,-65.9124526977539,2026-02-06 00:40:44,151,0,,,,36.15,2026-02-05 21:40:44
1,Sitrack,0002246,701000587,0,VICTORIA P,-47.754150390625,-65.91246795654297,2026-02-06 00:55:44,151,0,,,,36.15,2026-02-05 21:55:44
4,Navalstar,0002263,701000947,0,TALISMAN,-47.75505,-65.90955,2026-02-06 00:00:00,0,0,010,08690,208,49.95,2026-02-05 21:00:00
4,Navalstar,0002263,701000947,0,TALISMAN,-47.75505,-65.90955,2026-02-06 00:15:00,0,0,010,08690,208,49.95,2026-02-05 21:15:00
4,Navalstar,0002263,701000947,0,TALISMAN,-47.75505,-65.90955,2026-02-06 00:30:00,0,0,010,08690,208,49.95,2026-02-05 21:30:00
4,Navalstar,0002263,701000947,0,TALISMAN,-47.75505,-65.90955,2026-02-06 00:45:00,0,0,010,08690,208,49.95,2026-02-05 21:45:00
1,Sitrack,0002314,701000953,0,EURO II,-43.34095001220703,-65.05725860595703,2026-02-06 00:11:29,17,0.054,,,,20.1,2026-02-05 21:11:29
1,Sitrack,0002314,701000953,0,EURO II,-43.340980529785156,-65.0572509765625,2026-02-06 00:27:47,0,0,,,,20.1,2026-02-05 21:27:47
1,Sitrack,0002314,701000953,0,EURO II,-43.34095001220703,-65.05725860595703,2026-02-06 00:31:59,250,0,,,,20.1,2026-02-05 21:31:59
1,Sitrack,0002314,701000953,0,EURO II,-43.34095001220703,-65.0572509765625,2026-02-06 00:46:59,2,0.054,,,,20.1,2026-02-05 21:46:59
3,Elec. Naval,0002322,701000956,0,DON ESCIPION,-36.340833333333333,-56.314166666666667,2026-02-06 00:09:00,205,7.6,005,08457,182,23.6,2026-02-05 21:09:00
3,Elec. Naval,0002322,701000956,0,DON ESCIPION,-36.371166666666667,-56.3295,2026-02-06 00:24:00,195,7.6,005,08457,182,23.6,2026-02-05 21:24:00
3,Elec. Naval,0002322,701000956,0,DON ESCIPION,-36.400833333333333,-56.343833333333333,2026-02-06 00:39:00,200,8.1,005,08457,182,23.6,2026-02-05 21:39:00
3,Elec. Naval,0002322,701000956,0,DON ESCIPION,-36.429166666666667,-56.358333333333333,2026-02-06 00:54:00,210,7,005,08457,182,23.6,2026-02-05 21:54:00
3,Elec. Naval,0002324,701000698,0,LA SANTA MARIA I,-38.0495,-57.535,2026-02-06 00:11:00,130,0,005,08457,170,22.89,2026-02-05 21:11:00
3,Elec. Naval,0002324,701000698,0,LA SANTA MARIA I,-38.0495,-57.535,2026-02-06 00:26:00,245,0,005,08457,170,22.89,2026-02-05 21:26:00
3,Elec. Naval,0002324,701000698,0,LA SANTA MARIA I,-38.0495,-57.535,2026-02-06 00:41:00,5,0,005,08457,170,22.89,2026-02-05 21:41:00
3,Elec. Naval,0002324,701000698,0,LA SANTA MARIA I,-38.0495,-57.535,2026-02-06 00:56:00,5,0,005,08457,170,22.89,2026-02-05 21:56:00
3,Elec. Naval,0002347,701000565,0,INDOMABLE,-38.050833333333333,-57.537833333333333,2026-02-06 00:21:00,175,0,005,08457,204,16.1,2026-02-05 21:21:00
4,Navalstar,0002350,701000557,0,NUEVO PESCADOR,-43.341883333333333,-65.05755,2026-02-06 00:00:00,0,0.1,010,08690,035,15.3,2026-02-05 21:00:00
4,Navalstar,0002350,701000557,0,NUEVO PESCADOR,-43.341883333333333,-65.057716666666667,2026-02-06 00:15:00,0,0.2,010,08690,035,15.3,2026-02-05 21:15:00
4,Navalstar,0002350,701000557,0,NUEVO PESCADOR,-43.341883333333333,-65.05755,2026-02-06 00:30:00,0,0.1,010,08690,035,15.3,2026-02-05 21:30:00
4,Navalstar,0002350,701000557,0,NUEVO PESCADOR,-43.341883333333333,-65.05755,2026-02-06 00:45:00,0,0.1,010,08690,035,15.3,2026-02-05 21:45:00
3,Elec. Naval,0002360,701000897,0,ENRIQUE F,-43.339666666666667,-65.059666666666667,2026-02-06 00:03:00,185,0,005,08473,034,16.9,2026-02-05 21:03:00
3,Elec. Naval,0002360,701000897,0,ENRIQUE F,-43.339666666666667,-65.059666666666667,2026-02-06 00:18:00,185,0,005,08473,034,16.9,2026-02-05 21:18:00
3,Elec. Naval,0002360,701000897,0,ENRIQUE F,-43.339666666666667,-65.059666666666667,2026-02-06 00:33:00,125,0,005,08473,034,16.9,2026-02-05 21:33:00
3,Elec. Naval,0002360,701000897,0,ENRIQUE F,-43.339666666666667,-65.059666666666667,2026-02-06 00:48:00,125,0,005,08473,034,16.9,2026-02-05 21:48:00
2,Tesacom,0002361,701000959,0,TAE BAEK 606,-47.529133333333333,-63.396433333333333,2026-02-06 00:13:00,18,0.9,008,,,55.22,2026-02-05 21:13:00
1,Sitrack,0002364,701000962,0,75 TAE BAEK,-47.26628112792969,-64.10952758789062,2026-02-06 00:25:47,140,0.594,,,,55.7,2026-02-05 21:25:47
1,Sitrack,0002378,0,0,MADRE INMACULADA,-42.738311767578125,-65.02765655517578,2026-02-06 00:41:40,18,0.054,,,,62.8,2026-02-05 21:41:40
3,Elec. Naval,0002379,701000960,0,ALVAREZ ENTRENA III,-38.924666666666667,-62.071333333333333,2026-02-06 00:08:00,165,0,005,08457,149,31.9,2026-02-05 21:08:00
3,Elec. Naval,0002379,701000960,0,ALVAREZ ENTRENA III,-38.924666666666667,-62.071333333333333,2026-02-06 00:11:00,205,0,005,08466,090,31.9,2026-02-05 21:11:00
3,Elec. Naval,0002379,701000960,0,ALVAREZ ENTRENA III,-38.924666666666667,-62.071333333333333,2026-02-06 00:23:00,165,0,005,08457,149,31.9,2026-02-05 21:23:00
3,Elec. Naval,0002379,701000960,0,ALVAREZ ENTRENA III,-38.924666666666667,-62.071333333333333,2026-02-06 00:26:00,145,0,005,08466,090,31.9,2026-02-05 21:26:00
3,Elec. Naval,0002379,701000960,0,ALVAREZ ENTRENA III,-38.924666666666667,-62.071333333333333,2026-02-06 00:38:00,165,0,005,08457,149,31.9,2026-02-05 21:38:00
3,Elec. Naval,0002379,701000960,0,ALVAREZ ENTRENA III,-38.924666666666667,-62.071333333333333,2026-02-06 00:41:00,150,0,005,08466,090,31.9,2026-02-05 21:41:00
3,Elec. Naval,0002379,701000960,0,ALVAREZ ENTRENA III,-38.924666666666667,-62.071333333333333,2026-02-06 00:53:00,35,0,005,08457,149,31.9,2026-02-05 21:53:00
3,Elec. Naval,0002379,701000960,0,ALVAREZ ENTRENA III,-38.924666666666667,-62.071666666666667,2026-02-06 00:56:00,45,0,005,08466,090,31.9,2026-02-05 21:56:00
3,Elec. Naval,0002384,701000964,0,POPA,-38.0495,-57.535333333333333,2026-02-06 00:13:00,195,0,005,08466,244,23.4,2026-02-05 21:13:00
3,Elec. Naval,0002384,701000964,0,POPA,-38.0495,-57.535333333333333,2026-02-06 00:28:00,195,0,005,08466,244,23.4,2026-02-05 21:28:00
3,Elec. Naval,0002384,701000964,0,POPA,-38.0495,-57.535333333333333,2026-02-06 00:43:00,195,0,005,08466,244,23.4,2026-02-05 21:43:00
3,Elec. Naval,0002384,701000964,0,POPA,-38.0495,-57.535333333333333,2026-02-06 00:58:00,195,0,005,08466,244,23.4,2026-02-05 21:58:00
3,Elec. Naval,0002413,0,0,STELLA MARIS,-38.05,-57.537833333333333,2026-02-06 00:23:00,265,0,005,08473,067,14.75,2026-02-05 21:23:00
3,Elec. Naval,0002416,701000572,0,DIEGO FERNANDO,-43.587166666666667,-65.032,2026-02-06 00:13:00,350,1.6,005,08466,029,17.95,2026-02-05 21:13:00
3,Elec. Naval,0002416,701000572,0,DIEGO FERNANDO,-43.584166666666667,-65.031333333333333,2026-02-06 00:28:00,5,0,005,08466,029,17.95,2026-02-05 21:28:00
3,Elec. Naval,0002416,701000572,0,DIEGO FERNANDO,-43.581166666666667,-65.030833333333333,2026-02-06 00:43:00,20,0.5,005,08466,029,17.95,2026-02-05 21:43:00
3,Elec. Naval,0002416,701000572,0,DIEGO FERNANDO,-43.578666666666667,-65.0305,2026-02-06 00:58:00,0,0.5,005,08466,029,17.95,2026-02-05 21:58:00
3,Elec. Naval,0002439,701000577,0,MISS TIDE,-38.193,-56.533,2026-02-06 00:08:00,95,8.1,005,08457,178,52.52,2026-02-05 21:08:00
3,Elec. Naval,0002439,701000577,0,MISS TIDE,-38.1975,-56.491333333333333,2026-02-06 00:23:00,100,7.6,005,08457,178,52.52,2026-02-05 21:23:00
3,Elec. Naval,0002439,701000577,0,MISS TIDE,-38.202,-56.45,2026-02-06 00:38:00,105,7.6,005,08457,178,52.52,2026-02-05 21:38:00
3,Elec. Naval,0002439,701000577,0,MISS TIDE,-38.206333333333333,-56.408666666666667,2026-02-06 00:53:00,90,8.1,005,08457,178,52.52,2026-02-05 21:53:00
3,Elec. Naval,0002465,701006094,0,ALVAREZ ENTRENA II,-38.924666666666667,-62.071666666666667,2026-02-06 00:07:00,15,0,005,08457,026,39.5,2026-02-05 21:07:00
3,Elec. Naval,0002465,701006094,0,ALVAREZ ENTRENA II,-38.924666666666667,-62.071666666666667,2026-02-06 00:22:00,120,0,005,08457,026,39.5,2026-02-05 21:22:00
3,Elec. Naval,0002465,701006094,0,ALVAREZ ENTRENA II,-38.924666666666667,-62.071666666666667,2026-02-06 00:37:00,120,0,005,08457,026,39.5,2026-02-05 21:37:00
3,Elec. Naval,0002465,701006094,0,ALVAREZ ENTRENA II,-38.924666666666667,-62.071666666666667,2026-02-06 00:52:00,355,0,005,08457,026,39.5,2026-02-05 21:52:00
3,Elec. Naval,0002532,701006127,0,VAMOS A PROBAR I,-43.3395,-65.060333333333333,2026-02-06 00:01:00,270,0,005,08473,074,18.57,2026-02-05 21:01:00
3,Elec. Naval,0002532,701006127,0,VAMOS A PROBAR I,-43.3395,-65.060333333333333,2026-02-06 00:16:00,270,0,005,08473,074,18.57,2026-02-05 21:16:00
3,Elec. Naval,0002532,701006127,0,VAMOS A PROBAR I,-43.3395,-65.060333333333333,2026-02-06 00:31:00,270,0,005,08473,074,18.57,2026-02-05 21:31:00
3,Elec. Naval,0002532,701006127,0,VAMOS A PROBAR I,-43.3395,-65.060333333333333,2026-02-06 00:46:00,175,0,005,08473,074,18.57,2026-02-05 21:46:00
3,Elec. Naval,0002561,701006133,0,ARBUMASA XXIX,-47.248333333333333,-64.274666666666667,2026-02-06 00:29:00,170,0,005,08466,253,65.6,2026-02-05 21:29:00
1,Sitrack,0002562,0,0,DON FRANCISCO I,-47.3024787902832,-64.05386352539062,2026-02-06 00:39:43,167,0.162,,,,66.55,2026-02-05 21:39:43
1,Sitrack,0002562,0,0,DON FRANCISCO I,-47.302528381347656,-64.0539321899414,2026-02-06 00:40:21,160,0.27,,,,66.55,2026-02-05 21:40:21
1,Sitrack,0002563,701006132,0,VIEIRASA DIECIOCHO,-47.50899887084961,-63.25962829589844,2026-02-06 00:09:10,232,7.7754,,,,67.78,2026-02-05 21:09:10
1,Sitrack,0002563,701006132,0,VIEIRASA DIECIOCHO,-47.53242874145508,-63.29998016357422,2026-02-06 00:24:10,230,8.7473,,,,67.78,2026-02-05 21:24:10
1,Sitrack,0002563,701006132,0,VIEIRASA DIECIOCHO,-47.55723190307617,-63.342010498046875,2026-02-06 00:39:10,228,8.9633,,,,67.78,2026-02-05 21:39:10
1,Sitrack,0002563,701006132,0,VIEIRASA DIECIOCHO,-47.58393096923828,-63.380279541015625,2026-02-06 00:54:10,222,9.5572,,,,67.78,2026-02-05 21:54:10
2,Tesacom,0002568,701006131,0,VIEIRASA DIECISIETE,-47.384516666666667,-63.75645,2026-02-06 00:14:00,164,7.9,008,,,59.03,2026-02-05 21:14:00
2,Tesacom,0002568,701006131,0,VIEIRASA DIECISIETE,-47.414716666666667,-63.7452,2026-02-06 00:29:00,164,6.4,008,,,59.03,2026-02-05 21:29:00
1,Sitrack,0002568,701006060,0,VIEIRASA DIECISIETE,-47.46295928955078,-63.72806167602539,2026-02-06 00:39:24,165,6.9654,,,,59.03,2026-02-05 21:39:24
2,Tesacom,0002568,701006131,0,VIEIRASA DIECISIETE,-47.443766666666667,-63.734766666666667,2026-02-06 00:44:00,165,7.6,008,,,59.03,2026-02-05 21:44:00
2,Tesacom,0002568,701006131,0,VIEIRASA DIECISIETE,-47.474116666666667,-63.724433333333333,2026-02-06 00:59:00,153,6.9,008,,,59.03,2026-02-05 21:59:00
1,Sitrack,0002569,701006119,0,ARBUMASA XXVIII,-47.578651428222656,-63.23255157470703,2026-02-06 00:06:15,162,0.6479,,,,64.4,2026-02-05 21:06:15
3,Elec. Naval,0002574,701006135,0,SCIROCCO,-47.3325,-64.082833333333333,2026-02-06 00:36:00,190,0,005,08473,097,65.93,2026-02-05 21:36:00
4,Navalstar,0002575,701006139,0,ESTRELLA NO 11,-47.374383333333333,-64.188716666666667,2026-02-06 00:00:00,133,0.5,010,08616,048,67.05,2026-02-05 21:00:00
3,Elec. Naval,0002576,701006140,0,NANINA,-47.112833333333333,-64.034166666666667,2026-02-06 00:11:00,5,0,005,08457,056,72.08,2026-02-05 21:11:00
3,Elec. Naval,0002577,701006138,0,ESPERANZA 909,-47.138333333333333,-62.9125,2026-02-06 00:32:00,330,0,005,08457,058,72.34,2026-02-05 21:32:00
1,Sitrack,0002581,701006149,0,AURORA,-47.29444885253906,-63.994998931884766,2026-02-06 00:11:46,282,0.594,,,,67.55,2026-02-05 21:11:46
1,Sitrack,0002581,701006149,0,AURORA,-47.294700622558594,-63.99626159667969,2026-02-06 00:26:46,225,0.594,,,,67.55,2026-02-05 21:26:46
1,Sitrack,0002581,701006149,0,AURORA,-47.294708251953125,-63.99637985229492,2026-02-06 00:27:51,306,0.9719,,,,67.55,2026-02-05 21:27:51
1,Sitrack,0002581,701006149,0,AURORA,-47.29520034790039,-63.9976806640625,2026-02-06 00:41:46,180,0.162,,,,67.55,2026-02-05 21:41:46
1,Sitrack,0002581,701006149,0,AURORA,-47.296268463134766,-63.99871826171875,2026-02-06 00:56:46,170,0.378,,,,67.55,2026-02-05 21:56:46
2,Tesacom,0002584,701006145,0,CHOKYU MARU 18,-47.343533333333333,-63.844033333333333,2026-02-06 00:08:00,0,0.3,008,,,68.7,2026-02-05 21:08:00
2,Tesacom,0002584,701006145,0,CHOKYU MARU 18,-47.344116666666667,-63.84345,2026-02-06 00:23:00,0,0.3,008,,,68.7,2026-02-05 21:23:00
2,Tesacom,0002584,701006145,0,CHOKYU MARU 18,-47.345283333333333,-63.8427,2026-02-06 00:38:00,0,0.3,008,,,68.7,2026-02-05 21:38:00
2,Tesacom,0002584,701006145,0,CHOKYU MARU 18,-47.347,-63.841933333333333,2026-02-06 00:53:00,148,0.5,008,,,68.7,2026-02-05 21:53:00
1,Sitrack,0002593,701006151,0,DOMAIO,-47.24885940551758,-64.00952911376953,2026-02-06 00:09:52,166,0.27,,,,65.77,2026-02-05 21:09:52
1,Sitrack,0002593,701006151,0,DOMAIO,-47.24951171875,-64.0101318359375,2026-02-06 00:24:52,262,0.162,,,,65.77,2026-02-05 21:24:52
1,Sitrack,0002593,701006151,0,DOMAIO,-47.25053024291992,-64.01094055175781,2026-02-06 00:39:52,186,0.378,,,,65.77,2026-02-05 21:39:52
1,Sitrack,0002593,701006151,0,DOMAIO,-47.25217819213867,-64.01142883300781,2026-02-06 00:54:52,158,0.8639,,,,65.77,2026-02-05 21:54:52
2,Tesacom,0002611,0,0,SOHO MARU 58,-47.483466666666667,-63.20235,2026-02-06 00:09:00,0,0.5,008,,,65.67,2026-02-05 21:09:00
2,Tesacom,0002611,0,0,SOHO MARU 58,-47.483333333333333,-63.203566666666667,2026-02-06 00:24:00,0,0.9,008,,,65.67,2026-02-05 21:24:00
2,Tesacom,0002611,0,0,SOHO MARU 58,-47.4841,-63.2012,2026-02-06 00:37:00,307,1.1,008,,,65.67,2026-02-05 21:37:00
2,Tesacom,0002611,0,0,SOHO MARU 58,-47.483866666666667,-63.204333333333333,2026-02-06 00:39:00,191,1.2,008,,,65.67,2026-02-05 21:39:00
2,Tesacom,0002611,0,0,SOHO MARU 58,-47.484416666666667,-63.20505,2026-02-06 00:54:00,216,0.2,008,,,65.67,2026-02-05 21:54:00
3,Elec. Naval,0002614,701006164,0,VALERIA ALEJANDRA,-43.339666666666667,-65.06,2026-02-06 00:00:00,0,0,005,08466,243,16.92,2026-02-05 21:00:00
3,Elec. Naval,0002614,701006164,0,VALERIA ALEJANDRA,-43.339666666666667,-65.06,2026-02-06 00:15:00,0,0,005,08466,243,16.92,2026-02-05 21:15:00
3,Elec. Naval,0002614,701006164,0,VALERIA ALEJANDRA,-43.339666666666667,-65.06,2026-02-06 00:30:00,145,0,005,08466,243,16.92,2026-02-05 21:30:00
3,Elec. Naval,0002614,701006164,0,VALERIA ALEJANDRA,-43.339666666666667,-65.06,2026-02-06 00:45:00,145,0,005,08466,243,16.92,2026-02-05 21:45:00
3,Elec. Naval,0002615,701006134,0,SANTA MARIA MADRE,-43.341333333333333,-65.058333333333333,2026-02-06 00:02:00,190,0,005,08466,185,20.5,2026-02-05 21:02:00
3,Elec. Naval,0002615,701006134,0,SANTA MARIA MADRE,-43.341333333333333,-65.058333333333333,2026-02-06 00:17:00,190,0,005,08466,185,20.5,2026-02-05 21:17:00
3,Elec. Naval,0002615,701006134,0,SANTA MARIA MADRE,-43.341333333333333,-65.058333333333333,2026-02-06 00:32:00,180,0,005,08466,185,20.5,2026-02-05 21:32:00
3,Elec. Naval,0002615,701006134,0,SANTA MARIA MADRE,-43.341333333333333,-65.058333333333333,2026-02-06 00:47:00,190,0,005,08466,185,20.5,2026-02-05 21:47:00
2,Tesacom,0002624,701006144,0,HOYO MARU 37,-47.2722,-63.178,2026-02-06 00:57:00,172,8.4,008,,,64.12,2026-02-05 21:57:00
3,Elec. Naval,0002634,701006137,0,NUEVA NEPTUNIA I,-43.340833333333333,-65.058333333333333,2026-02-06 00:00:00,320,0,005,08466,175,20,2026-02-05 21:00:00
3,Elec. Naval,0002634,701006137,0,NUEVA NEPTUNIA I,-43.340833333333333,-65.058333333333333,2026-02-06 00:15:00,300,0,005,08466,175,20,2026-02-05 21:15:00
3,Elec. Naval,0002634,701006137,0,NUEVA NEPTUNIA I,-43.340833333333333,-65.058333333333333,2026-02-06 00:30:00,300,0,005,08466,175,20,2026-02-05 21:30:00
3,Elec. Naval,0002634,701006137,0,NUEVA NEPTUNIA I,-43.341166666666667,-65.057833333333333,2026-02-06 00:45:00,85,0,005,08466,175,20,2026-02-05 21:45:00
1,Sitrack,0002635,701006174,0,BAFFETTA,-45.860801696777344,-67.45886993408203,2026-02-06 00:23:29,206,2.2678,,,,19.45,2026-02-05 21:23:29
1,Sitrack,0002635,701006174,0,BAFFETTA,-45.86214828491211,-67.4610595703125,2026-02-06 00:29:30,196,0.054,,,,19.45,2026-02-05 21:29:30
1,Sitrack,0002635,701006174,0,BAFFETTA,-45.86214828491211,-67.46096801757812,2026-02-06 00:53:29,315,0.054,,,,19.45,2026-02-05 21:53:29
1,Sitrack,0002635,701006174,0,BAFFETTA,-45.86214828491211,-67.4609603881836,2026-02-06 00:59:30,172,0.054,,,,19.45,2026-02-05 21:59:30
1,Sitrack,0002637,701006183,0,ORION 5,-47.496681213378906,-63.81285095214844,2026-02-06 00:12:40,135,0.378,,,,65.62,2026-02-05 21:12:40
1,Sitrack,0002637,701006183,0,ORION 5,-47.49763107299805,-63.81258010864258,2026-02-06 00:27:40,168,0.7559,,,,65.62,2026-02-05 21:27:40
1,Sitrack,0002637,701006183,0,ORION 5,-47.49885940551758,-63.81245040893555,2026-02-06 00:42:40,197,0.162,,,,65.62,2026-02-05 21:42:40
1,Sitrack,0002637,701006183,0,ORION 5,-47.500511169433594,-63.8120002746582,2026-02-06 00:55:06,150,0.054,,,,65.62,2026-02-05 21:55:06
1,Sitrack,0002637,701006183,0,ORION 5,-47.50077819824219,-63.81195831298828,2026-02-06 00:57:40,157,0.162,,,,65.62,2026-02-05 21:57:40
3,Elec. Naval,0002643,701006196,0,SAN BENEDETTO,-38.0505,-57.536166666666667,2026-02-06 00:36:00,0,0,005,08466,118,15.38,2026-02-05 21:36:00
4,Navalstar,0002654,701006197,0,SIEMPRE DON VICENTE,-43.34105,-65.056883333333333,2026-02-06 00:00:00,0,0.2,010,08690,090,18.94,2026-02-05 21:00:00
4,Navalstar,0002654,701006197,0,SIEMPRE DON VICENTE,-43.34105,-65.056883333333333,2026-02-06 00:15:00,0,0.1,010,08690,090,18.94,2026-02-05 21:15:00
4,Navalstar,0002654,701006197,0,SIEMPRE DON VICENTE,-43.34105,-65.056883333333333,2026-02-06 00:30:00,0,0.1,010,08690,090,18.94,2026-02-05 21:30:00
4,Navalstar,0002654,701006197,0,SIEMPRE DON VICENTE,-43.340883333333333,-65.056383333333333,2026-02-06 00:45:00,0,0.3,010,08690,090,18.94,2026-02-05 21:45:00
2,Tesacom,0002661,701006182,0,ARGENOVA XXI,-54.72365,-63.016833333333333,2026-02-06 00:08:00,327,2.6,008,,,55.8,2026-02-05 21:08:00
2,Tesacom,0002661,701006182,0,ARGENOVA XXI,-54.722116666666667,-63.0257,2026-02-06 00:23:00,211,2.6,008,,,55.8,2026-02-05 21:23:00
2,Tesacom,0002661,701006182,0,ARGENOVA XXI,-54.722016666666667,-63.03555,2026-02-06 00:38:00,298,1.8,008,,,55.8,2026-02-05 21:38:00
2,Tesacom,0002661,701006182,0,ARGENOVA XXI,-54.72265,-63.04355,2026-02-06 00:53:00,255,1.6,008,,,55.8,2026-02-05 21:53:00
3,Elec. Naval,0002679,701006282,0,SOFIA B,-43.342,-65.058,2026-02-06 00:00:00,265,0,005,08473,099,19.65,2026-02-05 21:00:00
3,Elec. Naval,0002679,701006282,0,SOFIA B,-43.342,-65.057833333333333,2026-02-06 00:15:00,165,0,005,08473,099,19.65,2026-02-05 21:15:00
3,Elec. Naval,0002679,701006282,0,SOFIA B,-43.342,-65.057833333333333,2026-02-06 00:30:00,10,0,005,08473,099,19.65,2026-02-05 21:30:00
3,Elec. Naval,0002679,701006282,0,SOFIA B,-43.342,-65.058,2026-02-06 00:45:00,355,0,005,08473,099,19.65,2026-02-05 21:45:00
3,Elec. Naval,0002687,701006215,0,SIEMPRE DON CONRADO,-43.3395,-65.06,2026-02-06 00:08:00,30,0,005,08466,137,19.4,2026-02-05 21:08:00
3,Elec. Naval,0002687,701006215,0,SIEMPRE DON CONRADO,-43.3395,-65.06,2026-02-06 00:23:00,90,0,005,08466,137,19.4,2026-02-05 21:23:00
3,Elec. Naval,0002687,701006215,0,SIEMPRE DON CONRADO,-43.3395,-65.06,2026-02-06 00:38:00,90,0,005,08466,137,19.4,2026-02-05 21:38:00
3,Elec. Naval,0002687,701006215,0,SIEMPRE DON CONRADO,-43.3395,-65.06,2026-02-06 00:53:00,90,0,005,08466,137,19.4,2026-02-05 21:53:00
3,Elec. Naval,0002695,701006122,0,JUAN PABLO II,-35.525833333333333,-55.6425,2026-02-06 00:01:00,255,3.8,005,08466,139,22.49,2026-02-05 21:01:00
3,Elec. Naval,0002695,701006122,0,JUAN PABLO II,-35.526166666666667,-55.659666666666667,2026-02-06 00:14:00,275,3.8,005,08466,138,22.49,2026-02-05 21:14:00
3,Elec. Naval,0002695,701006122,0,JUAN PABLO II,-35.526166666666667,-55.662166666666667,2026-02-06 00:16:00,270,3.8,005,08466,139,22.49,2026-02-05 21:16:00
3,Elec. Naval,0002695,701006122,0,JUAN PABLO II,-35.526666666666667,-55.678833333333333,2026-02-06 00:29:00,255,3.2,005,08466,138,22.49,2026-02-05 21:29:00
3,Elec. Naval,0002695,701006122,0,JUAN PABLO II,-35.527,-55.681333333333333,2026-02-06 00:31:00,260,3.8,005,08466,139,22.49,2026-02-05 21:31:00
3,Elec. Naval,0002695,701006122,0,JUAN PABLO II,-35.529166666666667,-55.698,2026-02-06 00:44:00,255,3.2,005,08466,138,22.49,2026-02-05 21:44:00
3,Elec. Naval,0002695,701006122,0,JUAN PABLO II,-35.5295,-55.7005,2026-02-06 00:46:00,265,3.8,005,08466,139,22.49,2026-02-05 21:46:00
3,Elec. Naval,0002695,701006122,0,JUAN PABLO II,-35.53,-55.7175,2026-02-06 00:59:00,260,3.8,005,08466,138,22.49,2026-02-05 21:59:00
3,Elec. Naval,0002699,701006235,0,PORTO BELO I,-35.597166666666667,-54.008666666666667,2026-02-06 00:03:00,55,3.8,005,08466,148,23.98,2026-02-05 21:03:00
3,Elec. Naval,0002699,701006235,0,PORTO BELO I,-35.593666666666667,-54.000333333333333,2026-02-06 00:09:00,65,3.8,005,08473,150,23.98,2026-02-05 21:09:00
3,Elec. Naval,0002699,701006235,0,PORTO BELO I,-35.5895,-53.9905,2026-02-06 00:18:00,55,3.8,005,08466,148,23.98,2026-02-05 21:18:00
3,Elec. Naval,0002699,701006235,0,PORTO BELO I,-35.585833333333333,-53.9825,2026-02-06 00:24:00,45,3.8,005,08473,150,23.98,2026-02-05 21:24:00
3,Elec. Naval,0002699,701006235,0,PORTO BELO I,-35.581666666666667,-53.973,2026-02-06 00:33:00,55,3.8,005,08466,148,23.98,2026-02-05 21:33:00
3,Elec. Naval,0002699,701006235,0,PORTO BELO I,-35.5805,-53.971333333333333,2026-02-06 00:39:00,30,1.1,005,08473,150,23.98,2026-02-05 21:39:00
3,Elec. Naval,0002699,701006235,0,PORTO BELO I,-35.578333333333333,-53.968333333333333,2026-02-06 00:48:00,210,0,005,08466,148,23.98,2026-02-05 21:48:00
3,Elec. Naval,0002699,701006235,0,PORTO BELO I,-35.578,-53.9675,2026-02-06 00:54:00,65,1.1,005,08473,150,23.98,2026-02-05 21:54:00
3,Elec. Naval,0002703,701006300,0,RASMUS EFFERSOE,-45.662166666666667,-61.757,2026-02-06 00:10:00,5,11.3,005,08457,017,44.6,2026-02-05 21:10:00
3,Elec. Naval,0002703,701006300,0,RASMUS EFFERSOE,-45.620833333333333,-61.728666666666667,2026-02-06 00:25:00,20,11.9,005,08457,017,44.6,2026-02-05 21:25:00
3,Elec. Naval,0002703,701006300,0,RASMUS EFFERSOE,-45.5775,-61.707166666666667,2026-02-06 00:40:00,20,10.8,005,08457,017,44.6,2026-02-05 21:40:00
3,Elec. Naval,0002703,701006300,0,RASMUS EFFERSOE,-45.533,-61.688666666666667,2026-02-06 00:55:00,10,9.7,005,08457,017,44.6,2026-02-05 21:55:00
3,Elec. Naval,0002722,701006382,0,GALA,-38.0505,-57.535833333333333,2026-02-06 00:51:00,275,0,005,08466,177,15.2,2026-02-05 21:51:00
1,Sitrack,0002724,701006385,0,TANGO I,-45.83311080932617,-66.98896026611328,2026-02-06 00:18:54,16,8.5853,,,,50.4,2026-02-05 21:18:54
2,Tesacom,0002724,701006385,0,TANGO I,-45.96375,-66.984766666666667,2026-02-06 00:23:00,343,4.9,008,,,50.4,2026-02-05 21:23:00
3,Elec. Naval,0002728,701006390,0,MADRE MARGARITA,-38.048833333333333,-57.538333333333333,2026-02-06 00:01:00,175,0,005,08466,186,25.6,2026-02-05 21:01:00
3,Elec. Naval,0002728,701006390,0,MADRE MARGARITA,-38.048833333333333,-57.538333333333333,2026-02-06 00:16:00,175,0,005,08466,186,25.6,2026-02-05 21:16:00
3,Elec. Naval,0002728,701006390,0,MADRE MARGARITA,-38.048833333333333,-57.538333333333333,2026-02-06 00:31:00,175,0,005,08466,186,25.6,2026-02-05 21:31:00
3,Elec. Naval,0002728,701006390,0,MADRE MARGARITA,-38.048833333333333,-57.538333333333333,2026-02-06 00:46:00,175,0,005,08466,186,25.6,2026-02-05 21:46:00
3,Elec. Naval,0002738,701006341,0,MARIA GLORIA,-38.048833333333333,-57.537,2026-02-06 00:12:00,140,0,005,08466,217,28.05,2026-02-05 21:12:00
3,Elec. Naval,0002738,701006341,0,MARIA GLORIA,-38.048833333333333,-57.536666666666667,2026-02-06 00:14:00,30,0,005,08466,218,28.05,2026-02-05 21:14:00
3,Elec. Naval,0002738,701006341,0,MARIA GLORIA,-38.048833333333333,-57.537,2026-02-06 00:27:00,140,0,005,08466,217,28.05,2026-02-05 21:27:00
3,Elec. Naval,0002738,701006341,0,MARIA GLORIA,-38.048833333333333,-57.536666666666667,2026-02-06 00:29:00,40,0,005,08466,218,28.05,2026-02-05 21:29:00
3,Elec. Naval,0002738,701006341,0,MARIA GLORIA,-38.048833333333333,-57.537,2026-02-06 00:42:00,350,0,005,08466,217,28.05,2026-02-05 21:42:00
3,Elec. Naval,0002738,701006341,0,MARIA GLORIA,-38.048833333333333,-57.537,2026-02-06 00:44:00,55,0,005,08466,218,28.05,2026-02-05 21:44:00
3,Elec. Naval,0002738,701006341,0,MARIA GLORIA,-38.048833333333333,-57.537,2026-02-06 00:57:00,345,0,005,08466,217,28.05,2026-02-05 21:57:00
3,Elec. Naval,0002738,701006341,0,MARIA GLORIA,-38.048833333333333,-57.537,2026-02-06 00:59:00,145,0,005,08466,218,28.05,2026-02-05 21:59:00
3,Elec. Naval,0002755,701006409,0,SALVADOR R,-39.637166666666667,-58.4375,2026-02-06 00:01:00,200,9.7,005,08466,216,25.7,2026-02-05 21:01:00
3,Elec. Naval,0002755,701006409,0,SALVADOR R,-39.656666666666667,-58.451333333333333,2026-02-06 00:11:00,200,8.6,005,08466,215,25.7,2026-02-05 21:11:00
3,Elec. Naval,0002755,701006409,0,SALVADOR R,-39.666166666666667,-58.458,2026-02-06 00:16:00,210,7,005,08466,216,25.7,2026-02-05 21:16:00
3,Elec. Naval,0002755,701006409,0,SALVADOR R,-39.685,-58.472166666666667,2026-02-06 00:26:00,210,8.1,005,08466,215,25.7,2026-02-05 21:26:00
3,Elec. Naval,0002755,701006409,0,SALVADOR R,-39.694166666666667,-58.478666666666667,2026-02-06 00:31:00,220,7.6,005,08466,216,25.7,2026-02-05 21:31:00
3,Elec. Naval,0002755,701006409,0,SALVADOR R,-39.713833333333333,-58.492833333333333,2026-02-06 00:41:00,200,8.1,005,08466,215,25.7,2026-02-05 21:41:00
3,Elec. Naval,0002755,701006409,0,SALVADOR R,-39.722833333333333,-58.498833333333333,2026-02-06 00:46:00,200,4.9,005,08466,216,25.7,2026-02-05 21:46:00
3,Elec. Naval,0002755,701006409,0,SALVADOR R,-39.742833333333333,-58.513,2026-02-06 00:56:00,220,7,005,08466,215,25.7,2026-02-05 21:56:00
3,Elec. Naval,0002761,701006236,0,ALVAREZ ENTRENA IV,-43.34,-65.0605,2026-02-06 00:11:00,30,0,005,08466,018,17.2,2026-02-05 21:11:00
3,Elec. Naval,0002761,701006236,0,ALVAREZ ENTRENA IV,-43.34,-65.0605,2026-02-06 00:12:00,0,0,005,08466,198,17.2,2026-02-05 21:12:00
3,Elec. Naval,0002761,701006236,0,ALVAREZ ENTRENA IV,-43.34,-65.0605,2026-02-06 00:26:00,30,0,005,08466,018,17.2,2026-02-05 21:26:00
3,Elec. Naval,0002761,701006236,0,ALVAREZ ENTRENA IV,-43.34,-65.0605,2026-02-06 00:27:00,0,0,005,08466,198,17.2,2026-02-05 21:27:00
3,Elec. Naval,0002761,701006236,0,ALVAREZ ENTRENA IV,-43.34,-65.0605,2026-02-06 00:41:00,160,0,005,08466,018,17.2,2026-02-05 21:41:00
3,Elec. Naval,0002761,701006236,0,ALVAREZ ENTRENA IV,-43.34,-65.060833333333333,2026-02-06 00:42:00,0,0,005,08466,198,17.2,2026-02-05 21:42:00
3,Elec. Naval,0002761,701006236,0,ALVAREZ ENTRENA IV,-43.34,-65.0605,2026-02-06 00:56:00,170,0,005,08466,018,17.2,2026-02-05 21:56:00
3,Elec. Naval,0002761,701006236,0,ALVAREZ ENTRENA IV,-43.34,-65.0605,2026-02-06 00:57:00,0,0,005,08466,198,17.2,2026-02-05 21:57:00
3,Elec. Naval,0002767,701006426,0,VIRGEN DEL MILAGRO,-43.341666666666667,-65.058333333333333,2026-02-06 00:01:00,10,0,005,08466,232,19.93,2026-02-05 21:01:00
3,Elec. Naval,0002767,701006426,0,VIRGEN DEL MILAGRO,-43.341666666666667,-65.058333333333333,2026-02-06 00:16:00,10,0,005,08466,232,19.93,2026-02-05 21:16:00
3,Elec. Naval,0002767,701006426,0,VIRGEN DEL MILAGRO,-43.341666666666667,-65.058333333333333,2026-02-06 00:31:00,245,0,005,08466,232,19.93,2026-02-05 21:31:00
3,Elec. Naval,0002767,701006426,0,VIRGEN DEL MILAGRO,-43.341333333333333,-65.058333333333333,2026-02-06 00:46:00,280,0,005,08466,232,19.93,2026-02-05 21:46:00
1,Sitrack,0002771,701097000,0,MYRDOMA F,-33.97901153564453,-59.16709899902344,2026-02-06 00:12:59,238,0,,,,38.55,2026-02-05 21:12:59
1,Sitrack,0002771,701097000,0,MYRDOMA F,-33.978981018066406,-59.167110443115234,2026-02-06 00:13:02,288,0,,,,38.55,2026-02-05 21:13:02
1,Sitrack,0002771,701097000,0,MYRDOMA F,-33.97893142700195,-59.167049407958984,2026-02-06 00:28:02,288,0.054,,,,38.55,2026-02-05 21:28:02
1,Sitrack,0002771,701097000,0,MYRDOMA F,-33.978981018066406,-59.16712951660156,2026-02-06 00:43:02,288,0,,,,38.55,2026-02-05 21:43:02
1,Sitrack,0002771,701097000,0,MYRDOMA F,-33.97895812988281,-59.16707992553711,2026-02-06 00:58:02,148,0,,,,38.55,2026-02-05 21:58:02
4,Navalstar,0002775,701006427,0,DUKAT,-47.755716666666667,-65.90605,2026-02-06 00:00:00,0,0.1,010,08690,034,50.8,2026-02-05 21:00:00
4,Navalstar,0002775,701006427,0,DUKAT,-47.755716666666667,-65.90605,2026-02-06 00:15:00,0,0,010,08690,034,50.8,2026-02-05 21:15:00
4,Navalstar,0002775,701006427,0,DUKAT,-47.755716666666667,-65.90605,2026-02-06 00:30:00,0,0,010,08690,034,50.8,2026-02-05 21:30:00
4,Navalstar,0002775,701006427,0,DUKAT,-47.755716666666667,-65.90605,2026-02-06 00:45:00,0,0,010,08690,034,50.8,2026-02-05 21:45:00
1,Sitrack,0002781,701006445,0,API V,-47.12596130371094,-61.52225112915039,2026-02-06 00:02:19,108,3.9957,,,,77.4,2026-02-05 21:02:19
1,Sitrack,0002781,701006445,0,API V,-47.13890838623047,-61.54444885253906,2026-02-06 00:17:19,228,5.4536,,,,77.4,2026-02-05 21:17:19
1,Sitrack,0002781,701006445,0,API V,-47.153499603271484,-61.57571029663086,2026-02-06 00:32:19,236,4.5896,,,,77.4,2026-02-05 21:32:19
1,Sitrack,0002781,701006445,0,API V,-47.168060302734375,-61.606529235839844,2026-02-06 00:47:19,214,6.0475,,,,77.4,2026-02-05 21:47:19
3,Elec. Naval,0002790,701006447,0,PORTO BELO II,-46.711666666666667,-65.9525,2026-02-06 00:11:00,130,0,005,08457,012,23.98,2026-02-05 21:11:00
4,Navalstar,0002791,701006450,0,TANGO II,-46.348216666666667,-66.153216666666667,2026-02-06 00:00:00,2,6.1,010,08690,007,50.4,2026-02-05 21:00:00
4,Navalstar,0002791,701006450,0,TANGO II,-46.325716666666667,-66.13405,2026-02-06 00:15:00,56,8.1,010,08690,007,50.4,2026-02-05 21:15:00
4,Navalstar,0002791,701006450,0,TANGO II,-46.30605,-66.09405,2026-02-06 00:30:00,59,8.4,010,08690,007,50.4,2026-02-05 21:30:00
4,Navalstar,0002791,701006450,0,TANGO II,-46.286216666666667,-66.053716666666667,2026-02-06 00:45:00,53,8.2,010,08690,007,50.4,2026-02-05 21:45:00
3,Elec. Naval,0002809,701006394,0,CALIZ,-43.341333333333333,-65.056333333333333,2026-02-06 00:00:00,80,0,005,08466,141,20.2,2026-02-05 21:00:00
3,Elec. Naval,0002809,701006394,0,CALIZ,-43.341666666666667,-65.056333333333333,2026-02-06 00:13:00,75,0,005,08457,057,20.2,2026-02-05 21:13:00
3,Elec. Naval,0002809,701006394,0,CALIZ,-43.341666666666667,-65.056333333333333,2026-02-06 00:15:00,335,0,005,08466,141,20.2,2026-02-05 21:15:00
3,Elec. Naval,0002809,701006394,0,CALIZ,-43.341666666666667,-65.056333333333333,2026-02-06 00:28:00,75,0,005,08457,057,20.2,2026-02-05 21:28:00
3,Elec. Naval,0002809,701006394,0,CALIZ,-43.341333333333333,-65.056333333333333,2026-02-06 00:30:00,335,0,005,08466,141,20.2,2026-02-05 21:30:00
3,Elec. Naval,0002809,701006394,0,CALIZ,-43.341666666666667,-65.056333333333333,2026-02-06 00:44:00,75,0,005,08457,057,20.2,2026-02-05 21:44:00
3,Elec. Naval,0002809,701006394,0,CALIZ,-43.341333333333333,-65.056333333333333,2026-02-06 00:45:00,100,0,005,08466,141,20.2,2026-02-05 21:45:00
3,Elec. Naval,0002809,701006394,0,CALIZ,-43.341666666666667,-65.056333333333333,2026-02-06 00:59:00,75,0,005,08457,057,20.2,2026-02-05 21:59:00
1,Sitrack,0002812,701006468,0,API VI,-38.05213165283203,-57.53641128540039,2026-02-06 00:14:07,198,0,,,,36.35,2026-02-05 21:14:07
1,Sitrack,0002812,701006468,0,API VI,-38.05210876464844,-57.53643035888672,2026-02-06 00:29:07,94,0,,,,36.35,2026-02-05 21:29:07
1,Sitrack,0002812,701006468,0,API VI,-38.052101135253906,-57.53641128540039,2026-02-06 00:44:07,94,0,,,,36.35,2026-02-05 21:44:07
1,Sitrack,0002812,701006468,0,API VI,-38.05210876464844,-57.53643035888672,2026-02-06 00:59:07,94,0,,,,36.35,2026-02-05 21:59:07
3,Elec. Naval,0002821,701006484,0,TRITON I,-43.341166666666667,-65.057166666666667,2026-02-06 00:10:00,350,0,005,08466,096,19.93,2026-02-05 21:10:00
3,Elec. Naval,0002821,701006484,0,TRITON I,-43.341166666666667,-65.057166666666667,2026-02-06 00:25:00,350,0,005,08466,096,19.93,2026-02-05 21:25:00
3,Elec. Naval,0002821,701006484,0,TRITON I,-43.341166666666667,-65.057166666666667,2026-02-06 00:40:00,350,0,005,08466,096,19.93,2026-02-05 21:40:00
3,Elec. Naval,0002821,701006484,0,TRITON I,-43.341166666666667,-65.057166666666667,2026-02-06 00:55:00,350,0,005,08466,096,19.93,2026-02-05 21:55:00
3,Elec. Naval,0002822,701006485,0,PADRE PIO,-40.347,-59.967833333333333,2026-02-06 00:04:00,45,8.6,005,08466,098,24,2026-02-05 21:04:00
3,Elec. Naval,0002822,701006485,0,PADRE PIO,-40.317833333333333,-59.9325,2026-02-06 00:19:00,50,9.2,005,08466,098,24,2026-02-05 21:19:00
3,Elec. Naval,0002822,701006485,0,PADRE PIO,-40.2895,-59.8955,2026-02-06 00:34:00,35,10.3,005,08466,098,24,2026-02-05 21:34:00
3,Elec. Naval,0002822,701006485,0,PADRE PIO,-40.2605,-59.8605,2026-02-06 00:49:00,40,7,005,08466,098,24,2026-02-05 21:49:00
3,Elec. Naval,0002847,701006498,0,EL BARBA NEGRA,-38.0505,-57.535833333333333,2026-02-06 00:52:00,185,0,005,08457,113,16.55,2026-02-05 21:52:00
3,Elec. Naval,0002854,701006502,0,NONO PASCUAL,-39.155833333333333,-58.1005,2026-02-06 00:04:00,190,7.6,005,08457,159,24,2026-02-05 21:04:00
3,Elec. Naval,0002854,701006502,0,NONO PASCUAL,-39.186333333333333,-58.117166666666667,2026-02-06 00:19:00,190,6.5,005,08457,159,24,2026-02-05 21:19:00
3,Elec. Naval,0002854,701006502,0,NONO PASCUAL,-39.216166666666667,-58.133333333333333,2026-02-06 00:34:00,190,8.1,005,08457,159,24,2026-02-05 21:34:00
3,Elec. Naval,0002854,701006502,0,NONO PASCUAL,-39.243833333333333,-58.154666666666667,2026-02-06 00:49:00,205,6.5,005,08457,159,24,2026-02-05 21:49:00
3,Elec. Naval,0002900,701006557,0,VIENTO NORTE,-38.572166666666667,-58.715833333333333,2026-02-06 00:54:00,0,0,005,08457,222,15.25,2026-02-05 21:54:00
3,Elec. Naval,0002903,701006568,0,XIN SHI JI NRO 89,-47.447,-63.537166666666667,2026-02-06 00:49:00,225,0,005,08466,081,68.58,2026-02-05 21:49:00
3,Elec. Naval,0002904,701006576,0,TRABAJAMOS,-43.340833333333333,-65.058,2026-02-06 00:13:00,305,0,005,08466,121,19.94,2026-02-05 21:13:00
3,Elec. Naval,0002904,701006576,0,TRABAJAMOS,-43.340833333333333,-65.058,2026-02-06 00:28:00,305,0,005,08466,121,19.94,2026-02-05 21:28:00
3,Elec. Naval,0002904,701006576,0,TRABAJAMOS,-43.340833333333333,-65.058,2026-02-06 00:43:00,305,0,005,08466,121,19.94,2026-02-05 21:43:00
3,Elec. Naval,0002904,701006576,0,TRABAJAMOS,-43.340833333333333,-65.058,2026-02-06 00:58:00,305,0,005,08466,121,19.94,2026-02-05 21:58:00
3,Elec. Naval,0002906,701006582,0,ALTAR,-43.341666666666667,-65.056166666666667,2026-02-06 00:08:00,330,0,005,08466,129,19.94,2026-02-05 21:08:00
3,Elec. Naval,0002906,701006582,0,ALTAR,-43.341666666666667,-65.056166666666667,2026-02-06 00:23:00,330,0,005,08466,129,19.94,2026-02-05 21:23:00
3,Elec. Naval,0002906,701006582,0,ALTAR,-43.341666666666667,-65.055833333333333,2026-02-06 00:38:00,295,0,005,08466,129,19.94,2026-02-05 21:38:00
3,Elec. Naval,0002906,701006582,0,ALTAR,-43.341666666666667,-65.055833333333333,2026-02-06 00:53:00,55,0,005,08466,129,19.94,2026-02-05 21:53:00
3,Elec. Naval,0002921,701006603,0,DON BOCHA,-43.341333333333333,-65.057166666666667,2026-02-06 00:02:00,45,0,005,08466,026,17.99,2026-02-05 21:02:00
3,Elec. Naval,0002921,701006603,0,DON BOCHA,-43.341333333333333,-65.057166666666667,2026-02-06 00:03:00,90,0,005,08473,213,17.99,2026-02-05 21:03:00
3,Elec. Naval,0002921,701006603,0,DON BOCHA,-43.341333333333333,-65.057166666666667,2026-02-06 00:17:00,25,0,005,08466,026,17.99,2026-02-05 21:17:00
3,Elec. Naval,0002921,701006603,0,DON BOCHA,-43.341333333333333,-65.057166666666667,2026-02-06 00:18:00,350,0,005,08473,213,17.99,2026-02-05 21:18:00
3,Elec. Naval,0002921,701006603,0,DON BOCHA,-43.341333333333333,-65.057166666666667,2026-02-06 00:32:00,180,0,005,08466,026,17.99,2026-02-05 21:32:00
3,Elec. Naval,0002921,701006603,0,DON BOCHA,-43.341333333333333,-65.057166666666667,2026-02-06 00:33:00,290,0,005,08473,213,17.99,2026-02-05 21:33:00
3,Elec. Naval,0002921,701006603,0,DON BOCHA,-43.341333333333333,-65.057166666666667,2026-02-06 00:47:00,165,0,005,08466,026,17.99,2026-02-05 21:47:00
3,Elec. Naval,0002921,701006603,0,DON BOCHA,-43.341333333333333,-65.057166666666667,2026-02-06 00:48:00,35,0,005,08473,213,17.99,2026-02-05 21:48:00
3,Elec. Naval,0002924,701006609,0,XIN SHI JI NRO 91,-47.561666666666667,-63.831166666666667,2026-02-06 00:20:00,205,0.5,005,08466,013,68.58,2026-02-05 21:20:00
3,Elec. Naval,0002924,701006609,0,XIN SHI JI NRO 91,-47.562,-63.831333333333333,2026-02-06 00:28:00,123,0.4,005,08466,004,68.58,2026-02-05 21:28:00
2,Tesacom,0002929,701006605,0,CAPESANTE,-38.035333333333333,-57.52695,2026-02-06 00:12:00,18,0.1,008,,,50.15,2026-02-05 21:12:00
2,Tesacom,0002929,701006605,0,CAPESANTE,-38.035266666666667,-57.52695,2026-02-06 00:27:00,0,0.1,008,,,50.15,2026-02-05 21:27:00
2,Tesacom,0002929,701006605,0,CAPESANTE,-38.035166666666667,-57.5268,2026-02-06 00:36:00,262,0.3,008,,,50.15,2026-02-05 21:36:00
2,Tesacom,0002929,701006605,0,CAPESANTE,-38.035333333333333,-57.527016666666667,2026-02-06 00:41:00,0,0,008,,,50.15,2026-02-05 21:41:00
2,Tesacom,0002929,701006605,0,CAPESANTE,-38.035416666666667,-57.526883333333333,2026-02-06 00:56:00,0,0.2,008,,,50.15,2026-02-05 21:56:00
3,Elec. Naval,0002930,701006615,0,XIN SHI JI NRO 92,-46.925333333333333,-63.3525,2026-02-06 00:01:00,135,0.5,005,08473,071,68.58,2026-02-05 21:01:00
3,Elec. Naval,0002930,701006615,0,XIN SHI JI NRO 92,-46.924666666666667,-63.352833333333333,2026-02-06 00:10:00,175,0,005,08466,113,68.58,2026-02-05 21:10:00
3,Elec. Naval,0002933,701006614,0,XIN SHI JI 95,-47.7555,-65.907166666666667,2026-02-06 00:26:00,10,0,005,08473,041,68.58,2026-02-05 21:26:00
3,Elec. Naval,0002936,701006637,0,ATLANTIC EXPRESS,-49.410833333333333,-66.092166666666667,2026-02-06 00:06:00,220,1.6,005,08473,047,53.7,2026-02-05 21:06:00
3,Elec. Naval,0002936,701006637,0,ATLANTIC EXPRESS,-49.417833333333333,-66.1005,2026-02-06 00:21:00,220,1.6,005,08473,047,53.7,2026-02-05 21:21:00
3,Elec. Naval,0002936,701006637,0,ATLANTIC EXPRESS,-49.425,-66.108833333333333,2026-02-06 00:36:00,210,1.6,005,08473,047,53.7,2026-02-05 21:36:00
3,Elec. Naval,0002936,701006637,0,ATLANTIC EXPRESS,-49.432833333333333,-66.118,2026-02-06 00:51:00,215,2.7,005,08473,047,53.7,2026-02-05 21:51:00
3,Elec. Naval,0002937,701006623,0,SIEMPRE VIEJO PANCHO,-36.180333333333333,-55.152166666666667,2026-02-06 00:46:00,200,6.5,005,08457,212,17.99,2026-02-05 21:46:00
3,Elec. Naval,0002955,701006640,0,DON FRANCO,-43.341166666666667,-65.0575,2026-02-06 00:03:00,270,0,005,08473,135,19.94,2026-02-05 21:03:00
3,Elec. Naval,0002955,701006640,0,DON FRANCO,-43.341166666666667,-65.0575,2026-02-06 00:18:00,270,0,005,08473,135,19.94,2026-02-05 21:18:00
3,Elec. Naval,0002955,701006640,0,DON FRANCO,-43.341166666666667,-65.0575,2026-02-06 00:33:00,270,0,005,08473,135,19.94,2026-02-05 21:33:00
3,Elec. Naval,0002955,701006640,0,DON FRANCO,-43.341166666666667,-65.0575,2026-02-06 00:48:00,270,0,005,08473,135,19.94,2026-02-05 21:48:00
1,Sitrack,0002960,701108000,0,MAR MARIA,-47.754180908203125,-65.91239929199219,2026-02-06 00:03:33,0,0,,,,37.8,2026-02-05 21:03:33
1,Sitrack,0002960,701108000,0,MAR MARIA,-47.75421142578125,-65.9124526977539,2026-02-06 00:17:33,0,0,,,,37.8,2026-02-05 21:17:33
1,Sitrack,0002960,701108000,0,MAR MARIA,-47.754249572753906,-65.91239929199219,2026-02-06 00:19:33,0,0,,,,37.8,2026-02-05 21:19:33
1,Sitrack,0002960,701108000,0,MAR MARIA,-47.75423049926758,-65.91242980957031,2026-02-06 00:20:33,0,0,,,,37.8,2026-02-05 21:20:33
1,Sitrack,0002960,701108000,0,MAR MARIA,-47.75419998168945,-65.91240692138672,2026-02-06 00:21:33,0,0,,,,37.8,2026-02-05 21:21:33
1,Sitrack,0002960,701108000,0,MAR MARIA,-47.75419998168945,-65.9123764038086,2026-02-06 00:32:04,0,0,,,,37.8,2026-02-05 21:32:04
1,Sitrack,0002960,701108000,0,MAR MARIA,-47.75423049926758,-65.91239929199219,2026-02-06 00:47:23,0,0,,,,37.8,2026-02-05 21:47:23
1,Sitrack,0002960,701108000,0,MAR MARIA,-47.75423049926758,-65.91248321533203,2026-02-06 00:48:23,0,0,,,,37.8,2026-02-05 21:48:23
1,Sitrack,0002960,701108000,0,MAR MARIA,-47.754150390625,-65.91248321533203,2026-02-06 00:49:23,0,0.054,,,,37.8,2026-02-05 21:49:23
1,Sitrack,0002960,701108000,0,MAR MARIA,-47.754150390625,-65.91246032714844,2026-02-06 00:50:23,0,0.054,,,,37.8,2026-02-05 21:50:23
1,Sitrack,0002960,701108000,0,MAR MARIA,-47.754150390625,-65.91242980957031,2026-02-06 00:51:23,0,0.054,,,,37.8,2026-02-05 21:51:23
1,Sitrack,0002960,701108000,0,MAR MARIA,-47.754180908203125,-65.91242980957031,2026-02-06 00:52:23,0,0.054,,,,37.8,2026-02-05 21:52:23
1,Sitrack,0002960,701108000,0,MAR MARIA,-47.75419998168945,-65.91239929199219,2026-02-06 00:53:23,0,0.054,,,,37.8,2026-02-05 21:53:23
1,Sitrack,0002960,701108000,0,MAR MARIA,-47.75421142578125,-65.91239929199219,2026-02-06 00:55:04,0,0,,,,37.8,2026-02-05 21:55:04
1,Sitrack,0002960,701108000,0,MAR MARIA,-47.75419998168945,-65.9123764038086,2026-02-06 00:57:05,0,0,,,,37.8,2026-02-05 21:57:05
3,Elec. Naval,0002972,701006659,0,MISAL,-43.341666666666667,-65.055833333333333,2026-02-06 00:02:00,0,0,005,08473,048,19.94,2026-02-05 21:02:00
3,Elec. Naval,0002972,701006659,0,MISAL,-43.341666666666667,-65.055833333333333,2026-02-06 00:17:00,135,0,005,08473,048,19.94,2026-02-05 21:17:00
3,Elec. Naval,0002972,701006659,0,MISAL,-43.341666666666667,-65.056166666666667,2026-02-06 00:32:00,220,0,005,08473,048,19.94,2026-02-05 21:32:00
3,Elec. Naval,0002972,701006659,0,MISAL,-43.341666666666667,-65.055833333333333,2026-02-06 00:47:00,330,0,005,08473,048,19.94,2026-02-05 21:47:00
3,Elec. Naval,0002973,701006661,0,SAGRARIO,-43.341666666666667,-65.056166666666667,2026-02-06 00:09:00,0,0,005,08473,018,19.94,2026-02-05 21:09:00
3,Elec. Naval,0002973,701006661,0,SAGRARIO,-43.341666666666667,-65.056166666666667,2026-02-06 00:24:00,0,0,005,08473,018,19.94,2026-02-05 21:24:00
3,Elec. Naval,0002973,701006661,0,SAGRARIO,-43.341666666666667,-65.056166666666667,2026-02-06 00:39:00,350,0,005,08473,018,19.94,2026-02-05 21:39:00
3,Elec. Naval,0002973,701006661,0,SAGRARIO,-43.341666666666667,-65.056166666666667,2026-02-06 00:54:00,250,0,005,08473,018,19.94,2026-02-05 21:54:00
4,Navalstar,0002984,701006687,0,FRANCO JOSE,-43.341383333333333,-65.05655,2026-02-06 00:00:00,0,0.1,010,08690,067,19.94,2026-02-05 21:00:00
4,Navalstar,0002984,701006687,0,FRANCO JOSE,-43.341216666666667,-65.05655,2026-02-06 00:15:00,0,0.1,010,08690,067,19.94,2026-02-05 21:15:00
4,Navalstar,0002984,701006687,0,FRANCO JOSE,-43.341216666666667,-65.05655,2026-02-06 00:30:00,0,0.1,010,08690,067,19.94,2026-02-05 21:30:00
4,Navalstar,0002984,701006687,0,FRANCO JOSE,-43.341216666666667,-65.05655,2026-02-06 00:45:00,0,0.1,010,08690,067,19.94,2026-02-05 21:45:00
4,Navalstar,0002987,701112000,0,CHIYO MARU 3,-52.30355,-68.356716666666667,2026-02-06 00:00:00,0,0.1,010,08547,251,53,2026-02-05 21:00:00
2,Tesacom,0002987,701112000,0,CHIYO MARU 3,-52.303533333333333,-68.356616666666667,2026-02-06 00:09:00,1,0.1,008,,,53,2026-02-05 21:09:00
4,Navalstar,0002987,701112000,0,CHIYO MARU 3,-52.303383333333333,-68.356716666666667,2026-02-06 00:15:00,0,0.2,010,08547,251,53,2026-02-05 21:15:00
2,Tesacom,0002987,701112000,0,CHIYO MARU 3,-52.303416666666667,-68.356633333333333,2026-02-06 00:24:00,0,0.1,008,,,53,2026-02-05 21:24:00
4,Navalstar,0002987,701112000,0,CHIYO MARU 3,-52.30355,-68.356883333333333,2026-02-06 00:30:00,0,0.2,010,08547,251,53,2026-02-05 21:30:00
2,Tesacom,0002987,701112000,0,CHIYO MARU 3,-52.303366666666667,-68.356733333333333,2026-02-06 00:39:00,0,0.2,008,,,53,2026-02-05 21:39:00
4,Navalstar,0002987,701112000,0,CHIYO MARU 3,-52.303383333333333,-68.356883333333333,2026-02-06 00:45:00,0,0.2,010,08547,251,53,2026-02-05 21:45:00
2,Tesacom,0002987,701112000,0,CHIYO MARU 3,-52.3034,-68.356816666666667,2026-02-06 00:54:00,76,0.2,008,,,53,2026-02-05 21:54:00
1,Sitrack,0002994,701006698,0,BOGAVANTE SEGUNDO,-47.754398345947266,-65.91252899169922,2026-02-06 00:14:09,45,0,,,,37.45,2026-02-05 21:14:09
1,Sitrack,0002994,701006698,0,BOGAVANTE SEGUNDO,-47.754398345947266,-65.91252899169922,2026-02-06 00:29:03,45,0,,,,37.45,2026-02-05 21:29:03
1,Sitrack,0002994,701006698,0,BOGAVANTE SEGUNDO,-47.75440979003906,-65.91252899169922,2026-02-06 00:44:03,45,0,,,,37.45,2026-02-05 21:44:03
1,Sitrack,0002994,701006698,0,BOGAVANTE SEGUNDO,-47.75437927246094,-65.91252899169922,2026-02-06 00:59:03,45,0,,,,37.45,2026-02-05 21:59:03
3,Elec. Naval,0002995,701006735,0,XIN SHI JI 98,-47.456333333333333,-63.405833333333333,2026-02-06 00:28:00,200,0,005,08473,204,0,2026-02-05 21:28:00
1,Sitrack,0003013,0,0,HUA FENG 801,-47.395111083984375,-64.09375762939453,2026-02-06 00:33:20,182,0.162,,,,65.04,2026-02-05 21:33:20
1,Sitrack,0003014,0,0,HUA FENG 802,-47.43178176879883,-64.01255798339844,2026-02-06 00:48:44,166,0.7559,,,,65.04,2026-02-05 21:48:44
3,Elec. Naval,0003026,701006731,0,HUYU 906,-46.987166666666667,-63.328833333333333,2026-02-06 00:50:00,330,1.1,005,08473,020,65.92,2026-02-05 21:50:00
3,Elec. Naval,0003026,701006731,0,HUYU 906,-46.987166666666667,-63.329166666666667,2026-02-06 00:51:00,320,0.5,005,08466,249,65.92,2026-02-05 21:51:00
3,Elec. Naval,0003027,701006733,0,HUYU 907,-47.214666666666667,-63.241166666666667,2026-02-06 00:23:00,115,0,005,08457,219,72.17,2026-02-05 21:23:00
3,Elec. Naval,0003027,701006733,0,HUYU 907,-47.216166666666667,-63.242166666666667,2026-02-06 00:53:00,275,0.5,005,08457,254,72.17,2026-02-05 21:53:00
3,Elec. Naval,0003047,0,0,ALVAREZ ENTRENA VI,-38.0475,-57.531166666666667,2026-02-06 00:10:00,30,0,005,08466,213,30.5,2026-02-05 21:10:00
3,Elec. Naval,0003047,0,0,ALVAREZ ENTRENA VI,-38.0475,-57.531166666666667,2026-02-06 00:25:00,30,0,005,08466,213,30.5,2026-02-05 21:25:00
3,Elec. Naval,0003047,0,0,ALVAREZ ENTRENA VI,-38.0475,-57.531166666666667,2026-02-06 00:40:00,30,0,005,08466,213,30.5,2026-02-05 21:40:00
3,Elec. Naval,0003047,0,0,ALVAREZ ENTRENA VI,-38.0475,-57.531166666666667,2026-02-06 00:55:00,30,0,005,08466,213,30.5,2026-02-05 21:55:00
1,Sitrack,0003056,701006749,0,HUYU 962,-47.40433120727539,-63.227149963378906,2026-02-06 00:09:16,244,0.378,,,,66.6,2026-02-05 21:09:16
1,Sitrack,0003056,701006749,0,HUYU 962,-47.4046516418457,-63.22745895385742,2026-02-06 00:24:16,133,0.162,,,,66.6,2026-02-05 21:24:16
1,Sitrack,0003056,701006749,0,HUYU 962,-47.40525817871094,-63.22809982299805,2026-02-06 00:39:16,247,0.486,,,,66.6,2026-02-05 21:39:16
1,Sitrack,0003056,701006749,0,HUYU 962,-47.40557861328125,-63.229461669921875,2026-02-06 00:54:16,250,0.162,,,,66.6,2026-02-05 21:54:16
1,Sitrack,0003057,701006754,0,HUYU 961,-46.74073028564453,-63.27082824707031,2026-02-06 00:11:44,322,0.8639,,,,65.7,2026-02-05 21:11:44
1,Sitrack,0003057,701006754,0,HUYU 961,-46.74100112915039,-63.27069854736328,2026-02-06 00:22:40,213,0.054,,,,65.7,2026-02-05 21:22:40
1,Sitrack,0003057,701006754,0,HUYU 961,-46.7411003112793,-63.270599365234375,2026-02-06 00:26:44,140,0.7559,,,,65.7,2026-02-05 21:26:44
1,Sitrack,0003057,701006754,0,HUYU 961,-46.741878509521484,-63.2701301574707,2026-02-06 00:41:44,172,1.6739,,,,65.7,2026-02-05 21:41:44
1,Sitrack,0003057,701006754,0,HUYU 961,-46.74325180053711,-63.26932907104492,2026-02-06 00:56:44,82,0.8639,,,,65.7,2026-02-05 21:56:44
1,Sitrack,0003058,701006755,0,HUYU 908,-47.10150146484375,-64.12866973876953,2026-02-06 00:06:23,212,0.594,,,,72,2026-02-05 21:06:23
1,Sitrack,0003058,701006755,0,HUYU 908,-47.10258102416992,-64.1279296875,2026-02-06 00:21:23,149,0.594,,,,72,2026-02-05 21:21:23
1,Sitrack,0003058,701006755,0,HUYU 908,-47.104129791259766,-64.1275634765625,2026-02-06 00:36:23,188,0.7559,,,,72,2026-02-05 21:36:23
1,Sitrack,0003058,701006755,0,HUYU 908,-47.10660171508789,-64.12642669677734,2026-02-06 00:51:23,169,0.162,,,,72,2026-02-05 21:51:23
1,Sitrack,0003060,701006757,0,PUNTA PARDELAS,-43.34135818481445,-65.05654907226562,2026-02-06 00:10:39,311,0.054,,,,19.94,2026-02-05 21:10:39
1,Sitrack,0003060,701006757,0,PUNTA PARDELAS,-43.34135055541992,-65.05655670166016,2026-02-06 00:25:39,311,0,,,,19.94,2026-02-05 21:25:39
1,Sitrack,0003060,701006757,0,PUNTA PARDELAS,-43.34135055541992,-65.05655670166016,2026-02-06 00:40:39,327,0,,,,19.94,2026-02-05 21:40:39
1,Sitrack,0003060,701006757,0,PUNTA PARDELAS,-43.34135055541992,-65.05654907226562,2026-02-06 00:55:39,154,0,,,,19.94,2026-02-05 21:55:39
1,Sitrack,0003072,701006770,0,SANTORINI,-43.34103012084961,-65.0572509765625,2026-02-06 00:04:32,102,0.054,,,,19.94,2026-02-05 21:04:32
1,Sitrack,0003072,701006770,0,SANTORINI,-43.34103012084961,-65.0572280883789,2026-02-06 00:31:06,208,0,,,,19.94,2026-02-05 21:31:06
1,Sitrack,0003072,701006770,0,SANTORINI,-43.34103012084961,-65.05722045898438,2026-02-06 00:49:27,301,0,,,,19.94,2026-02-05 21:49:27
3,Elec. Naval,0003074,701117000,0,MARIA ALEJANDRA 1°,-38.0455,-57.540333333333333,2026-02-06 00:10:00,190,0,005,08466,024,39.2,2026-02-05 21:10:00
3,Elec. Naval,0003074,701117000,0,MARIA ALEJANDRA 1°,-38.0455,-57.540333333333333,2026-02-06 00:25:00,190,0,005,08466,024,39.2,2026-02-05 21:25:00
3,Elec. Naval,0003074,701117000,0,MARIA ALEJANDRA 1°,-38.0455,-57.540333333333333,2026-02-06 00:40:00,190,0,005,08466,024,39.2,2026-02-05 21:40:00
3,Elec. Naval,0003074,701117000,0,MARIA ALEJANDRA 1°,-38.0455,-57.540333333333333,2026-02-06 00:55:00,190,0,005,08466,024,39.2,2026-02-05 21:55:00
4,Navalstar,0003075,701006791,0,SIEMPRE CLAUDIO,-44.802216666666667,-65.71005,2026-02-06 00:00:00,0,0.1,010,08690,144,10.51,2026-02-05 21:00:00
3,Elec. Naval,0003078,701006784,0,BAGUAL,-43.3395,-65.060333333333333,2026-02-06 00:03:00,145,0,005,08457,161,19.94,2026-02-05 21:03:00
3,Elec. Naval,0003078,701006784,0,BAGUAL,-43.3395,-65.060333333333333,2026-02-06 00:18:00,20,0,005,08457,161,19.94,2026-02-05 21:18:00
3,Elec. Naval,0003078,701006784,0,BAGUAL,-43.3395,-65.060333333333333,2026-02-06 00:33:00,40,0,005,08457,161,19.94,2026-02-05 21:33:00
3,Elec. Naval,0003078,701006784,0,BAGUAL,-43.3395,-65.060333333333333,2026-02-06 00:48:00,40,0,005,08457,161,19.94,2026-02-05 21:48:00
1,Sitrack,0003081,701043000,0,API VII,-46.70917892456055,-61.70772171020508,2026-02-06 00:06:04,196,7.4514,,,,72.2,2026-02-05 21:06:04
1,Sitrack,0003081,701043000,0,API VII,-46.739898681640625,-61.72064971923828,2026-02-06 00:21:04,198,7.1814,,,,72.2,2026-02-05 21:21:04
1,Sitrack,0003081,701043000,0,API VII,-46.77159881591797,-61.73387908935547,2026-02-06 00:36:04,194,6.6955,,,,72.2,2026-02-05 21:36:04
1,Sitrack,0003081,701043000,0,API VII,-46.80305862426758,-61.746761322021484,2026-02-06 00:51:04,189,8.4773,,,,72.2,2026-02-05 21:51:04
3,Elec. Naval,0003086,701000968,0,ACRUX,-39.4455,-58.435833333333333,2026-02-06 00:11:00,215,7.6,005,08457,015,28.5,2026-02-05 21:11:00
3,Elec. Naval,0003086,701000968,0,ACRUX,-39.471666666666667,-58.459166666666667,2026-02-06 00:26:00,210,7,005,08457,015,28.5,2026-02-05 21:26:00
3,Elec. Naval,0003086,701000968,0,ACRUX,-39.497166666666667,-58.482833333333333,2026-02-06 00:41:00,220,7.6,005,08457,015,28.5,2026-02-05 21:41:00
3,Elec. Naval,0003086,701000968,0,ACRUX,-39.523333333333333,-58.507,2026-02-06 00:56:00,215,6.5,005,08457,015,28.5,2026-02-05 21:56:00
3,Elec. Naval,0003092,701006788,0,XIN SHI JI 25,-47.380333333333333,-63.014166666666667,2026-02-06 00:20:00,205,0,005,08466,059,70.5,2026-02-05 21:20:00
3,Elec. Naval,0003099,701006807,0,EL FOCO,-43.338666666666667,-65.061333333333333,2026-02-06 00:03:00,0,0,005,08466,022,9.9,2026-02-05 21:03:00
4,Navalstar,0003100,701006802,0,JUAN JOSE,-43.338716666666667,-65.061216666666667,2026-02-06 00:00:00,0,0.1,010,08690,336,9.9,2026-02-05 21:00:00
4,Navalstar,0003100,701006802,0,JUAN JOSE,-43.338716666666667,-65.06105,2026-02-06 00:15:00,0,0,010,08690,336,9.9,2026-02-05 21:15:00
4,Navalstar,0003100,701006802,0,JUAN JOSE,-43.33855,-65.061216666666667,2026-02-06 00:30:00,0,0,010,08690,336,9.9,2026-02-05 21:30:00
4,Navalstar,0003100,701006802,0,JUAN JOSE,-43.338716666666667,-65.06105,2026-02-06 00:45:00,0,0,010,08690,336,9.9,2026-02-05 21:45:00
3,Elec. Naval,0003101,701006804,0,MADRE MARIA,-43.340833333333333,-65.057833333333333,2026-02-06 00:09:00,295,0,005,08466,247,19.94,2026-02-05 21:09:00
3,Elec. Naval,0003101,701006804,0,MADRE MARIA,-43.340833333333333,-65.057833333333333,2026-02-06 00:24:00,295,0,005,08466,247,19.94,2026-02-05 21:24:00
3,Elec. Naval,0003101,701006804,0,MADRE MARIA,-43.340833333333333,-65.057833333333333,2026-02-06 00:39:00,0,0,005,08466,247,19.94,2026-02-05 21:39:00
3,Elec. Naval,0003101,701006804,0,MADRE MARIA,-43.340833333333333,-65.057833333333333,2026-02-06 00:54:00,345,0,005,08466,247,19.94,2026-02-05 21:54:00
4,Navalstar,0003104,701006805,0,DON NACHO,-43.34305,-65.05605,2026-02-06 00:00:00,0,0.1,010,08690,011,9.62,2026-02-05 21:00:00
3,Elec. Naval,0003107,701007076,0,FRANCESCA,-38.05,-57.5355,2026-02-06 00:31:00,0,0,005,08466,072,20.64,2026-02-05 21:31:00
3,Elec. Naval,0003111,0,0,DON CIVITA,-43.338833333333333,-65.061166666666667,2026-02-06 00:16:00,0,0,005,08466,002,10.85,2026-02-05 21:16:00
1,Sitrack,0003112,701006826,0,ZHOU YU 10,-47.30059814453125,-63.476871490478516,2026-02-06 00:49:42,159,0.378,,,,61.14,2026-02-05 21:49:42
1,Sitrack,0003113,701006825,0,ZHOU YU 9,-42.73611831665039,-65.02600860595703,2026-02-06 00:53:07,0,0,,,,61.14,2026-02-05 21:53:07
4,Navalstar,0003121,701007107,0,LUCA SANTINO,-46.617216666666667,-66.279383333333333,2026-02-06 00:00:00,310,9,010,08614,303,26,2026-02-05 21:00:00
4,Navalstar,0003121,701007107,0,LUCA SANTINO,-46.59255,-66.320216666666667,2026-02-06 00:15:00,313,9,010,08614,303,26,2026-02-05 21:15:00
4,Navalstar,0003121,701007107,0,LUCA SANTINO,-46.567216666666667,-66.360216666666667,2026-02-06 00:30:00,312,8.7,010,08614,303,26,2026-02-05 21:30:00
4,Navalstar,0003121,701007107,0,LUCA SANTINO,-46.54305,-66.399883333333333,2026-02-06 00:45:00,313,9,010,08614,303,26,2026-02-05 21:45:00
3,Elec. Naval,0003137,701126000,0,GRACIELA I,-38.046333333333333,-57.538666666666667,2026-02-06 00:09:00,300,0,005,08457,081,39.94,2026-02-05 21:09:00
3,Elec. Naval,0003137,701126000,0,GRACIELA I,-38.046333333333333,-57.538666666666667,2026-02-06 00:24:00,150,0,005,08457,081,39.94,2026-02-05 21:24:00
3,Elec. Naval,0003137,701126000,0,GRACIELA I,-38.046333333333333,-57.538833333333333,2026-02-06 00:39:00,150,0,005,08457,081,39.94,2026-02-05 21:39:00
3,Elec. Naval,0003137,701126000,0,GRACIELA I,-38.046333333333333,-57.538833333333333,2026-02-06 00:54:00,150,0,005,08457,081,39.94,2026-02-05 21:54:00
3,Elec. Naval,0003138,701127000,0,JOSE MARCELO,-44.11,-61.4975,2026-02-06 00:01:00,355,3.2,005,08457,205,39.94,2026-02-05 21:01:00
3,Elec. Naval,0003138,701127000,0,JOSE MARCELO,-44.091333333333333,-61.496666666666667,2026-02-06 00:16:00,355,4.3,005,08457,205,39.94,2026-02-05 21:16:00
3,Elec. Naval,0003138,701127000,0,JOSE MARCELO,-44.083333333333333,-61.492166666666667,2026-02-06 00:31:00,40,1.6,005,08457,205,39.94,2026-02-05 21:31:00
3,Elec. Naval,0003138,701127000,0,JOSE MARCELO,-44.077,-61.492166666666667,2026-02-06 00:46:00,185,3.8,005,08457,205,39.94,2026-02-05 21:46:00
3,Elec. Naval,0003139,701129000,0,PADRINO,-43.341333333333333,-65.056333333333333,2026-02-06 00:07:00,0,0,005,08457,059,20.95,2026-02-05 21:07:00
3,Elec. Naval,0003139,701129000,0,PADRINO,-43.341333333333333,-65.056333333333333,2026-02-06 00:22:00,0,0,005,08457,059,20.95,2026-02-05 21:22:00
3,Elec. Naval,0003139,701129000,0,PADRINO,-43.341333333333333,-65.056333333333333,2026-02-06 00:37:00,25,0,005,08457,059,20.95,2026-02-05 21:37:00
3,Elec. Naval,0003139,701129000,0,PADRINO,-43.341333333333333,-65.056333333333333,2026-02-06 00:52:00,0,0,005,08457,059,20.95,2026-02-05 21:52:00
3,Elec. Naval,0003141,701140000,0,LU QING YUAN YU 280,-42.735833333333333,-65.019666666666667,2026-02-06 00:54:00,65,0,005,08473,126,67.68,2026-02-05 21:54:00
3,Elec. Naval,0003141,701140000,0,LU QING YUAN YU 280,-42.735833333333333,-65.019666666666667,2026-02-06 00:58:00,130,0,005,08473,055,67.68,2026-02-05 21:58:00
3,Elec. Naval,0003142,701139000,0,LU QING YUAN YU 288,-47.3505,-63.9425,2026-02-06 00:38:00,190,0,005,08473,127,67.68,2026-02-05 21:38:00
3,Elec. Naval,0003144,701133000,0,XIN SHI JI 26,-47.359666666666667,-63.584166666666667,2026-02-06 00:14:00,170,0,005,08457,152,70.5,2026-02-05 21:14:00
3,Elec. Naval,0003145,701134000,0,XIN SHI JI 30,-47.555333333333333,-63.719666666666667,2026-02-06 00:58:00,200,0.5,005,08473,002,70.5,2026-02-05 21:58:00
3,Elec. Naval,0003146,701136000,0,XIN SHI JI 28,-47.5375,-63.621333333333333,2026-02-06 00:14:00,150,10.3,005,08473,202,70.5,2026-02-05 21:14:00
3,Elec. Naval,0003147,701135000,0,XIN SHI JI 29,-47.5175,-63.890833333333333,2026-02-06 00:58:00,160,0,005,08466,194,70.5,2026-02-05 21:58:00
3,Elec. Naval,0003152,701141000,0,NUEVO QUEQUEN,-43.339666666666667,-65.060833333333333,2026-02-06 00:10:00,190,0,005,08466,055,20.95,2026-02-05 21:10:00
3,Elec. Naval,0003152,701141000,0,NUEVO QUEQUEN,-43.339666666666667,-65.060833333333333,2026-02-06 00:25:00,45,0,005,08466,055,20.95,2026-02-05 21:25:00
3,Elec. Naval,0003152,701141000,0,NUEVO QUEQUEN,-43.339666666666667,-65.060833333333333,2026-02-06 00:40:00,80,0,005,08466,055,20.95,2026-02-05 21:40:00
3,Elec. Naval,0003152,701141000,0,NUEVO QUEQUEN,-43.339666666666667,-65.060833333333333,2026-02-06 00:55:00,340,0,005,08466,055,20.95,2026-02-05 21:55:00
1,Sitrack,0003162,701130000,0,ATLANTICO 1,-47.75382995605469,-65.91390991210938,2026-02-06 00:05:27,240,0,,,,39.95,2026-02-05 21:05:27
1,Sitrack,0003162,701130000,0,ATLANTICO 1,-47.75381088256836,-65.91394805908203,2026-02-06 00:20:27,240,0,,,,39.95,2026-02-05 21:20:27
1,Sitrack,0003162,701130000,0,ATLANTICO 1,-47.75379943847656,-65.91397857666016,2026-02-06 00:35:27,240,0,,,,39.95,2026-02-05 21:35:27
1,Sitrack,0003162,701130000,0,ATLANTICO 1,-47.75379943847656,-65.91390228271484,2026-02-06 00:50:27,76,0,,,,39.95,2026-02-05 21:50:27
3,Elec. Naval,0003164,701001018,0,ESPARTANO,-43.341666666666667,-65.058,2026-02-06 00:08:00,265,0,005,08457,069,20.95,2026-02-05 21:08:00
3,Elec. Naval,0003164,701001018,0,ESPARTANO,-43.341666666666667,-65.058,2026-02-06 00:23:00,285,0,005,08457,069,20.95,2026-02-05 21:23:00
3,Elec. Naval,0003164,701001018,0,ESPARTANO,-43.341666666666667,-65.058,2026-02-06 00:38:00,305,0,005,08457,069,20.95,2026-02-05 21:38:00
3,Elec. Naval,0003164,701001018,0,ESPARTANO,-43.341666666666667,-65.058,2026-02-06 00:53:00,45,0,005,08457,069,20.95,2026-02-05 21:53:00
3,Elec. Naval,0003169,701144000,0,LU QING YUAN YU 287,-44.444166666666667,-63.935,2026-02-06 00:07:00,160,8.1,005,08457,065,0,2026-02-05 21:07:00
3,Elec. Naval,0003170,701001058,0,LU QING YUAN YU 286,-47.224166666666667,-63.911166666666667,2026-02-06 00:04:00,245,0,005,08457,020,0,2026-02-05 21:04:00
3,Elec. Naval,0003170,701001058,0,LU QING YUAN YU 286,-47.226166666666667,-63.911333333333333,2026-02-06 00:34:00,215,0.5,005,08457,014,0,2026-02-05 21:34:00
4,Navalstar,0003172,701001043,0,MOLY,-43.338716666666667,-65.061216666666667,2026-02-06 00:00:00,0,0,010,08690,337,0,2026-02-05 21:00:00
4,Navalstar,0003172,701001043,0,MOLY,-43.338883333333333,-65.06105,2026-02-06 00:15:00,0,0.1,010,08690,337,0,2026-02-05 21:15:00
4,Navalstar,0003172,701001043,0,MOLY,-43.338883333333333,-65.06105,2026-02-06 00:30:00,0,0,010,08690,337,0,2026-02-05 21:30:00
4,Navalstar,0003172,701001043,0,MOLY,-43.338716666666667,-65.06105,2026-02-06 00:45:00,0,0,010,08690,337,0,2026-02-05 21:45:00
3,Elec. Naval,0003173,701001074,0,SIEMPRE MARIA ELENA,-43.341666666666667,-65.056166666666667,2026-02-06 00:06:00,235,0,005,08457,130,0,2026-02-05 21:06:00
3,Elec. Naval,0003173,701001074,0,SIEMPRE MARIA ELENA,-43.341666666666667,-65.056166666666667,2026-02-06 00:21:00,235,0,005,08457,130,0,2026-02-05 21:21:00
3,Elec. Naval,0003173,701001074,0,SIEMPRE MARIA ELENA,-43.341666666666667,-65.056166666666667,2026-02-06 00:36:00,5,0,005,08457,130,0,2026-02-05 21:36:00
3,Elec. Naval,0003173,701001074,0,SIEMPRE MARIA ELENA,-43.341666666666667,-65.056166666666667,2026-02-06 00:51:00,15,0,005,08457,130,0,2026-02-05 21:51:00
4,Navalstar,0003178,701001060,0,BARLOVENTO,-43.34305,-65.056383333333333,2026-02-06 00:00:00,0,0,010,08690,020,0,2026-02-05 21:00:00
1,Sitrack,0003178,0,0,BARLOVENTO,-43.34288024902344,-65.05625915527344,2026-02-06 00:11:51,192,0,,,,0,2026-02-05 21:11:51
4,Navalstar,0003178,701001060,0,BARLOVENTO,-43.34305,-65.056383333333333,2026-02-06 00:15:00,0,0.1,010,08690,020,0,2026-02-05 21:15:00
1,Sitrack,0003178,0,0,BARLOVENTO,-43.34288024902344,-65.05625915527344,2026-02-06 00:26:51,192,0,,,,0,2026-02-05 21:26:51
4,Navalstar,0003178,701001060,0,BARLOVENTO,-43.34305,-65.056383333333333,2026-02-06 00:30:00,0,0.1,010,08690,020,0,2026-02-05 21:30:00
1,Sitrack,0003178,0,0,BARLOVENTO,-43.34288024902344,-65.05628204345703,2026-02-06 00:41:51,192,0.054,,,,0,2026-02-05 21:41:51
4,Navalstar,0003178,701001060,0,BARLOVENTO,-43.34305,-65.056383333333333,2026-02-06 00:45:00,0,0.1,010,08690,020,0,2026-02-05 21:45:00
1,Sitrack,0003178,0,0,BARLOVENTO,-43.342899322509766,-65.05625915527344,2026-02-06 00:56:51,192,0,,,,0,2026-02-05 21:56:51
4,Navalstar,0003179,701001059,0,MERLUAN,-43.342716666666667,-65.05655,2026-02-06 00:00:00,0,0.1,010,08690,033,0,2026-02-05 21:00:00
1,Sitrack,0003179,0,0,MERLUAN,-43.3426513671875,-65.05648040771484,2026-02-06 00:09:04,280,0.054,,,,0,2026-02-05 21:09:04
4,Navalstar,0003179,701001059,0,MERLUAN,-43.342716666666667,-65.05655,2026-02-06 00:15:00,0,0.1,010,08690,033,0,2026-02-05 21:15:00
1,Sitrack,0003179,0,0,MERLUAN,-43.3426513671875,-65.05645751953125,2026-02-06 00:24:04,134,0.162,,,,0,2026-02-05 21:24:04
4,Navalstar,0003179,701001059,0,MERLUAN,-43.342716666666667,-65.05655,2026-02-06 00:30:00,0,0.1,010,08690,033,0,2026-02-05 21:30:00
1,Sitrack,0003179,0,0,MERLUAN,-43.3426513671875,-65.05645751953125,2026-02-06 00:39:04,134,0.054,,,,0,2026-02-05 21:39:04
4,Navalstar,0003179,701001059,0,MERLUAN,-43.342716666666667,-65.05655,2026-02-06 00:45:00,0,0.2,010,08690,033,0,2026-02-05 21:45:00
1,Sitrack,0003179,0,0,MERLUAN,-43.342628479003906,-65.05648040771484,2026-02-06 00:54:04,138,0.162,,,,0,2026-02-05 21:54:04
1,Sitrack,0003180,701132000,0,HAI DE LI 701,-47.44696044921875,-63.924259185791016,2026-02-06 00:22:10,142,0.7559,,,,0,2026-02-05 21:22:10
1,Sitrack,0003188,0,0,API VIII,-47.5206298828125,-62.77764892578125,2026-02-06 00:14:23,190,3.8877,,,,0,2026-02-05 21:14:23
1,Sitrack,0003188,0,0,API VIII,-47.53179931640625,-62.782779693603516,2026-02-06 00:29:23,198,2.4838,,,,0,2026-02-05 21:29:23
1,Sitrack,0003188,0,0,API VIII,-47.5438117980957,-62.787899017333984,2026-02-06 00:44:23,194,4.2657,,,,0,2026-02-05 21:44:23
1,Sitrack,0003188,0,0,API VIII,-47.55458068847656,-62.79111099243164,2026-02-06 00:59:23,196,0.8639,,,,0,2026-02-05 21:59:23
1,Sitrack,0003191,0,0,API X,-47.37860870361328,-62.80498123168945,2026-02-06 00:06:18,180,2.9698,,,,0,2026-02-05 21:06:18
1,Sitrack,0003191,0,0,API X,-47.38972854614258,-62.802711486816406,2026-02-06 00:21:18,158,2.3758,,,,0,2026-02-05 21:21:18
1,Sitrack,0003191,0,0,API X,-47.40095138549805,-62.80080032348633,2026-02-06 00:36:18,168,3.1857,,,,0,2026-02-05 21:36:18
1,Sitrack,0003191,0,0,API X,-47.41154861450195,-62.79988098144531,2026-02-06 00:51:19,150,3.0778,,,,0,2026-02-05 21:51:19
3,Elec. Naval,0003194,701001121,0,NIÑO JESUS DE PRAGA,-40.776666666666667,-60.282833333333333,2026-02-06 00:05:00,30,10.3,005,08457,060,0,2026-02-05 21:05:00
3,Elec. Naval,0003194,701001121,0,NIÑO JESUS DE PRAGA,-40.745,-60.248666666666667,2026-02-06 00:20:00,35,9.7,005,08457,060,0,2026-02-05 21:20:00
3,Elec. Naval,0003194,701001121,0,NIÑO JESUS DE PRAGA,-40.713833333333333,-60.214166666666667,2026-02-06 00:35:00,40,9.2,005,08457,060,0,2026-02-05 21:35:00
3,Elec. Naval,0003194,701001121,0,NIÑO JESUS DE PRAGA,-40.683333333333333,-60.180833333333333,2026-02-06 00:50:00,35,10.3,005,08457,060,0,2026-02-05 21:50:00
4,Navalstar,0003195,701001139,0,EL GRAN BOCHA,-43.341883333333333,-65.05755,2026-02-06 00:00:00,0,0,010,08690,064,0,2026-02-05 21:00:00
3,Elec. Naval,0003198,701001132,0,CAMILO S,-43.363333333333333,-64.763833333333333,2026-02-06 00:02:00,20,2.2,005,08457,099,0,2026-02-05 21:02:00
3,Elec. Naval,0003198,701001132,0,CAMILO S,-43.352,-64.806666666666667,2026-02-06 00:17:00,285,8.6,005,08457,099,0,2026-02-05 21:17:00
3,Elec. Naval,0003198,701001132,0,CAMILO S,-43.3445,-64.8575,2026-02-06 00:32:00,280,8.1,005,08457,099,0,2026-02-05 21:32:00
3,Elec. Naval,0003198,701001132,0,CAMILO S,-43.3395,-64.908833333333333,2026-02-06 00:47:00,270,9.2,005,08457,099,0,2026-02-05 21:47:00
3,Elec. Naval,0003203,0,0,DON QUIQUE,-43.338833333333333,-65.061166666666667,2026-02-06 00:12:00,0,0,005,08457,125,0,2026-02-05 21:12:00
3,Elec. Naval,0003211,701146000,0,ESPARDEL,-41.979666666666667,-61.093333333333333,2026-02-06 00:00:00,270,4.9,005,08466,020,0,2026-02-05 21:00:00
3,Elec. Naval,0003211,701146000,0,ESPARDEL,-41.9795,-61.123333333333333,2026-02-06 00:15:00,275,4.3,005,08466,020,0,2026-02-05 21:15:00
3,Elec. Naval,0003211,701146000,0,ESPARDEL,-41.979666666666667,-61.154166666666667,2026-02-06 00:30:00,270,5.4,005,08466,020,0,2026-02-05 21:30:00
3,Elec. Naval,0003211,701146000,0,ESPARDEL,-41.98,-61.185333333333333,2026-02-06 00:45:00,260,5.9,005,08466,020,0,2026-02-05 21:45:00
1,Sitrack,0003213,0,0,API XII,-38.894309997558594,-62.09960174560547,2026-02-06 00:12:10,134,0,,,,0,2026-02-05 21:12:10
1,Sitrack,0003213,0,0,API XII,-38.89432907104492,-62.099510192871094,2026-02-06 00:12:12,272,0.054,,,,0,2026-02-05 21:12:12
1,Sitrack,0003213,0,0,API XII,-38.894309997558594,-62.09954833984375,2026-02-06 00:27:12,272,0,,,,0,2026-02-05 21:27:12
1,Sitrack,0003213,0,0,API XII,-38.89426040649414,-62.09952926635742,2026-02-06 00:42:12,180,0,,,,0,2026-02-05 21:42:12
1,Sitrack,0003213,0,0,API XII,-38.894229888916016,-62.09955978393555,2026-02-06 00:57:12,166,0,,,,0,2026-02-05 21:57:12
3,Elec. Naval,0003217,701148000,0,ANTONIA D,-38.259666666666667,-57.605833333333333,2026-02-06 00:00:00,210,7,005,08473,027,0,2026-02-05 21:00:00
3,Elec. Naval,0003217,701148000,0,ANTONIA D,-38.263333333333333,-57.608833333333333,2026-02-06 00:02:00,215,6.5,005,08473,026,0,2026-02-05 21:02:00
3,Elec. Naval,0003217,701148000,0,ANTONIA D,-38.2825,-57.6255,2026-02-06 00:15:00,210,8.6,005,08473,027,0,2026-02-05 21:15:00
3,Elec. Naval,0003217,701148000,0,ANTONIA D,-38.286166666666667,-57.628333333333333,2026-02-06 00:17:00,210,9.7,005,08473,026,0,2026-02-05 21:17:00
3,Elec. Naval,0003217,701148000,0,ANTONIA D,-38.306333333333333,-57.6455,2026-02-06 00:30:00,210,8.6,005,08473,027,0,2026-02-05 21:30:00
3,Elec. Naval,0003217,701148000,0,ANTONIA D,-38.310333333333333,-57.648833333333333,2026-02-06 00:32:00,210,9.7,005,08473,026,0,2026-02-05 21:32:00
3,Elec. Naval,0003217,701148000,0,ANTONIA D,-38.331166666666667,-57.667,2026-02-06 00:45:00,215,5.4,005,08473,027,0,2026-02-05 21:45:00
3,Elec. Naval,0003217,701148000,0,ANTONIA D,-38.3345,-57.67,2026-02-06 00:47:00,205,8.1,005,08473,026,0,2026-02-05 21:47:00
3,Elec. Naval,0003225,701001230,0,LU QING YUAN YU 277,-45.4225,-63.477166666666667,2026-02-06 00:37:00,0,0.5,005,08466,122,0,2026-02-05 21:37:00
3,Elec. Naval,0003226,701001215,0,CARLOS LUIS,-43.341333333333333,-65.056666666666667,2026-02-06 00:13:00,310,0,005,08473,209,0,2026-02-05 21:13:00
3,Elec. Naval,0003226,701001215,0,CARLOS LUIS,-43.341333333333333,-65.056666666666667,2026-02-06 00:28:00,295,0,005,08473,209,0,2026-02-05 21:28:00
3,Elec. Naval,0003226,701001215,0,CARLOS LUIS,-43.341333333333333,-65.056666666666667,2026-02-06 00:43:00,295,0,005,08473,209,0,2026-02-05 21:43:00
3,Elec. Naval,0003226,701001215,0,CARLOS LUIS,-43.341333333333333,-65.056666666666667,2026-02-06 00:58:00,295,0,005,08473,209,0,2026-02-05 21:58:00
3,Elec. Naval,0003229,701001233,0,LU QING YUAN YU 278,-42.735833333333333,-65.020833333333333,2026-02-06 00:03:00,220,0,005,08457,131,0,2026-02-05 21:03:00
3,Elec. Naval,0003229,701001233,0,LU QING YUAN YU 278,-42.735833333333333,-65.020833333333333,2026-02-06 00:06:00,280,0,005,08466,094,0,2026-02-05 21:06:00
3,Elec. Naval,0003230,701001255,0,JOSE LUCIANO,-44.1075,-61.490333333333333,2026-02-06 00:12:00,5,4.3,005,08466,161,0,2026-02-05 21:12:00
3,Elec. Naval,0003230,701001255,0,JOSE LUCIANO,-44.0975,-61.487833333333333,2026-02-06 00:27:00,350,1.1,005,08466,161,0,2026-02-05 21:27:00
3,Elec. Naval,0003230,701001255,0,JOSE LUCIANO,-44.090333333333333,-61.485,2026-02-06 00:42:00,330,2.2,005,08466,161,0,2026-02-05 21:42:00
3,Elec. Naval,0003230,701001255,0,JOSE LUCIANO,-44.107833333333333,-61.486333333333333,2026-02-06 00:57:00,180,6.5,005,08466,161,0,2026-02-05 21:57:00
3,Elec. Naval,0003237,701001241,0,DON MATUTE,-43.338833333333333,-65.060833333333333,2026-02-06 00:28:00,140,0,005,08466,001,0,2026-02-05 21:28:00
3,Elec. Naval,0003244,701151000,0,LUIGI,-47.292166666666667,-62.832833333333333,2026-02-06 00:03:00,175,2.2,005,08457,150,0,2026-02-05 21:03:00
3,Elec. Naval,0003244,701151000,0,LUIGI,-47.303,-62.831166666666667,2026-02-06 00:18:00,180,3.2,005,08457,150,0,2026-02-05 21:18:00
3,Elec. Naval,0003244,701151000,0,LUIGI,-47.315,-62.829666666666667,2026-02-06 00:33:00,165,2.7,005,08457,150,0,2026-02-05 21:33:00
3,Elec. Naval,0003244,701151000,0,LUIGI,-47.327,-62.8275,2026-02-06 00:48:00,185,2.7,005,08457,150,0,2026-02-05 21:48:00
3,Elec. Naval,0003249,701001289,0,VIRGEN DE ITATI II,-43.338833333333333,-65.061166666666667,2026-02-06 00:26:00,30,0,005,08466,070,0,2026-02-05 21:26:00
4,Navalstar,0003250,701001306,0,NUEVO ANAVE,-43.341383333333333,-65.05655,2026-02-06 00:00:00,0,0.1,010,08690,305,0,2026-02-05 21:00:00
4,Navalstar,0003250,701001306,0,NUEVO ANAVE,-43.341383333333333,-65.05655,2026-02-06 00:15:00,0,0.1,010,08690,305,0,2026-02-05 21:15:00
4,Navalstar,0003250,701001306,0,NUEVO ANAVE,-43.341383333333333,-65.05655,2026-02-06 00:30:00,0,0.1,010,08690,305,0,2026-02-05 21:30:00
4,Navalstar,0003250,701001306,0,NUEVO ANAVE,-43.341383333333333,-65.05655,2026-02-06 00:45:00,0,0.1,010,08690,305,0,2026-02-05 21:45:00
3,Elec. Naval,0003251,701154000,0,ERIN BRUCE II,-44.188,-59.881666666666667,2026-02-06 00:04:00,270,4.9,005,08473,212,0,2026-02-05 21:04:00
3,Elec. Naval,0003251,701154000,0,ERIN BRUCE II,-44.188,-59.885333333333333,2026-02-06 00:07:00,285,6.5,005,08473,173,0,2026-02-05 21:07:00
3,Elec. Naval,0003251,701154000,0,ERIN BRUCE II,-44.187833333333333,-59.904166666666667,2026-02-06 00:19:00,355,2.7,005,08473,212,0,2026-02-05 21:19:00
3,Elec. Naval,0003251,701154000,0,ERIN BRUCE II,-44.187,-59.9045,2026-02-06 00:22:00,280,2.2,005,08473,173,0,2026-02-05 21:22:00
3,Elec. Naval,0003251,701154000,0,ERIN BRUCE II,-44.188,-59.898,2026-02-06 00:34:00,80,4.3,005,08473,212,0,2026-02-05 21:34:00
3,Elec. Naval,0003251,701154000,0,ERIN BRUCE II,-44.188,-59.894666666666667,2026-02-06 00:37:00,65,5.9,005,08473,173,0,2026-02-05 21:37:00
3,Elec. Naval,0003251,701154000,0,ERIN BRUCE II,-44.188,-59.875333333333333,2026-02-06 00:49:00,110,3.2,005,08473,212,0,2026-02-05 21:49:00
3,Elec. Naval,0003251,701154000,0,ERIN BRUCE II,-44.1875,-59.873,2026-02-06 00:52:00,180,1.1,005,08473,173,0,2026-02-05 21:52:00
3,Elec. Naval,0003256,701155000,0,LU QING YUAN YU 279,-47.746333333333333,-65.6625,2026-02-06 00:17:00,240,10.3,005,08466,223,0,2026-02-05 21:17:00
3,Elec. Naval,0003256,701155000,0,LU QING YUAN YU 279,-47.765833333333333,-65.717,2026-02-06 00:34:00,245,8.6,005,08466,237,0,2026-02-05 21:34:00
4,Navalstar,0003258,701001295,0,DIEGO AGUSTIN I,-43.34205,-65.05755,2026-02-06 00:00:00,0,0.2,010,08690,310,0,2026-02-05 21:00:00
1,Sitrack,0003260,0,0,HU SHUN YU 007,-47.387908935546875,-63.365360260009766,2026-02-06 00:14:27,100,0.594,,,,0,2026-02-05 21:14:27
1,Sitrack,0003260,0,0,HU SHUN YU 007,-47.3880615234375,-63.36573028564453,2026-02-06 00:29:27,242,0.27,,,,0,2026-02-05 21:29:27
1,Sitrack,0003260,0,0,HU SHUN YU 007,-47.38859939575195,-63.3661994934082,2026-02-06 00:44:27,196,0.162,,,,0,2026-02-05 21:44:27
1,Sitrack,0003260,0,0,HU SHUN YU 007,-47.38943099975586,-63.36663055419922,2026-02-06 00:59:27,222,0.054,,,,0,2026-02-05 21:59:27
1,Sitrack,0003261,0,0,HU SHUN YU 006,-47.38772964477539,-63.443878173828125,2026-02-06 00:06:59,340,0.162,,,,0,2026-02-05 21:06:59
1,Sitrack,0003261,0,0,HU SHUN YU 006,-47.388450622558594,-63.444950103759766,2026-02-06 00:43:51,270,0.27,,,,0,2026-02-05 21:43:51
1,Sitrack,0003263,0,0,HU SHUN YU 008,-47.326900482177734,-63.278228759765625,2026-02-06 00:20:36,268,0.486,,,,0,2026-02-05 21:20:36
1,Sitrack,0003263,0,0,HU SHUN YU 008,-47.326881408691406,-63.2782096862793,2026-02-06 00:20:41,270,0.378,,,,0,2026-02-05 21:20:41
1,Sitrack,0003264,0,0,ATON,-45.861759185791016,-67.46366119384766,2026-02-06 00:02:04,318,0.054,,,,0,2026-02-05 21:02:04
3,Elec. Naval,0003268,701157000,0,LU QING YUAN YU 275,-47.611333333333333,-65.236666666666667,2026-02-06 00:31:00,250,9.7,005,08466,168,0,2026-02-05 21:31:00
3,Elec. Naval,0003269,701000980,0,YANI G,-44.363333333333333,-61.366333333333333,2026-02-06 00:06:00,205,3.8,005,08457,206,0,2026-02-05 21:06:00
3,Elec. Naval,0003269,701000980,0,YANI G,-44.373333333333333,-61.370333333333333,2026-02-06 00:21:00,200,1.6,005,08457,206,0,2026-02-05 21:21:00
3,Elec. Naval,0003269,701000980,0,YANI G,-44.383833333333333,-61.3745,2026-02-06 00:36:00,200,1.1,005,08457,206,0,2026-02-05 21:36:00
3,Elec. Naval,0003269,701000980,0,YANI G,-44.394666666666667,-61.378666666666667,2026-02-06 00:51:00,205,2.7,005,08457,206,0,2026-02-05 21:51:00
3,Elec. Naval,0003270,701158000,0,LU QING YUAN YU 276,-47.296333333333333,-63.9045,2026-02-06 00:03:00,35,0,005,08457,252,0,2026-02-05 21:03:00
3,Elec. Naval,0003270,701158000,0,LU QING YUAN YU 276,-47.301166666666667,-63.903,2026-02-06 00:58:00,265,0.5,005,08457,195,0,2026-02-05 21:58:00
3,Elec. Naval,0003275,701001332,0,NUNCA TE DETENGAS PACHACA,-43.341333333333333,-65.058666666666667,2026-02-06 00:06:00,220,0,005,08473,022,0,2026-02-05 21:06:00
3,Elec. Naval,0003275,701001332,0,NUNCA TE DETENGAS PACHACA,-43.341333333333333,-65.058666666666667,2026-02-06 00:21:00,155,0,005,08473,022,0,2026-02-05 21:21:00
3,Elec. Naval,0003275,701001332,0,NUNCA TE DETENGAS PACHACA,-43.341333333333333,-65.058666666666667,2026-02-06 00:36:00,200,0,005,08473,022,0,2026-02-05 21:36:00
3,Elec. Naval,0003275,701001332,0,NUNCA TE DETENGAS PACHACA,-43.341333333333333,-65.058333333333333,2026-02-06 00:51:00,320,0,005,08473,022,0,2026-02-05 21:51:00
3,Elec. Naval,0003277,701159000,0,AMERICANO,-46.69,-65.998833333333333,2026-02-06 00:05:00,105,0,005,08466,134,0,2026-02-05 21:05:00
3,Elec. Naval,0003277,701159000,0,AMERICANO,-46.690333333333333,-65.997166666666667,2026-02-06 00:20:00,150,1.1,005,08466,134,0,2026-02-05 21:20:00
3,Elec. Naval,0003277,701159000,0,AMERICANO,-46.691666666666667,-65.995333333333333,2026-02-06 00:35:00,115,0,005,08466,134,0,2026-02-05 21:35:00
3,Elec. Naval,0003277,701159000,0,AMERICANO,-46.6925,-65.992833333333333,2026-02-06 00:50:00,150,0,005,08466,134,0,2026-02-05 21:50:00
3,Elec. Naval,0003278,701156000,0,ANITA,-38.046166666666667,-57.537166666666667,2026-02-06 00:03:00,345,0,005,08466,255,0,2026-02-05 21:03:00
3,Elec. Naval,0003278,701156000,0,ANITA,-38.046166666666667,-57.537166666666667,2026-02-06 00:18:00,50,0,005,08466,255,0,2026-02-05 21:18:00
3,Elec. Naval,0003278,701156000,0,ANITA,-38.046166666666667,-57.5375,2026-02-06 00:33:00,50,0,005,08466,255,0,2026-02-05 21:33:00
3,Elec. Naval,0003278,701156000,0,ANITA,-38.046166666666667,-57.5375,2026-02-06 00:48:00,245,0,005,08466,255,0,2026-02-05 21:48:00
4,Navalstar,0003281,701000982,0,SUNRISE 888,-45.165716666666667,-63.712216666666667,2026-02-06 00:00:00,360,10.8,010,08690,075,0,2026-02-05 21:00:00
3,Elec. Naval,0003282,701160000,0,ALVAREZ ENTRENA VII,-34.627,-58.343833333333333,2026-02-06 00:07:00,195,0,005,08473,093,0,2026-02-05 21:07:00
3,Elec. Naval,0003282,701160000,0,ALVAREZ ENTRENA VII,-34.627,-58.343833333333333,2026-02-06 00:22:00,140,0,005,08473,093,0,2026-02-05 21:22:00
3,Elec. Naval,0003282,701160000,0,ALVAREZ ENTRENA VII,-34.627,-58.343833333333333,2026-02-06 00:37:00,245,0,005,08457,202,0,2026-02-05 21:37:00
3,Elec. Naval,0003282,701160000,0,ALVAREZ ENTRENA VII,-34.627,-58.343833333333333,2026-02-06 00:52:00,50,0,005,08473,093,0,2026-02-05 21:52:00
4,Navalstar,0003285,701001406,0,FU YUAN YU 7666,-47.37405,-63.13955,2026-02-06 00:00:00,0,0.4,010,08690,084,0,2026-02-05 21:00:00
2,Tesacom,0003285,701001406,0,Fu Yuan Yu 7666,-47.373916666666667,-63.13945,2026-02-06 00:08:00,288,0.8,008,,,0,2026-02-05 21:08:00
2,Tesacom,0003285,701001406,0,Fu Yuan Yu 7666,-47.373866666666667,-63.139966666666667,2026-02-06 00:23:00,0,0.4,008,,,0,2026-02-05 21:23:00
2,Tesacom,0003285,701001406,0,Fu Yuan Yu 7666,-47.374216666666667,-63.140383333333333,2026-02-06 00:38:00,208,0.4,008,,,0,2026-02-05 21:38:00
2,Tesacom,0003285,701001406,0,Fu Yuan Yu 7666,-47.375,-63.14065,2026-02-06 00:53:00,184,0.4,008,,,0,2026-02-05 21:53:00
3,Elec. Naval,0003286,701163000,0,HAI XIANG 17,-44.511666666666667,-63.906166666666667,2026-02-06 00:22:00,165,9.2,005,08473,207,0,2026-02-05 21:22:00
3,Elec. Naval,0003287,701161000,0,LITO,-38.437,-57.836666666666667,2026-02-06 00:06:00,30,9.2,005,08457,249,0,2026-02-05 21:06:00
3,Elec. Naval,0003287,701161000,0,LITO,-38.429666666666667,-57.829666666666667,2026-02-06 00:09:00,35,10.3,005,08457,250,0,2026-02-05 21:09:00
3,Elec. Naval,0003287,701161000,0,LITO,-38.4055,-57.807,2026-02-06 00:21:00,45,9.7,005,08457,249,0,2026-02-05 21:21:00
3,Elec. Naval,0003287,701161000,0,LITO,-38.398,-57.8,2026-02-06 00:24:00,30,9.7,005,08457,250,0,2026-02-05 21:24:00
3,Elec. Naval,0003287,701161000,0,LITO,-38.374166666666667,-57.777833333333333,2026-02-06 00:36:00,30,8.6,005,08457,249,0,2026-02-05 21:36:00
3,Elec. Naval,0003287,701161000,0,LITO,-38.367,-57.770833333333333,2026-02-06 00:39:00,50,8.6,005,08457,250,0,2026-02-05 21:39:00
3,Elec. Naval,0003287,701161000,0,LITO,-38.343,-57.748333333333333,2026-02-06 00:51:00,30,8.6,005,08457,249,0,2026-02-05 21:51:00
3,Elec. Naval,0003287,701161000,0,LITO,-38.335833333333333,-57.741333333333333,2026-02-06 00:54:00,30,9.2,005,08457,250,0,2026-02-05 21:54:00
4,Navalstar,0003288,701001412,0,JORGE DANIEL I,-43.33905,-65.06055,2026-02-06 00:00:00,0,0,010,08690,088,0,2026-02-05 21:00:00
4,Navalstar,0003288,701001412,0,JORGE DANIEL I,-43.33905,-65.06055,2026-02-06 00:15:00,0,0,010,08690,088,0,2026-02-05 21:15:00
4,Navalstar,0003288,701001412,0,JORGE DANIEL I,-43.33905,-65.06055,2026-02-06 00:30:00,0,0,010,08690,088,0,2026-02-05 21:30:00
4,Navalstar,0003288,701001412,0,JORGE DANIEL I,-43.33905,-65.06055,2026-02-06 00:45:00,0,0.1,010,08690,088,0,2026-02-05 21:45:00
3,Elec. Naval,0003289,701001399,0,LU PENG YUAN YU 068,-47.501166666666667,-64.033,2026-02-06 00:39:00,140,0.5,005,08466,189,0,2026-02-05 21:39:00
3,Elec. Naval,0003290,701001328,0,YONG FA 08,-47.373,-64.0225,2026-02-06 00:42:00,200,0,005,08466,111,0,2026-02-05 21:42:00
3,Elec. Naval,0003292,701162000,0,LEONILDA,-43.341666666666667,-65.058,2026-02-06 00:14:00,295,0,005,08457,050,0,2026-02-05 21:14:00
3,Elec. Naval,0003292,701162000,0,LEONILDA,-43.341666666666667,-65.058,2026-02-06 00:29:00,295,0,005,08457,050,0,2026-02-05 21:29:00
3,Elec. Naval,0003292,701162000,0,LEONILDA,-43.341666666666667,-65.058333333333333,2026-02-06 00:44:00,105,0,005,08457,050,0,2026-02-05 21:44:00
3,Elec. Naval,0003292,701162000,0,LEONILDA,-43.341666666666667,-65.058333333333333,2026-02-06 00:59:00,105,0,005,08457,050,0,2026-02-05 21:59:00
3,Elec. Naval,0003293,701001422,0,MARLENE DEL CARMEN,-46.026166666666667,-66.822166666666667,2026-02-06 00:03:00,105,9.2,005,08473,187,0,2026-02-05 21:03:00
3,Elec. Naval,0003293,701001422,0,MARLENE DEL CARMEN,-46.041166666666667,-66.768833333333333,2026-02-06 00:18:00,110,9.7,005,08473,187,0,2026-02-05 21:18:00
3,Elec. Naval,0003293,701001422,0,MARLENE DEL CARMEN,-46.056666666666667,-66.715333333333333,2026-02-06 00:33:00,110,9.2,005,08473,187,0,2026-02-05 21:33:00
3,Elec. Naval,0003293,701001422,0,MARLENE DEL CARMEN,-46.072833333333333,-66.661333333333333,2026-02-06 00:48:00,110,9.7,005,08473,187,0,2026-02-05 21:48:00
2,Tesacom,0003299,70100132,0,SUNRISE 868,-47.566666666666667,-63.476666666666667,2026-02-06 00:20:00,232,0.6,008,,,0,2026-02-05 21:20:00
3,Elec. Naval,0003300,701161000,0,DON JUAN ALVAREZ,-34.627166666666667,-58.343333333333333,2026-02-06 00:03:00,320,0,005,08457,063,0,2026-02-05 21:03:00
3,Elec. Naval,0003300,701164000,0,DON JUAN ALVAREZ,-34.627166666666667,-58.343333333333333,2026-02-06 00:04:00,0,0,005,08466,156,0,2026-02-05 21:04:00
3,Elec. Naval,0003300,701161000,0,DON JUAN ALVAREZ,-34.627166666666667,-58.343333333333333,2026-02-06 00:18:00,55,0,005,08457,063,0,2026-02-05 21:18:00
3,Elec. Naval,0003300,701164000,0,DON JUAN ALVAREZ,-34.627166666666667,-58.343333333333333,2026-02-06 00:19:00,0,0,005,08466,156,0,2026-02-05 21:19:00
3,Elec. Naval,0003300,701161000,0,DON JUAN ALVAREZ,-34.627166666666667,-58.343333333333333,2026-02-06 00:33:00,195,0,005,08457,063,0,2026-02-05 21:33:00
3,Elec. Naval,0003300,701164000,0,DON JUAN ALVAREZ,-34.627166666666667,-58.343333333333333,2026-02-06 00:34:00,270,0,005,08466,156,0,2026-02-05 21:34:00
3,Elec. Naval,0003300,701161000,0,DON JUAN ALVAREZ,-34.627166666666667,-58.343333333333333,2026-02-06 00:48:00,310,0,005,08457,063,0,2026-02-05 21:48:00
3,Elec. Naval,0003300,701164000,0,DON JUAN ALVAREZ,-34.627166666666667,-58.343333333333333,2026-02-06 00:49:00,345,0,005,08466,156,0,2026-02-05 21:49:00
3,Elec. Naval,0003304,701001452,0,MARDELEVA,-43.339166666666667,-65.060833333333333,2026-02-06 00:18:00,220,0,005,08466,100,0,2026-02-05 21:18:00
3,Elec. Naval,0003312,701166000,0,SIEMPRE DON OSCAR,-43.341333333333333,-65.056333333333333,2026-02-06 00:06:00,295,0,005,08457,133,0,2026-02-05 21:06:00
3,Elec. Naval,0003312,701166000,0,SIEMPRE DON OSCAR,-43.341333333333333,-65.056333333333333,2026-02-06 00:21:00,320,0,005,08457,133,0,2026-02-05 21:21:00
3,Elec. Naval,0003312,701166000,0,SIEMPRE DON OSCAR,-43.341333333333333,-65.056333333333333,2026-02-06 00:36:00,30,0,005,08457,133,0,2026-02-05 21:36:00
3,Elec. Naval,0003312,701166000,0,SIEMPRE DON OSCAR,-43.341333333333333,-65.056333333333333,2026-02-06 00:51:00,90,0,005,08457,133,0,2026-02-05 21:51:00
4,Navalstar,0003314,701169000,0,GINO V,-43.340883333333333,-65.057383333333333,2026-02-06 00:00:00,0,0,010,08512,002,0,2026-02-05 21:00:00
4,Navalstar,0003314,701169000,0,GINO V,-43.340883333333333,-65.057383333333333,2026-02-06 00:15:00,0,0.1,010,08512,002,0,2026-02-05 21:15:00
4,Navalstar,0003314,701169000,0,GINO V,-43.340883333333333,-65.057383333333333,2026-02-06 00:30:00,0,0,010,08512,002,0,2026-02-05 21:30:00
4,Navalstar,0003314,701169000,0,GINO V,-43.340883333333333,-65.057383333333333,2026-02-06 00:45:00,0,0,010,08512,002,0,2026-02-05 21:45:00
4,Navalstar,0003315,701001470,0,YAEL I,-43.33905,-65.06055,2026-02-06 00:00:00,0,0,010,08690,073,0,2026-02-05 21:00:00
4,Navalstar,0003315,701001470,0,YAEL I,-43.33905,-65.06055,2026-02-06 00:15:00,0,0,010,08690,073,0,2026-02-05 21:15:00
4,Navalstar,0003315,701001470,0,YAEL I,-43.33905,-65.06055,2026-02-06 00:30:00,0,0,010,08690,073,0,2026-02-05 21:30:00
4,Navalstar,0003315,701001470,0,YAEL I,-43.33905,-65.06055,2026-02-06 00:45:00,0,0,010,08690,073,0,2026-02-05 21:45:00
4,Navalstar,0003318,701001481,0,RODA,-43.34305,-65.05605,2026-02-06 00:00:00,0,0.1,010,08188,003,0,2026-02-05 21:00:00
4,Navalstar,0003319,701001479,0,CODASTE,-43.343216666666667,-65.05605,2026-02-06 00:00:00,0,0,010,08188,008,0,2026-02-05 21:00:00
3,Elec. Naval,0003321,701001485,0,NUEVO MARIA ELENA,-43.341166666666667,-65.057166666666667,2026-02-06 00:09:00,230,0,005,08457,077,0,2026-02-05 21:09:00
3,Elec. Naval,0003321,701001485,0,NUEVO MARIA ELENA,-43.341166666666667,-65.057166666666667,2026-02-06 00:24:00,145,0,005,08457,075,0,2026-02-05 21:24:00
3,Elec. Naval,0003321,701001485,0,NUEVO MARIA ELENA,-43.341166666666667,-65.057166666666667,2026-02-06 00:39:00,145,0,005,08457,075,0,2026-02-05 21:39:00
3,Elec. Naval,0003321,701001485,0,NUEVO MARIA ELENA,-43.341166666666667,-65.057166666666667,2026-02-06 00:54:00,145,0,005,08457,075,0,2026-02-05 21:54:00
3,Elec. Naval,0003323,701165000,0,S. TENORIO,-43.588833333333333,-65.0375,2026-02-06 00:02:00,170,2.7,005,08466,079,0,2026-02-05 21:02:00
3,Elec. Naval,0003323,701165000,0,S. TENORIO,-43.594666666666667,-65.037166666666667,2026-02-06 00:09:00,180,3.2,005,08473,182,0,2026-02-05 21:09:00
3,Elec. Naval,0003323,701165000,0,S. TENORIO,-43.600333333333333,-65.0375,2026-02-06 00:17:00,20,1.1,005,08466,079,0,2026-02-05 21:17:00
3,Elec. Naval,0003323,701165000,0,S. TENORIO,-43.6005,-65.038833333333333,2026-02-06 00:24:00,300,1.1,005,08473,182,0,2026-02-05 21:24:00
3,Elec. Naval,0003323,701165000,0,S. TENORIO,-43.601666666666667,-65.044666666666667,2026-02-06 00:32:00,275,1.6,005,08466,079,0,2026-02-05 21:32:00
3,Elec. Naval,0003323,701165000,0,S. TENORIO,-43.5975,-65.048333333333333,2026-02-06 00:39:00,330,2.7,005,08473,182,0,2026-02-05 21:39:00
3,Elec. Naval,0003323,701165000,0,S. TENORIO,-43.596333333333333,-65.049666666666667,2026-02-06 00:47:00,135,8.6,005,08466,079,0,2026-02-05 21:47:00
3,Elec. Naval,0003323,701165000,0,S. TENORIO,-43.608666666666667,-65.033833333333333,2026-02-06 00:54:00,135,8.1,005,08473,182,0,2026-02-05 21:54:00
3,Elec. Naval,0003325,701168000,0,J. BARREIRO,-43.5755,-65.034166666666667,2026-02-06 00:12:00,0,1.6,005,08466,174,0,2026-02-05 21:12:00
3,Elec. Naval,0003325,701168000,0,J. BARREIRO,-43.569166666666667,-65.023333333333333,2026-02-06 00:27:00,30,2.7,005,08466,174,0,2026-02-05 21:27:00
3,Elec. Naval,0003325,701168000,0,J. BARREIRO,-43.550833333333333,-64.997,2026-02-06 00:42:00,50,7,005,08457,148,0,2026-02-05 21:42:00
3,Elec. Naval,0003325,701168000,0,J. BARREIRO,-43.526333333333333,-64.969166666666667,2026-02-06 00:57:00,30,7,005,08466,174,0,2026-02-05 21:57:00
4,Navalstar,0003326,701001364,0,SUNRISE 858,-47.764883333333333,-65.834883333333333,2026-02-06 00:00:00,272,3.9,010,08690,074,0,2026-02-05 21:00:00
4,Navalstar,0003326,701001364,0,SUNRISE 858,-47.76905,-65.827216666666667,2026-02-06 00:30:00,130,3.2,010,08690,074,0,2026-02-05 21:30:00
4,Navalstar,0003327,701167000,0,SOTAVENTO,-43.342883333333333,-65.056216666666667,2026-02-06 00:00:00,0,0.1,010,08690,005,0,2026-02-05 21:00:00
1,Sitrack,0003327,0,0,SOTAVENTO,-43.34284973144531,-65.05622863769531,2026-02-06 00:08:39,20,0,,,,0,2026-02-05 21:08:39
4,Navalstar,0003327,701167000,0,SOTAVENTO,-43.342883333333333,-65.056216666666667,2026-02-06 00:15:00,0,0,010,08690,005,0,2026-02-05 21:15:00
1,Sitrack,0003327,0,0,SOTAVENTO,-43.34284973144531,-65.0562515258789,2026-02-06 00:23:39,332,0.054,,,,0,2026-02-05 21:23:39
4,Navalstar,0003327,701167000,0,SOTAVENTO,-43.342883333333333,-65.056216666666667,2026-02-06 00:30:00,0,0,010,08690,005,0,2026-02-05 21:30:00
1,Sitrack,0003327,0,0,SOTAVENTO,-43.34284973144531,-65.05622863769531,2026-02-06 00:38:39,236,0.27,,,,0,2026-02-05 21:38:39
4,Navalstar,0003327,701167000,0,SOTAVENTO,-43.342883333333333,-65.056216666666667,2026-02-06 00:45:00,0,0,010,08690,005,0,2026-02-05 21:45:00
1,Sitrack,0003327,0,0,SOTAVENTO,-43.342811584472656,-65.05622863769531,2026-02-06 00:53:39,24,0,,,,0,2026-02-05 21:53:39
3,Elec. Naval,0003329,701001472,0,HAI XIANG 16,-44.410333333333333,-64.111333333333333,2026-02-06 00:40:00,355,10.8,005,08473,164,0,2026-02-05 21:40:00
3,Elec. Naval,0003329,701001472,0,HAI XIANG 16,-44.377166666666667,-64.113833333333333,2026-02-06 00:51:00,355,11.3,005,08473,167,0,2026-02-05 21:51:00
3,Elec. Naval,0003330,701001507,0,JUAN CRUZ,-43.339666666666667,-65.059666666666667,2026-02-06 00:05:00,305,0,005,08457,011,0,2026-02-05 21:05:00
3,Elec. Naval,0003331,701001424,0,SANTISIMA TRINIDAD,-39.1195,-57.539666666666667,2026-02-06 00:00:00,0,10.8,005,08457,209,0,2026-02-05 21:00:00
3,Elec. Naval,0003331,701001424,0,SANTISIMA TRINIDAD,-39.073,-57.533833333333333,2026-02-06 00:15:00,0,10.8,005,08457,209,0,2026-02-05 21:15:00
3,Elec. Naval,0003331,701001424,0,SANTISIMA TRINIDAD,-39.027166666666667,-57.528666666666667,2026-02-06 00:30:00,10,11.3,005,08457,209,0,2026-02-05 21:30:00
3,Elec. Naval,0003331,701001424,0,SANTISIMA TRINIDAD,-38.981166666666667,-57.523666666666667,2026-02-06 00:45:00,5,10.8,005,08457,209,0,2026-02-05 21:45:00
4,Navalstar,0003332,701001485,0,DON OMAR N,-43.340716666666667,-65.05805,2026-02-06 00:48:00,0,0.1,010,08690,018,0,2026-02-05 21:48:00
4,Navalstar,0003333,701001503,0,GUO HONG 77,-47.300216666666667,-63.10705,2026-02-06 00:00:00,0,0.5,010,08123,022,0,2026-02-05 21:00:00
1,Sitrack,000925,0,0,MAR ESMERALDA,-34.62712860107422,-58.35554885864258,2026-02-06 00:05:40,212,0,,,,53.35,2026-02-05 21:05:40
1,Sitrack,000925,0,0,MAR ESMERALDA,-34.62715148925781,-58.355499267578125,2026-02-06 00:20:40,168,0,,,,53.35,2026-02-05 21:20:40
1,Sitrack,000925,0,0,MAR ESMERALDA,-34.62715148925781,-58.35551071166992,2026-02-06 00:35:40,226,0,,,,53.35,2026-02-05 21:35:40
1,Sitrack,000925,0,0,MAR ESMERALDA,-34.62712860107422,-58.355499267578125,2026-02-06 00:50:41,226,0,,,,53.35,2026-02-05 21:50:41
