"Buque";"Matricula";"Fecha";"Latitud";"Longitud";"Velocidad";"Rumbo"
"MISS TIDE";"02439";"2026-01-01 00:08:00";"-38,0458333333";"-57,5353333333";"0,0";"335"
"MISS TIDE";"02439";"2026-01-01 00:23:00";"-38,0461666667";"-57,5353333333";"0,0";"205"
"MISS TIDE";"02439";"2026-01-01 00:38:00";"-38,0461666667";"-57,5353333333";"0,0";"150"
"MISS TIDE";"02439";"2026-01-01 00:53:00";"-38,0458333333";"-57,5353333333";"0,0";"20"
"MISS TIDE";"02439";"2026-01-01 01:08:00";"-38,0461666667";"-57,5353333333";"0,0";"20"
"MISS TIDE";"02439";"2026-01-01 01:23:00";"-38,0461666667";"-57,5353333333";"0,0";"295"
"MISS TIDE";"02439";"2026-01-01 01:38:00";"-38,0458333333";"-57,5353333333";"0,0";"225"
"MISS TIDE";"02439";"2026-01-01 01:53:00";"-38,0461666667";"-57,5353333333";"0,0";"340"
"MISS TIDE";"02439";"2026-01-01 02:08:00";"-38,0461666667";"-57,5353333333";"0,0";"340"
"MISS TIDE";"02439";"2026-01-01 02:23:00";"-38,0461666667";"-57,5353333333";"0,0";"305"
"MISS TIDE";"02439";"2026-01-01 02:38:00";"-38,0461666667";"-57,5353333333";"0,0";"305"
"MISS TIDE";"02439";"2026-01-01 02:53:00";"-38,0461666667";"-57,5353333333";"0,0";"305"
"MISS TIDE";"02439";"2026-01-01 03:08:00";"-38,0461666667";"-57,5353333333";"0,0";"235"
"MISS TIDE";"02439";"2026-01-01 03:23:00";"-38,0461666667";"-57,5353333333";"0,0";"10"
"MISS TIDE";"02439";"2026-01-01 03:38:00";"-38,0461666667";"-57,5353333333";"0,0";"75"
"MISS TIDE";"02439";"2026-01-01 03:53:00";"-38,0461666667";"-57,5353333333";"0,0";"175"
"MISS TIDE";"02439";"2026-01-01 04:08:00";"-38,0461666667";"-57,5353333333";"0,0";"175"
"MISS TIDE";"02439";"2026-01-01 04:23:00";"-38,0461666667";"-57,5353333333";"0,0";"175"
"MISS TIDE";"02439";"2026-01-01 04:38:00";"-38,0458333333";"-57,5353333333";"0,0";"190"
"MISS TIDE";"02439";"2026-01-01 04:53:00";"-38,0458333333";"-57,5353333333";"0,0";"95"
"MISS TIDE";"02439";"2026-01-01 05:08:00";"-38,0461666667";"-57,5353333333";"0,0";"50"
"MISS TIDE";"02439";"2026-01-01 05:23:00";"-38,0458333333";"-57,5353333333";"0,0";"30"
"MISS TIDE";"02439";"2026-01-01 05:38:00";"-38,0458333333";"-57,5353333333";"0,0";"55"
"MISS TIDE";"02439";"2026-01-01 05:53:00";"-38,0461666667";"-57,5353333333";"0,0";"155"
"MISS TIDE";"02439";"2026-01-01 06:08:00";"-38,0458333333";"-57,5353333333";"0,0";"200"
"MISS TIDE";"02439";"2026-01-01 06:23:00";"-38,0461666667";"-57,5353333333";"0,0";"200"
"MISS TIDE";"02439";"2026-01-01 06:38:00";"-38,0458333333";"-57,5353333333";"0,0";"170"
"MISS TIDE";"02439";"2026-01-01 06:53:00";"-38,0458333333";"-57,5353333333";"0,0";"70"
"MISS TIDE";"02439";"2026-01-01 07:08:00";"-38,0461666667";"-57,5353333333";"0,0";"70"
"MISS TIDE";"02439";"2026-01-01 07:23:00";"-38,0458333333";"-57,5353333333";"0,0";"70"
"MISS TIDE";"02439";"2026-01-01 07:38:00";"-38,0461666667";"-57,5353333333";"0,0";"10"
"MISS TIDE";"02439";"2026-01-01 07:53:00";"-38,0458333333";"-57,5353333333";"0,0";"10"
"MISS TIDE";"02439";"2026-01-01 08:08:00";"-38,0458333333";"-57,5353333333";"0,0";"170"
"MISS TIDE";"02439";"2026-01-01 08:23:00";"-38,0461666667";"-57,5353333333";"0,0";"170"
"MISS TIDE";"02439";"2026-01-01 08:38:00";"-38,0458333333";"-57,5353333333";"0,0";"225"
"MISS TIDE";"02439";"2026-01-01 08:53:00";"-38,0458333333";"-57,5353333333";"0,0";"225"
"MISS TIDE";"02439";"2026-01-01 09:08:00";"-38,0458333333";"-57,5353333333";"0,0";"225"
"MISS TIDE";"02439";"2026-01-01 09:23:00";"-38,0458333333";"-57,5353333333";"0,0";"340"
"MISS TIDE";"02439";"2026-01-01 09:38:00";"-38,0458333333";"-57,5353333333";"0,0";"350"
"MISS TIDE";"02439";"2026-01-01 09:53:00";"-38,0461666667";"-57,5353333333";"0,0";"350"
"MISS TIDE";"02439";"2026-01-01 10:08:00";"-38,0461666667";"-57,5353333333";"0,0";"350"
"MISS TIDE";"02439";"2026-01-01 10:23:00";"-38,0458333333";"-57,5353333333";"0,0";"350"
"MISS TIDE";"02439";"2026-01-01 10:38:00";"-38,0461666667";"-57,5353333333";"0,0";"205"
"MISS TIDE";"02439";"2026-01-01 10:53:00";"-38,0461666667";"-57,5353333333";"0,0";"205"
"MISS TIDE";"02439";"2026-01-01 11:08:00";"-38,0458333333";"-57,5353333333";"0,0";"120"
"MISS TIDE";"02439";"2026-01-01 11:23:00";"-38,0461666667";"-57,5353333333";"0,0";"30"
"MISS TIDE";"02439";"2026-01-01 11:38:00";"-38,0458333333";"-57,5353333333";"0,0";"155"
"MISS TIDE";"02439";"2026-01-01 11:53:00";"-38,0461666667";"-57,5353333333";"0,0";"155"
"MISS TIDE";"02439";"2026-01-01 12:08:00";"-38,0461666667";"-57,5353333333";"0,0";"190"
"MISS TIDE";"02439";"2026-01-01 12:23:00";"-38,0461666667";"-57,5353333333";"0,0";"275"
"MISS TIDE";"02439";"2026-01-01 12:38:00";"-38,0461666667";"-57,5353333333";"0,0";"35"
"MISS TIDE";"02439";"2026-01-01 12:53:00";"-38,0458333333";"-57,5353333333";"0,0";"35"
"MISS TIDE";"02439";"2026-01-01 13:08:00";"-38,0461666667";"-57,5353333333";"0,0";"35"
"MISS TIDE";"02439";"2026-01-01 13:23:00";"-38,0461666667";"-57,5353333333";"0,0";"35"
"MISS TIDE";"02439";"2026-01-01 13:38:00";"-38,0461666667";"-57,5353333333";"0,0";"35"
"MISS TIDE";"02439";"2026-01-01 13:53:00";"-38,0461666667";"-57,5353333333";"0,0";"30"
"MISS TIDE";"02439";"2026-01-01 14:08:00";"-38,0461666667";"-57,5353333333";"0,0";"30"
"MISS TIDE";"02439";"2026-01-01 14:23:00";"-38,0461666667";"-57,5353333333";"0,0";"30"
"MISS TIDE";"02439";"2026-01-01 14:38:00";"-38,0461666667";"-57,5353333333";"0,0";"240"
"MISS TIDE";"02439";"2026-01-01 14:53:00";"-38,0461666667";"-57,5353333333";"0,0";"205"
"MISS TIDE";"02439";"2026-01-01 15:08:00";"-38,0461666667";"-57,5353333333";"0,0";"205"
"MISS TIDE";"02439";"2026-01-01 15:23:00";"-38,0461666667";"-57,5353333333";"0,0";"130"
"MISS TIDE";"02439";"2026-01-01 15:38:00";"-38,0461666667";"-57,5353333333";"0,0";"130"
"MISS TIDE";"02439";"2026-01-01 15:53:00";"-38,0461666667";"-57,5353333333";"0,0";"130"
"MISS TIDE";"02439";"2026-01-01 16:08:00";"-38,0461666667";"-57,5353333333";"0,0";"130"
"MISS TIDE";"02439";"2026-01-01 16:23:00";"-38,0461666667";"-57,5353333333";"0,0";"130"
"MISS TIDE";"02439";"2026-01-01 16:38:00";"-38,0458333333";"-57,5353333333";"0,0";"130"
"MISS TIDE";"02439";"2026-01-01 16:53:00";"-38,0461666667";"-57,5353333333";"0,0";"225"
"MISS TIDE";"02439";"2026-01-01 17:08:00";"-38,0461666667";"-57,5353333333";"0,0";"225"
"MISS TIDE";"02439";"2026-01-01 17:23:00";"-38,0461666667";"-57,5353333333";"0,0";"225"
"MISS TIDE";"02439";"2026-01-01 17:38:00";"-38,0461666667";"-57,5353333333";"0,0";"80"
"MISS TIDE";"02439";"2026-01-01 17:53:00";"-38,0461666667";"-57,5353333333";"0,0";"80"
"MISS TIDE";"02439";"2026-01-01 18:08:00";"-38,0461666667";"-57,5353333333";"0,0";"75"
"MISS TIDE";"02439";"2026-01-01 18:23:00";"-38,0461666667";"-57,5353333333";"0,0";"155"
"MISS TIDE";"02439";"2026-01-01 18:38:00";"-38,0461666667";"-57,5353333333";"0,0";"215"
"MISS TIDE";"02439";"2026-01-01 18:53:00";"-38,0461666667";"-57,5353333333";"0,0";"200"
"MISS TIDE";"02439";"2026-01-01 19:08:00";"-38,0461666667";"-57,5353333333";"0,0";"0"
"MISS TIDE";"02439";"2026-01-01 19:23:00";"-38,0461666667";"-57,5353333333";"0,0";"200"
"MISS TIDE";"02439";"2026-01-01 19:39:00";"-38,0461666667";"-57,5353333333";"0,0";"200"
"MISS TIDE";"02439";"2026-01-01 19:54:00";"-38,0461666667";"-57,5353333333";"0,0";"265"
"MISS TIDE";"02439";"2026-01-01 20:09:00";"-38,0461666667";"-57,5353333333";"0,0";"235"
"MISS TIDE";"02439";"2026-01-01 20:24:00";"-38,0461666667";"-57,5353333333";"0,0";"10"
"MISS TIDE";"02439";"2026-01-01 20:39:00";"-38,0461666667";"-57,5353333333";"0,0";"60"
"MISS TIDE";"02439";"2026-01-01 20:54:00";"-38,0461666667";"-57,5353333333";"0,0";"60"
"MISS TIDE";"02439";"2026-01-01 21:09:00";"-38,0461666667";"-57,5353333333";"0,0";"340"
"MISS TIDE";"02439";"2026-01-01 21:24:00";"-38,0461666667";"-57,5353333333";"0,0";"45"
"MISS TIDE";"02439";"2026-01-01 21:39:00";"-38,0461666667";"-57,5353333333";"0,0";"235"
"MISS TIDE";"02439";"2026-01-01 21:54:00";"-38,0461666667";"-57,5353333333";"0,0";"25"
"MISS TIDE";"02439";"2026-01-01 22:09:00";"-38,0461666667";"-57,5353333333";"0,0";"170"
"MISS TIDE";"02439";"2026-01-01 22:24:00";"-38,0461666667";"-57,5353333333";"0,0";"220"
"MISS TIDE";"02439";"2026-01-01 22:39:00";"-38,0461666667";"-57,5353333333";"0,0";"155"
"MISS TIDE";"02439";"2026-01-01 22:54:00";"-38,0461666667";"-57,5353333333";"0,0";"155"
"MISS TIDE";"02439";"2026-01-01 23:09:00";"-38,0461666667";"-57,5353333333";"0,0";"155"
"MISS TIDE";"02439";"2026-01-01 23:24:00";"-38,0461666667";"-57,5353333333";"0,0";"155"
"MISS TIDE";"02439";"2026-01-01 23:39:00";"-38,0461666667";"-57,5353333333";"0,0";"155"
"MISS TIDE";"02439";"2026-01-01 23:54:00";"-38,0461666667";"-57,5353333333";"0,0";"155"
"MISS TIDE";"02439";"2026-01-02 00:09:00";"-38,0461666667";"-57,5353333333";"0,0";"20"
"MISS TIDE";"02439";"2026-01-02 00:24:00";"-38,0461666667";"-57,5353333333";"0,0";"20"
"MISS TIDE";"02439";"2026-01-02 00:39:00";"-38,0461666667";"-57,5353333333";"0,0";"20"
"MISS TIDE";"02439";"2026-01-02 00:54:00";"-38,0458333333";"-57,5353333333";"0,0";"150"
"MISS TIDE";"02439";"2026-01-02 01:09:00";"-38,0461666667";"-57,5353333333";"0,0";"10"
"MISS TIDE";"02439";"2026-01-02 01:24:00";"-38,0461666667";"-57,5353333333";"0,0";"285"
"MISS TIDE";"02439";"2026-01-02 01:39:00";"-38,0461666667";"-57,5353333333";"0,0";"280"
"MISS TIDE";"02439";"2026-01-02 01:54:00";"-38,0461666667";"-57,5353333333";"0,0";"280"
"MISS TIDE";"02439";"2026-01-02 02:09:00";"-38,0461666667";"-57,5353333333";"0,0";"180"
"MISS TIDE";"02439";"2026-01-02 02:24:00";"-38,0461666667";"-57,5353333333";"0,0";"175"
"MISS TIDE";"02439";"2026-01-02 02:39:00";"-38,0461666667";"-57,5353333333";"0,0";"315"
"MISS TIDE";"02439";"2026-01-02 02:54:00";"-38,0461666667";"-57,5353333333";"0,0";"315"
"MISS TIDE";"02439";"2026-01-02 03:09:00";"-38,0461666667";"-57,5353333333";"0,0";"155"
"MISS TIDE";"02439";"2026-01-02 03:24:00";"-38,0461666667";"-57,5353333333";"0,0";"155"
"MISS TIDE";"02439";"2026-01-02 03:39:00";"-38,0461666667";"-57,5353333333";"0,0";"155"
"MISS TIDE";"02439";"2026-01-02 03:54:00";"-38,0461666667";"-57,5353333333";"0,0";"155"
"MISS TIDE";"02439";"2026-01-02 04:09:00";"-38,0461666667";"-57,5353333333";"0,0";"355"
"MISS TIDE";"02439";"2026-01-02 04:24:00";"-38,0458333333";"-57,5353333333";"0,0";"155"
"MISS TIDE";"02439";"2026-01-02 04:39:00";"-38,0461666667";"-57,5353333333";"0,0";"125"
"MISS TIDE";"02439";"2026-01-02 04:54:00";"-38,0461666667";"-57,5353333333";"0,0";"35"
"MISS TIDE";"02439";"2026-01-02 05:09:00";"-38,0461666667";"-57,5353333333";"0,0";"45"
"MISS TIDE";"02439";"2026-01-02 05:24:00";"-38,0461666667";"-57,5353333333";"0,0";"180"
"MISS TIDE";"02439";"2026-01-02 05:39:00";"-38,0461666667";"-57,5353333333";"0,0";"135"
"MISS TIDE";"02439";"2026-01-02 05:54:00";"-38,0461666667";"-57,5353333333";"0,0";"135"
"MISS TIDE";"02439";"2026-01-02 06:09:00";"-38,0458333333";"-57,5353333333";"0,0";"170"
"MISS TIDE";"02439";"2026-01-02 06:24:00";"-38,0458333333";"-57,5353333333";"0,0";"120"
"MISS TIDE";"02439";"2026-01-02 06:39:00";"-38,0458333333";"-57,5353333333";"0,0";"120"
"MISS TIDE";"02439";"2026-01-02 06:54:00";"-38,0458333333";"-57,5353333333";"0,0";"220"
"MISS TIDE";"02439";"2026-01-02 07:09:00";"-38,0461666667";"-57,5353333333";"0,0";"220"
"MISS TIDE";"02439";"2026-01-02 07:24:00";"-38,0458333333";"-57,5353333333";"0,0";"220"
"MISS TIDE";"02439";"2026-01-02 07:39:00";"-38,0461666667";"-57,5353333333";"0,0";"325"
"MISS TIDE";"02439";"2026-01-02 07:54:00";"-38,0458333333";"-57,5353333333";"0,0";"210"
"MISS TIDE";"02439";"2026-01-02 08:09:00";"-38,0458333333";"-57,5353333333";"0,0";"210"
"MISS TIDE";"02439";"2026-01-02 08:24:00";"-38,0458333333";"-57,5353333333";"0,0";"140"
"MISS TIDE";"02439";"2026-01-02 08:39:00";"-38,0458333333";"-57,5353333333";"0,0";"140"
"MISS TIDE";"02439";"2026-01-02 08:54:00";"-38,0458333333";"-57,5353333333";"0,0";"265"
"MISS TIDE";"02439";"2026-01-02 09:09:00";"-38,0458333333";"-57,5353333333";"0,0";"265"
"MISS TIDE";"02439";"2026-01-02 09:24:00";"-38,0461666667";"-57,5353333333";"0,0";"265"
"MISS TIDE";"02439";"2026-01-02 09:39:00";"-38,0458333333";"-57,5353333333";"0,0";"100"
"MISS TIDE";"02439";"2026-01-02 09:54:00";"-38,0458333333";"-57,5353333333";"0,0";"335"
"MISS TIDE";"02439";"2026-01-02 10:09:00";"-38,0458333333";"-57,5353333333";"0,0";"295"
"MISS TIDE";"02439";"2026-01-02 10:24:00";"-38,0458333333";"-57,5353333333";"0,0";"295"
"MISS TIDE";"02439";"2026-01-02 10:39:00";"-38,0461666667";"-57,5353333333";"0,0";"295"
"MISS TIDE";"02439";"2026-01-02 10:54:00";"-38,0458333333";"-57,5353333333";"0,0";"190"
"MISS TIDE";"02439";"2026-01-02 11:09:00";"-38,0458333333";"-57,5353333333";"0,0";"300"
"MISS TIDE";"02439";"2026-01-02 11:24:00";"-38,0458333333";"-57,5353333333";"0,0";"335"
"MISS TIDE";"02439";"2026-01-02 11:39:00";"-38,0461666667";"-57,5353333333";"0,0";"335"
"MISS TIDE";"02439";"2026-01-02 11:54:00";"-38,0458333333";"-57,5353333333";"0,0";"120"
"MISS TIDE";"02439";"2026-01-02 12:09:00";"-38,0458333333";"-57,5353333333";"0,0";"120"
"MISS TIDE";"02439";"2026-01-02 12:24:00";"-38,0458333333";"-57,5353333333";"0,0";"105"
"MISS TIDE";"02439";"2026-01-02 12:39:00";"-38,0458333333";"-57,5353333333";"0,0";"165"
"MISS TIDE";"02439";"2026-01-02 12:54:00";"-38,0458333333";"-57,5353333333";"0,0";"30"
"MISS TIDE";"02439";"2026-01-02 13:09:00";"-38,0458333333";"-57,5353333333";"0,0";"40"
"MISS TIDE";"02439";"2026-01-02 13:24:00";"-38,0461666667";"-57,5353333333";"0,0";"40"
"MISS TIDE";"02439";"2026-01-02 13:39:00";"-38,0461666667";"-57,5355";"0,0";"40"
"MISS TIDE";"02439";"2026-01-02 13:54:00";"-38,0461666667";"-57,5353333333";"0,0";"40"
"MISS TIDE";"02439";"2026-01-02 14:09:00";"-38,0461666667";"-57,5353333333";"0,0";"20"
"MISS TIDE";"02439";"2026-01-02 14:24:00";"-38,0461666667";"-57,5353333333";"0,0";"20"
"MISS TIDE";"02439";"2026-01-02 14:39:00";"-38,0461666667";"-57,5353333333";"0,0";"25"
"MISS TIDE";"02439";"2026-01-02 14:54:00";"-38,0458333333";"-57,5353333333";"0,0";"25"
"MISS TIDE";"02439";"2026-01-02 15:09:00";"-38,0461666667";"-57,5353333333";"0,0";"25"
"MISS TIDE";"02439";"2026-01-02 15:24:00";"-38,0461666667";"-57,5353333333";"0,0";"25"
"MISS TIDE";"02439";"2026-01-02 15:39:00";"-38,0461666667";"-57,5353333333";"0,0";"25"
"MISS TIDE";"02439";"2026-01-02 15:54:00";"-38,0461666667";"-57,5353333333";"0,0";"25"
"MISS TIDE";"02439";"2026-01-02 16:09:00";"-38,0461666667";"-57,5353333333";"0,0";"80"
"MISS TIDE";"02439";"2026-01-02 16:24:00";"-38,0461666667";"-57,5353333333";"0,0";"130"
"MISS TIDE";"02439";"2026-01-02 16:39:00";"-38,0461666667";"-57,5353333333";"0,0";"210"
"MISS TIDE";"02439";"2026-01-02 16:54:00";"-38,0461666667";"-57,5353333333";"0,0";"290"
"MISS TIDE";"02439";"2026-01-02 17:09:00";"-38,0461666667";"-57,5353333333";"0,0";"290"
"MISS TIDE";"02439";"2026-01-02 17:24:00";"-38,0461666667";"-57,5353333333";"0,0";"290"
"MISS TIDE";"02439";"2026-01-02 17:39:00";"-38,0461666667";"-57,5355";"0,0";"280"
"MISS TIDE";"02439";"2026-01-02 17:54:00";"-38,0461666667";"-57,5353333333";"0,0";"10"
"MISS TIDE";"02439";"2026-01-02 18:09:00";"-38,0461666667";"-57,5353333333";"0,0";"315"
"MISS TIDE";"02439";"2026-01-02 18:24:00";"-38,0461666667";"-57,5353333333";"0,0";"345"
"MISS TIDE";"02439";"2026-01-02 18:39:00";"-38,0461666667";"-57,5353333333";"0,0";"55"
"MISS TIDE";"02439";"2026-01-02 18:54:00";"-38,0461666667";"-57,5353333333";"0,0";"160"
"MISS TIDE";"02439";"2026-01-02 19:09:00";"-38,0461666667";"-57,5353333333";"0,0";"170"
"MISS TIDE";"02439";"2026-01-02 19:24:00";"-38,0461666667";"-57,5353333333";"0,0";"155"
"MISS TIDE";"02439";"2026-01-02 19:39:00";"-38,0461666667";"-57,5353333333";"0,0";"65"
"MISS TIDE";"02439";"2026-01-02 19:54:00";"-38,0461666667";"-57,5353333333";"0,0";"65"
"MISS TIDE";"02439";"2026-01-02 20:09:00";"-38,0461666667";"-57,5353333333";"0,0";"65"
"MISS TIDE";"02439";"2026-01-02 20:24:00";"-38,0461666667";"-57,5353333333";"0,0";"20"
"MISS TIDE";"02439";"2026-01-02 20:39:00";"-38,0461666667";"-57,5353333333";"0,0";"20"
"MISS TIDE";"02439";"2026-01-02 20:54:00";"-38,0461666667";"-57,5353333333";"0,0";"20"
"MISS TIDE";"02439";"2026-01-02 21:09:00";"-38,0461666667";"-57,5353333333";"0,0";"300"
"MISS TIDE";"02439";"2026-01-02 21:24:00";"-38,0461666667";"-57,5353333333";"0,0";"300"
"MISS TIDE";"02439";"2026-01-02 21:39:00";"-38,0461666667";"-57,5353333333";"0,0";"300"
"MISS TIDE";"02439";"2026-01-02 21:54:00";"-38,0461666667";"-57,5353333333";"0,0";"110"
"MISS TIDE";"02439";"2026-01-02 22:09:00";"-38,0461666667";"-57,5353333333";"0,0";"110"
"MISS TIDE";"02439";"2026-01-02 22:24:00";"-38,0461666667";"-57,5353333333";"0,0";"110"
"MISS TIDE";"02439";"2026-01-02 22:39:00";"-38,0461666667";"-57,5353333333";"0,0";"110"
"MISS TIDE";"02439";"2026-01-02 22:54:00";"-38,0461666667";"-57,5353333333";"0,0";"350"
"MISS TIDE";"02439";"2026-01-02 23:09:00";"-38,0458333333";"-57,5353333333";"0,0";"30"
"MISS TIDE";"02439";"2026-01-02 23:24:00";"-38,0461666667";"-57,5353333333";"0,0";"290"
"MISS TIDE";"02439";"2026-01-02 23:39:00";"-38,0461666667";"-57,5353333333";"0,0";"290"
"MISS TIDE";"02439";"2026-01-02 23:54:00";"-38,0458333333";"-57,5353333333";"0,0";"290"
"MISS TIDE";"02439";"2026-01-03 00:09:00";"-38,0458333333";"-57,5353333333";"0,0";"290"
"MISS TIDE";"02439";"2026-01-03 00:24:00";"-38,0458333333";"-57,5353333333";"0,0";"30"
"MISS TIDE";"02439";"2026-01-03 00:39:00";"-38,0461666667";"-57,5353333333";"0,0";"140"
"MISS TIDE";"02439";"2026-01-03 00:54:00";"-38,0461666667";"-57,5353333333";"0,0";"20"
"MISS TIDE";"02439";"2026-01-03 01:09:00";"-38,0458333333";"-57,5353333333";"0,0";"120"
"MISS TIDE";"02439";"2026-01-03 01:24:00";"-38,0458333333";"-57,5353333333";"0,0";"295"
"MISS TIDE";"02439";"2026-01-03 01:39:00";"-38,0461666667";"-57,5353333333";"0,0";"230"
"MISS TIDE";"02439";"2026-01-03 01:54:00";"-38,0461666667";"-57,5353333333";"0,0";"265"
"MISS TIDE";"02439";"2026-01-03 02:09:00";"-38,0458333333";"-57,5353333333";"0,0";"10"
"MISS TIDE";"02439";"2026-01-03 02:24:00";"-38,0461666667";"-57,5353333333";"0,0";"90"
"MISS TIDE";"02439";"2026-01-03 02:39:00";"-38,0461666667";"-57,5353333333";"0,0";"90"
"MISS TIDE";"02439";"2026-01-03 02:54:00";"-38,0461666667";"-57,5353333333";"0,0";"90"
"MISS TIDE";"02439";"2026-01-03 03:09:00";"-38,0461666667";"-57,5353333333";"0,0";"60"
"MISS TIDE";"02439";"2026-01-03 03:24:00";"-38,0458333333";"-57,5353333333";"0,0";"130"
"MISS TIDE";"02439";"2026-01-03 03:39:00";"-38,0458333333";"-57,5353333333";"0,0";"165"
"MISS TIDE";"02439";"2026-01-03 03:54:00";"-38,0458333333";"-57,5353333333";"0,0";"165"
"MISS TIDE";"02439";"2026-01-03 04:09:00";"-38,0461666667";"-57,5353333333";"0,0";"100"
"MISS TIDE";"02439";"2026-01-03 04:24:00";"-38,0458333333";"-57,5353333333";"0,0";"30"
"MISS TIDE";"02439";"2026-01-03 04:39:00";"-38,0461666667";"-57,5353333333";"0,0";"20"
"MISS TIDE";"02439";"2026-01-03 04:54:00";"-38,0458333333";"-57,5353333333";"0,0";"320"
"MISS TIDE";"02439";"2026-01-03 05:09:00";"-38,0458333333";"-57,5353333333";"0,0";"15"
"MISS TIDE";"02439";"2026-01-03 05:24:00";"-38,0458333333";"-57,5353333333";"0,0";"175"
"MISS TIDE";"02439";"2026-01-03 05:39:00";"-38,0458333333";"-57,5353333333";"0,0";"55"
"MISS TIDE";"02439";"2026-01-03 05:54:00";"-38,0458333333";"-57,5353333333";"0,0";"100"
"MISS TIDE";"02439";"2026-01-03 06:09:00";"-38,0458333333";"-57,5353333333";"0,0";"60"
"MISS TIDE";"02439";"2026-01-03 06:24:00";"-38,0458333333";"-57,5353333333";"0,0";"0"
"MISS TIDE";"02439";"2026-01-03 06:39:00";"-38,0458333333";"-57,5353333333";"0,0";"0"
"MISS TIDE";"02439";"2026-01-03 06:54:00";"-38,0458333333";"-57,5353333333";"0,0";"130"
"MISS TIDE";"02439";"2026-01-03 07:09:00";"-38,0458333333";"-57,5353333333";"0,0";"130"
"MISS TIDE";"02439";"2026-01-03 07:24:00";"-38,0458333333";"-57,5353333333";"0,0";"340"
"MISS TIDE";"02439";"2026-01-03 07:39:00";"-38,0461666667";"-57,5353333333";"0,0";"245"
"MISS TIDE";"02439";"2026-01-03 07:54:00";"-38,0461666667";"-57,5353333333";"0,0";"315"
"MISS TIDE";"02439";"2026-01-03 08:09:00";"-38,0458333333";"-57,5353333333";"0,0";"315"
"MISS TIDE";"02439";"2026-01-03 08:24:00";"-38,0458333333";"-57,5353333333";"0,0";"175"
"MISS TIDE";"02439";"2026-01-03 08:39:00";"-38,0458333333";"-57,5353333333";"0,0";"235"
"MISS TIDE";"02439";"2026-01-03 08:54:00";"-38,0461666667";"-57,5353333333";"0,0";"255"
"MISS TIDE";"02439";"2026-01-03 09:09:00";"-38,0458333333";"-57,5353333333";"0,0";"255"
"MISS TIDE";"02439";"2026-01-03 09:24:00";"-38,0458333333";"-57,5353333333";"0,0";"0"
"MISS TIDE";"02439";"2026-01-03 09:39:00";"-38,0458333333";"-57,5353333333";"0,0";"260"
"MISS TIDE";"02439";"2026-01-03 09:54:00";"-38,0458333333";"-57,5353333333";"0,0";"290"
"MISS TIDE";"02439";"2026-01-03 10:09:00";"-38,0461666667";"-57,5353333333";"0,0";"60"
"MISS TIDE";"02439";"2026-01-03 10:24:00";"-38,0461666667";"-57,5353333333";"0,0";"60"
"MISS TIDE";"02439";"2026-01-03 10:39:00";"-38,0461666667";"-57,5353333333";"0,0";"60"
"MISS TIDE";"02439";"2026-01-03 10:54:00";"-38,0461666667";"-57,5353333333";"0,0";"15"
"MISS TIDE";"02439";"2026-01-03 11:09:00";"-38,0461666667";"-57,5353333333";"0,0";"15"
"MISS TIDE";"02439";"2026-01-03 11:24:00";"-38,0461666667";"-57,5353333333";"0,0";"20"
"MISS TIDE";"02439";"2026-01-03 11:39:00";"-38,0461666667";"-57,5353333333";"0,0";"20"
"MISS TIDE";"02439";"2026-01-03 11:54:00";"-38,0461666667";"-57,5353333333";"0,0";"20"
"MISS TIDE";"02439";"2026-01-03 12:09:00";"-38,0461666667";"-57,5353333333";"0,0";"20"
"MISS TIDE";"02439";"2026-01-03 12:24:00";"-38,0461666667";"-57,5353333333";"0,0";"150"
"MISS TIDE";"02439";"2026-01-03 12:39:00";"-38,0461666667";"-57,5353333333";"0,0";"150"
"MISS TIDE";"02439";"2026-01-03 12:54:00";"-38,0458333333";"-57,5353333333";"0,0";"150"
"MISS TIDE";"02439";"2026-01-03 13:09:00";"-38,0461666667";"-57,5353333333";"0,0";"150"
"MISS TIDE";"02439";"2026-01-03 13:24:00";"-38,0461666667";"-57,5353333333";"0,0";"115"
"MISS TIDE";"02439";"2026-01-03 13:39:00";"-38,0461666667";"-57,5353333333";"0,0";"115"
"MISS TIDE";"02439";"2026-01-03 13:54:00";"-38,0461666667";"-57,5353333333";"0,0";"115"
"MISS TIDE";"02439";"2026-01-03 14:09:00";"-38,0461666667";"-57,5353333333";"0,0";"115"
"MISS TIDE";"02439";"2026-01-03 14:24:00";"-38,0461666667";"-57,5355";"0,0";"115"
"MISS TIDE";"02439";"2026-01-03 14:39:00";"-38,0461666667";"-57,5353333333";"0,0";"335"
"MISS TIDE";"02439";"2026-01-03 14:54:00";"-38,0461666667";"-57,5353333333";"0,0";"355"
"MISS TIDE";"02439";"2026-01-03 15:09:00";"-38,0461666667";"-57,5353333333";"0,0";"155"
"MISS TIDE";"02439";"2026-01-03 15:24:00";"-38,0461666667";"-57,5353333333";"0,0";"155"
"MISS TIDE";"02439";"2026-01-03 15:39:00";"-38,0458333333";"-57,5353333333";"0,0";"45"
"MISS TIDE";"02439";"2026-01-03 15:54:00";"-38,0461666667";"-57,5353333333";"0,0";"45"
"MISS TIDE";"02439";"2026-01-03 16:09:00";"-38,0461666667";"-57,5353333333";"0,0";"160"
"MISS TIDE";"02439";"2026-01-03 16:24:00";"-38,0461666667";"-57,5353333333";"0,0";"165"
"MISS TIDE";"02439";"2026-01-03 16:39:00";"-38,0461666667";"-57,5353333333";"0,0";"165"
"MISS TIDE";"02439";"2026-01-03 16:54:00";"-38,0461666667";"-57,5353333333";"0,0";"125"
"MISS TIDE";"02439";"2026-01-03 17:09:00";"-38,0461666667";"-57,5353333333";"0,0";"70"
"MISS TIDE";"02439";"2026-01-03 17:24:00";"-38,0461666667";"-57,5353333333";"0,0";"35"
"MISS TIDE";"02439";"2026-01-03 17:39:00";"-38,0461666667";"-57,5353333333";"0,0";"355"
"MISS TIDE";"02439";"2026-01-03 17:54:00";"-38,0461666667";"-57,5353333333";"0,0";"5"
"MISS TIDE";"02439";"2026-01-03 18:09:00";"-38,0461666667";"-57,5353333333";"0,0";"5"
"MISS TIDE";"02439";"2026-01-03 18:24:00";"-38,0461666667";"-57,5353333333";"0,0";"170"
"MISS TIDE";"02439";"2026-01-03 18:39:00";"-38,0461666667";"-57,5353333333";"0,0";"140"
"MISS TIDE";"02439";"2026-01-03 18:54:00";"-38,0461666667";"-57,5353333333";"0,0";"55"
"MISS TIDE";"02439";"2026-01-03 19:09:00";"-38,0461666667";"-57,5353333333";"0,0";"60"
"MISS TIDE";"02439";"2026-01-03 19:24:00";"-38,0461666667";"-57,5353333333";"0,0";"330"
"MISS TIDE";"02439";"2026-01-03 19:39:00";"-38,0461666667";"-57,5353333333";"0,0";"285"
"MISS TIDE";"02439";"2026-01-03 19:54:00";"-38,0461666667";"-57,5353333333";"0,0";"240"
"MISS TIDE";"02439";"2026-01-03 20:09:00";"-38,0461666667";"-57,5353333333";"0,0";"270"
"MISS TIDE";"02439";"2026-01-03 20:24:00";"-38,0461666667";"-57,5353333333";"0,0";"270"
"MISS TIDE";"02439";"2026-01-03 20:39:00";"-38,0461666667";"-57,5353333333";"0,0";"250"
"MISS TIDE";"02439";"2026-01-03 20:54:00";"-38,0461666667";"-57,5353333333";"0,0";"250"
"MISS TIDE";"02439";"2026-01-03 21:09:00";"-38,0461666667";"-57,5353333333";"0,0";"250"
"MISS TIDE";"02439";"2026-01-03 21:24:00";"-38,0461666667";"-57,5353333333";"0,0";"240"
"MISS TIDE";"02439";"2026-01-03 21:39:00";"-38,0461666667";"-57,5353333333";"0,0";"65"
"MISS TIDE";"02439";"2026-01-03 21:54:00";"-38,0461666667";"-57,5353333333";"0,0";"195"
"MISS TIDE";"02439";"2026-01-03 22:09:00";"-38,0461666667";"-57,5353333333";"0,0";"295"
"MISS TIDE";"02439";"2026-01-03 22:24:00";"-38,0461666667";"-57,5353333333";"0,0";"310"
"MISS TIDE";"02439";"2026-01-03 22:39:00";"-38,0461666667";"-57,5353333333";"0,0";"165"
"MISS TIDE";"02439";"2026-01-03 22:54:00";"-38,0461666667";"-57,5353333333";"0,0";"165"
"MISS TIDE";"02439";"2026-01-03 23:09:00";"-38,0461666667";"-57,5353333333";"0,0";"165"
"MISS TIDE";"02439";"2026-01-03 23:24:00";"-38,0461666667";"-57,5353333333";"0,0";"125"
"MISS TIDE";"02439";"2026-01-03 23:39:00";"-38,0461666667";"-57,5353333333";"0,0";"350"
"MISS TIDE";"02439";"2026-01-03 23:54:00";"-38,0461666667";"-57,5353333333";"0,0";"350"
"MISS TIDE";"02439";"2026-01-04 00:09:00";"-38,0458333333";"-57,5353333333";"0,0";"350"
"MISS TIDE";"02439";"2026-01-04 00:24:00";"-38,0458333333";"-57,5353333333";"0,0";"350"
"MISS TIDE";"02439";"2026-01-04 00:39:00";"-38,0458333333";"-57,5353333333";"0,0";"320"
"MISS TIDE";"02439";"2026-01-04 00:54:00";"-38,0458333333";"-57,5353333333";"0,0";"320"
"MISS TIDE";"02439";"2026-01-04 01:09:00";"-38,0458333333";"-57,5353333333";"0,0";"65"
"MISS TIDE";"02439";"2026-01-04 01:24:00";"-38,0458333333";"-57,5353333333";"0,0";"120"
"MISS TIDE";"02439";"2026-01-04 01:39:00";"-38,0461666667";"-57,5353333333";"0,0";"120"
"MISS TIDE";"02439";"2026-01-04 01:54:00";"-38,0461666667";"-57,5353333333";"0,0";"120"
"MISS TIDE";"02439";"2026-01-04 02:09:00";"-38,0461666667";"-57,5353333333";"0,0";"155"
"MISS TIDE";"02439";"2026-01-04 02:24:00";"-38,0461666667";"-57,5353333333";"0,0";"155"
"MISS TIDE";"02439";"2026-01-04 02:39:00";"-38,0461666667";"-57,5353333333";"0,0";"155"
"MISS TIDE";"02439";"2026-01-04 02:54:00";"-38,0461666667";"-57,5353333333";"0,0";"290"
"MISS TIDE";"02439";"2026-01-04 03:09:00";"-38,0458333333";"-57,5353333333";"0,0";"290"
"MISS TIDE";"02439";"2026-01-04 03:24:00";"-38,0461666667";"-57,5353333333";"0,0";"15"
"MISS TIDE";"02439";"2026-01-04 03:39:00";"-38,0458333333";"-57,5353333333";"0,0";"15"
"MISS TIDE";"02439";"2026-01-04 03:54:00";"-38,0458333333";"-57,5353333333";"0,0";"170"
"MISS TIDE";"02439";"2026-01-04 04:09:00";"-38,0458333333";"-57,5353333333";"0,0";"205"
"MISS TIDE";"02439";"2026-01-04 04:24:00";"-38,0458333333";"-57,5353333333";"0,0";"280"
"MISS TIDE";"02439";"2026-01-04 04:39:00";"-38,0458333333";"-57,5353333333";"0,0";"230"
"MISS TIDE";"02439";"2026-01-04 04:54:00";"-38,0458333333";"-57,5353333333";"0,0";"230"
"MISS TIDE";"02439";"2026-01-04 05:09:00";"-38,0461666667";"-57,5353333333";"0,0";"75"
"MISS TIDE";"02439";"2026-01-04 05:24:00";"-38,0458333333";"-57,5353333333";"0,0";"75"
"MISS TIDE";"02439";"2026-01-04 05:39:00";"-38,0458333333";"-57,5353333333";"0,0";"320"
"MISS TIDE";"02439";"2026-01-04 05:54:00";"-38,0458333333";"-57,5353333333";"0,0";"320"
"MISS TIDE";"02439";"2026-01-04 06:09:00";"-38,0458333333";"-57,5353333333";"0,0";"320"
"MISS TIDE";"02439";"2026-01-04 06:24:00";"-38,0461666667";"-57,5353333333";"0,0";"70"
"MISS TIDE";"02439";"2026-01-04 06:39:00";"-38,0461666667";"-57,5353333333";"0,0";"185"
"MISS TIDE";"02439";"2026-01-04 06:54:00";"-38,0461666667";"-57,5353333333";"0,0";"185"
"MISS TIDE";"02439";"2026-01-04 07:09:00";"-38,0461666667";"-57,5353333333";"0,0";"185"
"MISS TIDE";"02439";"2026-01-04 07:24:00";"-38,0461666667";"-57,5353333333";"0,0";"185"
"MISS TIDE";"02439";"2026-01-04 07:39:00";"-38,0461666667";"-57,5353333333";"0,0";"80"
"MISS TIDE";"02439";"2026-01-04 07:54:00";"-38,0461666667";"-57,5353333333";"0,0";"155"
"MISS TIDE";"02439";"2026-01-04 08:09:00";"-38,0461666667";"-57,5353333333";"0,0";"155"
"MISS TIDE";"02439";"2026-01-04 08:24:00";"-38,0461666667";"-57,5353333333";"0,0";"155"
"MISS TIDE";"02439";"2026-01-04 08:39:00";"-38,0458333333";"-57,5353333333";"0,0";"160"
"MISS TIDE";"02439";"2026-01-04 08:55:00";"-38,0458333333";"-57,5353333333";"0,0";"160"
"MISS TIDE";"02439";"2026-01-04 09:10:00";"-38,0458333333";"-57,5353333333";"0,0";"160"
"MISS TIDE";"02439";"2026-01-04 09:25:00";"-38,0458333333";"-57,5353333333";"0,0";"160"
"MISS TIDE";"02439";"2026-01-04 09:40:00";"-38,0458333333";"-57,5353333333";"0,0";"110"
"MISS TIDE";"02439";"2026-01-04 09:55:00";"-38,0458333333";"-57,5353333333";"0,0";"40"
"MISS TIDE";"02439";"2026-01-04 10:10:00";"-38,0458333333";"-57,5353333333";"0,0";"335"
"MISS TIDE";"02439";"2026-01-04 10:25:00";"-38,0458333333";"-57,5353333333";"0,0";"265"
"MISS TIDE";"02439";"2026-01-04 10:40:00";"-38,0458333333";"-57,5353333333";"0,0";"0"
"MISS TIDE";"02439";"2026-01-04 10:55:00";"-38,0458333333";"-57,5353333333";"0,0";"240"
"MISS TIDE";"02439";"2026-01-04 11:10:00";"-38,0458333333";"-57,5353333333";"0,0";"140"
"MISS TIDE";"02439";"2026-01-04 11:25:00";"-38,0458333333";"-57,5353333333";"0,0";"185"
"MISS TIDE";"02439";"2026-01-04 11:40:00";"-38,0458333333";"-57,5353333333";"0,0";"185"
"MISS TIDE";"02439";"2026-01-04 11:55:00";"-38,0458333333";"-57,5353333333";"0,0";"190"
"MISS TIDE";"02439";"2026-01-04 12:10:00";"-38,0458333333";"-57,5353333333";"0,0";"50"
"MISS TIDE";"02439";"2026-01-04 12:25:00";"-38,0458333333";"-57,5353333333";"0,0";"50"
"MISS TIDE";"02439";"2026-01-04 12:40:00";"-38,0458333333";"-57,5353333333";"0,0";"50"
"MISS TIDE";"02439";"2026-01-04 12:55:00";"-38,0458333333";"-57,5353333333";"0,0";"50"
"MISS TIDE";"02439";"2026-01-04 13:10:00";"-38,0458333333";"-57,5353333333";"0,0";"325"
"MISS TIDE";"02439";"2026-01-04 13:25:00";"-38,0458333333";"-57,5353333333";"0,0";"325"
"MISS TIDE";"02439";"2026-01-04 13:40:00";"-38,0458333333";"-57,5353333333";"0,0";"230"
"MISS TIDE";"02439";"2026-01-04 13:55:00";"-38,0458333333";"-57,5353333333";"0,0";"310"
"MISS TIDE";"02439";"2026-01-04 14:10:00";"-38,0461666667";"-57,5353333333";"0,0";"310"
"MISS TIDE";"02439";"2026-01-04 14:25:00";"-38,0461666667";"-57,5353333333";"0,0";"200"
"MISS TIDE";"02439";"2026-01-04 14:40:00";"-38,0461666667";"-57,5353333333";"0,0";"200"
"MISS TIDE";"02439";"2026-01-04 14:55:00";"-38,0458333333";"-57,5353333333";"0,0";"200"
"MISS TIDE";"02439";"2026-01-04 15:10:00";"-38,0458333333";"-57,5353333333";"0,0";"275"
"MISS TIDE";"02439";"2026-01-04 15:25:00";"-38,0458333333";"-57,5353333333";"0,0";"280"
"MISS TIDE";"02439";"2026-01-04 15:40:00";"-38,0461666667";"-57,5353333333";"0,0";"150"
"MISS TIDE";"02439";"2026-01-04 15:55:00";"-38,0461666667";"-57,5353333333";"0,0";"150"
"MISS TIDE";"02439";"2026-01-04 16:10:00";"-38,0458333333";"-57,5353333333";"0,0";"150"
"MISS TIDE";"02439";"2026-01-04 16:25:00";"-38,0458333333";"-57,5353333333";"0,0";"150"
"MISS TIDE";"02439";"2026-01-04 16:40:00";"-38,0461666667";"-57,5353333333";"0,0";"150"
"MISS TIDE";"02439";"2026-01-04 16:55:00";"-38,0461666667";"-57,5353333333";"0,0";"150"
"MISS TIDE";"02439";"2026-01-04 17:10:00";"-38,0461666667";"-57,5353333333";"0,0";"130"
"MISS TIDE";"02439";"2026-01-04 17:25:00";"-38,0461666667";"-57,5353333333";"0,0";"25"
"MISS TIDE";"02439";"2026-01-04 17:40:00";"-38,0461666667";"-57,5353333333";"0,0";"25"
"MISS TIDE";"02439";"2026-01-04 17:55:00";"-38,0461666667";"-57,5353333333";"0,0";"255"
"MISS TIDE";"02439";"2026-01-04 18:10:00";"-38,0461666667";"-57,5353333333";"0,0";"340"
"MISS TIDE";"02439";"2026-01-04 18:25:00";"-38,0461666667";"-57,5353333333";"0,0";"165"
"MISS TIDE";"02439";"2026-01-04 18:40:00";"-38,0461666667";"-57,5353333333";"0,0";"165"
"MISS TIDE";"02439";"2026-01-04 18:55:00";"-38,0461666667";"-57,5353333333";"0,0";"165"
"MISS TIDE";"02439";"2026-01-04 19:10:00";"-38,0461666667";"-57,5353333333";"0,0";"200"
"MISS TIDE";"02439";"2026-01-04 19:25:00";"-38,0461666667";"-57,5353333333";"0,0";"145"
"MISS TIDE";"02439";"2026-01-04 19:40:00";"-38,0461666667";"-57,5353333333";"0,0";"145"
"MISS TIDE";"02439";"2026-01-04 19:55:00";"-38,0461666667";"-57,5353333333";"0,0";"145"
"MISS TIDE";"02439";"2026-01-04 20:10:00";"-38,0461666667";"-57,5353333333";"0,0";"190"
"MISS TIDE";"02439";"2026-01-04 20:25:00";"-38,0461666667";"-57,5353333333";"0,0";"190"
"MISS TIDE";"02439";"2026-01-04 20:40:00";"-38,0461666667";"-57,5353333333";"0,0";"190"
"MISS TIDE";"02439";"2026-01-04 20:55:00";"-38,0458333333";"-57,5353333333";"0,0";"115"
"MISS TIDE";"02439";"2026-01-04 21:10:00";"-38,0461666667";"-57,5353333333";"0,0";"115"
"MISS TIDE";"02439";"2026-01-04 21:25:00";"-38,0458333333";"-57,5353333333";"0,0";"135"
"MISS TIDE";"02439";"2026-01-04 21:40:00";"-38,0461666667";"-57,5353333333";"0,0";"135"
"MISS TIDE";"02439";"2026-01-04 21:55:00";"-38,0461666667";"-57,5353333333";"0,0";"135"
"MISS TIDE";"02439";"2026-01-04 22:10:00";"-38,0458333333";"-57,5353333333";"0,0";"155"
"MISS TIDE";"02439";"2026-01-04 22:25:00";"-38,0458333333";"-57,5353333333";"0,0";"155"
"MISS TIDE";"02439";"2026-01-04 22:40:00";"-38,0461666667";"-57,5353333333";"0,0";"315"
"MISS TIDE";"02439";"2026-01-04 22:55:00";"-38,0461666667";"-57,5353333333";"0,0";"315"
"MISS TIDE";"02439";"2026-01-04 23:10:00";"-38,0461666667";"-57,5353333333";"0,0";"315"
"MISS TIDE";"02439";"2026-01-04 23:25:00";"-38,0461666667";"-57,5353333333";"0,0";"315"
"MISS TIDE";"02439";"2026-01-04 23:40:00";"-38,0461666667";"-57,5353333333";"0,0";"315"
"MISS TIDE";"02439";"2026-01-04 23:55:00";"-38,0461666667";"-57,5353333333";"0,0";"315"
"MISS TIDE";"02439";"2026-01-05 00:10:00";"-38,0461666667";"-57,5353333333";"0,0";"320"
"MISS TIDE";"02439";"2026-01-05 00:25:00";"-38,0461666667";"-57,5353333333";"0,0";"320"
"MISS TIDE";"02439";"2026-01-05 00:40:00";"-38,0458333333";"-57,5353333333";"0,0";"155"
"MISS TIDE";"02439";"2026-01-05 00:55:00";"-38,0461666667";"-57,5353333333";"0,0";"155"
"MISS TIDE";"02439";"2026-01-05 01:10:00";"-38,0461666667";"-57,5353333333";"0,0";"155"
"MISS TIDE";"02439";"2026-01-05 01:25:00";"-38,0461666667";"-57,5353333333";"0,0";"155"
"MISS TIDE";"02439";"2026-01-05 01:40:00";"-38,0461666667";"-57,5353333333";"0,0";"240"
"MISS TIDE";"02439";"2026-01-05 01:55:00";"-38,0461666667";"-57,5353333333";"0,0";"255"
"MISS TIDE";"02439";"2026-01-05 02:10:00";"-38,0461666667";"-57,5353333333";"0,0";"255"
"MISS TIDE";"02439";"2026-01-05 02:25:00";"-38,0458333333";"-57,5353333333";"0,0";"255"
"MISS TIDE";"02439";"2026-01-05 02:40:00";"-38,0461666667";"-57,5353333333";"0,0";"210"
"MISS TIDE";"02439";"2026-01-05 02:55:00";"-38,0461666667";"-57,5353333333";"0,0";"85"
"MISS TIDE";"02439";"2026-01-05 03:10:00";"-38,0461666667";"-57,5353333333";"0,0";"85"
"MISS TIDE";"02439";"2026-01-05 03:25:00";"-38,0461666667";"-57,5353333333";"0,0";"330"
"MISS TIDE";"02439";"2026-01-05 03:40:00";"-38,0458333333";"-57,5353333333";"0,0";"5"
"MISS TIDE";"02439";"2026-01-05 03:55:00";"-38,0461666667";"-57,5353333333";"0,0";"220"
"MISS TIDE";"02439";"2026-01-05 04:10:00";"-38,0458333333";"-57,5353333333";"0,0";"220"
"MISS TIDE";"02439";"2026-01-05 04:25:00";"-38,0458333333";"-57,5353333333";"0,0";"225"
"MISS TIDE";"02439";"2026-01-05 04:40:00";"-38,0458333333";"-57,5353333333";"0,0";"355"
"MISS TIDE";"02439";"2026-01-05 04:55:00";"-38,0458333333";"-57,5353333333";"0,0";"305"
"MISS TIDE";"02439";"2026-01-05 05:10:00";"-38,0461666667";"-57,5353333333";"0,0";"235"
"MISS TIDE";"02439";"2026-01-05 05:25:00";"-38,0458333333";"-57,5353333333";"0,0";"235"
"MISS TIDE";"02439";"2026-01-05 05:40:00";"-38,0458333333";"-57,5353333333";"0,0";"355"
"MISS TIDE";"02439";"2026-01-05 05:55:00";"-38,0458333333";"-57,5353333333";"0,0";"85"
"MISS TIDE";"02439";"2026-01-05 06:10:00";"-38,0458333333";"-57,5353333333";"0,0";"320"
"MISS TIDE";"02439";"2026-01-05 06:25:00";"-38,0458333333";"-57,5353333333";"0,0";"110"
"MISS TIDE";"02439";"2026-01-05 06:40:00";"-38,0458333333";"-57,5353333333";"0,0";"50"
"MISS TIDE";"02439";"2026-01-05 06:55:00";"-38,0458333333";"-57,5353333333";"0,0";"50"
"MISS TIDE";"02439";"2026-01-05 07:10:00";"-38,0461666667";"-57,5353333333";"0,0";"330"
"MISS TIDE";"02439";"2026-01-05 07:25:00";"-38,0461666667";"-57,5353333333";"0,0";"330"
"MISS TIDE";"02439";"2026-01-05 07:40:00";"-38,0461666667";"-57,5353333333";"0,0";"350"
"MISS TIDE";"02439";"2026-01-05 07:55:00";"-38,0461666667";"-57,5353333333";"0,0";"5"
"MISS TIDE";"02439";"2026-01-05 08:10:00";"-38,0461666667";"-57,5353333333";"0,0";"5"
"MISS TIDE";"02439";"2026-01-05 08:25:00";"-38,0461666667";"-57,5353333333";"0,0";"245"
"MISS TIDE";"02439";"2026-01-05 08:40:00";"-38,0461666667";"-57,5353333333";"0,0";"275"
"MISS TIDE";"02439";"2026-01-05 08:55:00";"-38,0461666667";"-57,5353333333";"0,0";"275"
"MISS TIDE";"02439";"2026-01-05 09:10:00";"-38,0461666667";"-57,5353333333";"0,0";"275"
"MISS TIDE";"02439";"2026-01-05 09:25:00";"-38,0458333333";"-57,5353333333";"0,0";"270"
"MISS TIDE";"02439";"2026-01-05 09:40:00";"-38,0461666667";"-57,5353333333";"0,0";"270"
"MISS TIDE";"02439";"2026-01-05 09:55:00";"-38,0461666667";"-57,5353333333";"0,0";"270"
"MISS TIDE";"02439";"2026-01-05 10:10:00";"-38,0461666667";"-57,5353333333";"0,0";"200"
"MISS TIDE";"02439";"2026-01-05 10:25:00";"-38,0461666667";"-57,5353333333";"0,0";"135"
"MISS TIDE";"02439";"2026-01-05 10:40:00";"-38,0458333333";"-57,5353333333";"0,0";"190"
"MISS TIDE";"02439";"2026-01-05 10:55:00";"-38,0461666667";"-57,5353333333";"0,0";"190"
"MISS TIDE";"02439";"2026-01-05 11:10:00";"-38,0461666667";"-57,5353333333";"0,0";"50"
"MISS TIDE";"02439";"2026-01-05 11:25:00";"-38,0461666667";"-57,5353333333";"0,0";"50"
"MISS TIDE";"02439";"2026-01-05 11:40:00";"-38,0461666667";"-57,5353333333";"0,0";"280"
"MISS TIDE";"02439";"2026-01-05 11:55:00";"-38,0461666667";"-57,5353333333";"0,0";"315"
"MISS TIDE";"02439";"2026-01-05 12:10:00";"-38,0461666667";"-57,5353333333";"0,0";"190"
"MISS TIDE";"02439";"2026-01-05 12:25:00";"-38,0461666667";"-57,5353333333";"0,0";"190"
"MISS TIDE";"02439";"2026-01-05 12:40:00";"-38,0458333333";"-57,5353333333";"0,0";"190"
"MISS TIDE";"02439";"2026-01-05 12:55:00";"-38,0461666667";"-57,5353333333";"0,0";"260"
"MISS TIDE";"02439";"2026-01-05 13:10:00";"-38,0461666667";"-57,5353333333";"0,0";"260"
"MISS TIDE";"02439";"2026-01-05 13:25:00";"-38,0461666667";"-57,5353333333";"0,0";"260"
"MISS TIDE";"02439";"2026-01-05 13:40:00";"-38,0461666667";"-57,5353333333";"0,0";"260"
"MISS TIDE";"02439";"2026-01-05 13:55:00";"-38,0461666667";"-57,5353333333";"0,0";"295"
"MISS TIDE";"02439";"2026-01-05 14:10:00";"-38,0461666667";"-57,5353333333";"0,0";"10"
"MISS TIDE";"02439";"2026-01-05 14:25:00";"-38,0458333333";"-57,5353333333";"0,0";"85"
"MISS TIDE";"02439";"2026-01-05 14:40:00";"-38,0458333333";"-57,5353333333";"0,0";"85"
"MISS TIDE";"02439";"2026-01-05 14:55:00";"-38,0461666667";"-57,5353333333";"0,0";"85"
"MISS TIDE";"02439";"2026-01-05 15:10:00";"-38,0461666667";"-57,5353333333";"0,0";"85"
"MISS TIDE";"02439";"2026-01-05 15:25:00";"-38,0458333333";"-57,5353333333";"0,0";"5"
"MISS TIDE";"02439";"2026-01-05 15:40:00";"-38,0461666667";"-57,5353333333";"0,0";"5"
"MISS TIDE";"02439";"2026-01-05 15:55:00";"-38,0461666667";"-57,5353333333";"0,0";"80"
"MISS TIDE";"02439";"2026-01-05 16:10:00";"-38,0461666667";"-57,5353333333";"0,0";"180"
"MISS TIDE";"02439";"2026-01-05 16:25:00";"-38,0461666667";"-57,5353333333";"0,0";"180"
"MISS TIDE";"02439";"2026-01-05 16:40:00";"-38,0461666667";"-57,5353333333";"0,0";"180"
"MISS TIDE";"02439";"2026-01-05 16:55:00";"-38,0461666667";"-57,5353333333";"0,0";"285"
"MISS TIDE";"02439";"2026-01-05 17:10:00";"-38,0461666667";"-57,5353333333";"0,0";"285"
"MISS TIDE";"02439";"2026-01-05 17:25:00";"-38,0461666667";"-57,5353333333";"0,0";"215"
"MISS TIDE";"02439";"2026-01-05 17:40:00";"-38,0461666667";"-57,5353333333";"0,0";"175"
"MISS TIDE";"02439";"2026-01-05 17:55:00";"-38,0461666667";"-57,5353333333";"0,0";"175"
"MISS TIDE";"02439";"2026-01-05 18:10:00";"-38,0461666667";"-57,5353333333";"0,0";"175"
"MISS TIDE";"02439";"2026-01-05 18:25:00";"-38,0461666667";"-57,5353333333";"0,0";"175"
"MISS TIDE";"02439";"2026-01-05 18:40:00";"-38,0461666667";"-57,5353333333";"0,0";"15"
"MISS TIDE";"02439";"2026-01-05 18:55:00";"-38,0461666667";"-57,5353333333";"0,0";"265"
"MISS TIDE";"02439";"2026-01-05 19:10:00";"-38,0461666667";"-57,5353333333";"0,0";"265"
"MISS TIDE";"02439";"2026-01-05 19:25:00";"-38,0461666667";"-57,5353333333";"0,0";"250"
"MISS TIDE";"02439";"2026-01-05 19:40:00";"-38,0461666667";"-57,5353333333";"0,0";"220"
"MISS TIDE";"02439";"2026-01-05 19:55:00";"-38,0461666667";"-57,5353333333";"0,0";"10"
"MISS TIDE";"02439";"2026-01-05 20:10:00";"-38,0461666667";"-57,5353333333";"0,0";"20"
"MISS TIDE";"02439";"2026-01-05 20:25:00";"-38,0461666667";"-57,5353333333";"0,0";"150"
"MISS TIDE";"02439";"2026-01-05 20:40:00";"-38,0461666667";"-57,5353333333";"0,0";"20"
"MISS TIDE";"02439";"2026-01-05 20:55:00";"-38,0461666667";"-57,5353333333";"0,0";"255"
"MISS TIDE";"02439";"2026-01-05 21:10:00";"-38,0461666667";"-57,5353333333";"0,0";"120"
"MISS TIDE";"02439";"2026-01-05 21:25:00";"-38,0461666667";"-57,5353333333";"0,0";"30"
"MISS TIDE";"02439";"2026-01-05 21:40:00";"-38,0461666667";"-57,5353333333";"0,0";"40"
"MISS TIDE";"02439";"2026-01-05 21:55:00";"-38,0461666667";"-57,5353333333";"0,0";"30"
"MISS TIDE";"02439";"2026-01-05 22:10:00";"-38,0461666667";"-57,5353333333";"0,0";"30"
"MISS TIDE";"02439";"2026-01-05 22:25:00";"-38,0461666667";"-57,5353333333";"0,0";"40"
"MISS TIDE";"02439";"2026-01-05 22:40:00";"-38,0461666667";"-57,5353333333";"0,0";"40"
"MISS TIDE";"02439";"2026-01-05 22:55:00";"-38,0461666667";"-57,5353333333";"0,0";"40"
"MISS TIDE";"02439";"2026-01-05 23:10:00";"-38,0461666667";"-57,5353333333";"0,0";"40"
"MISS TIDE";"02439";"2026-01-05 23:25:00";"-38,0461666667";"-57,5353333333";"0,0";"10"
"MISS TIDE";"02439";"2026-01-05 23:40:00";"-38,0461666667";"-57,5353333333";"0,0";"10"
"MISS TIDE";"02439";"2026-01-05 23:55:00";"-38,0458333333";"-57,5353333333";"0,0";"240"
"MISS TIDE";"02439";"2026-01-06 00:10:00";"-38,0461666667";"-57,5353333333";"0,0";"325"
"MISS TIDE";"02439";"2026-01-06 00:25:00";"-38,0461666667";"-57,5353333333";"0,0";"100"
"MISS TIDE";"02439";"2026-01-06 00:40:00";"-38,0458333333";"-57,5353333333";"0,0";"75"
"MISS TIDE";"02439";"2026-01-06 00:55:00";"-38,0458333333";"-57,5353333333";"0,0";"180"
"MISS TIDE";"02439";"2026-01-06 01:10:00";"-38,0458333333";"-57,5353333333";"0,0";"125"
"MISS TIDE";"02439";"2026-01-06 01:25:00";"-38,0461666667";"-57,5353333333";"0,0";"125"
"MISS TIDE";"02439";"2026-01-06 01:40:00";"-38,0458333333";"-57,5353333333";"0,0";"160"
"MISS TIDE";"02439";"2026-01-06 01:55:00";"-38,0458333333";"-57,5353333333";"0,0";"250"
"MISS TIDE";"02439";"2026-01-06 02:10:00";"-38,0458333333";"-57,5353333333";"0,0";"320"
"MISS TIDE";"02439";"2026-01-06 02:25:00";"-38,0461666667";"-57,5353333333";"0,0";"185"
"MISS TIDE";"02439";"2026-01-06 02:40:00";"-38,0458333333";"-57,5353333333";"0,0";"140"
"MISS TIDE";"02439";"2026-01-06 02:55:00";"-38,0461666667";"-57,5353333333";"0,0";"235"
"MISS TIDE";"02439";"2026-01-06 03:10:00";"-38,0458333333";"-57,5353333333";"0,0";"235"
"MISS TIDE";"02439";"2026-01-06 03:25:00";"-38,0458333333";"-57,5353333333";"0,0";"165"
"MISS TIDE";"02439";"2026-01-06 03:40:00";"-38,0458333333";"-57,5353333333";"0,0";"165"
"MISS TIDE";"02439";"2026-01-06 03:55:00";"-38,0461666667";"-57,5353333333";"0,0";"190"
"MISS TIDE";"02439";"2026-01-06 04:10:00";"-38,0458333333";"-57,5353333333";"0,0";"50"
"MISS TIDE";"02439";"2026-01-06 04:25:00";"-38,0458333333";"-57,5353333333";"0,0";"125"
"MISS TIDE";"02439";"2026-01-06 04:40:00";"-38,0458333333";"-57,5353333333";"0,0";"205"
"MISS TIDE";"02439";"2026-01-06 04:55:00";"-38,0458333333";"-57,5353333333";"0,0";"210"
"MISS TIDE";"02439";"2026-01-06 05:10:00";"-38,0458333333";"-57,5353333333";"0,0";"200"
"MISS TIDE";"02439";"2026-01-06 05:25:00";"-38,0458333333";"-57,5353333333";"0,0";"190"
"MISS TIDE";"02439";"2026-01-06 05:40:00";"-38,0458333333";"-57,5353333333";"0,0";"190"
"MISS TIDE";"02439";"2026-01-06 05:55:00";"-38,0458333333";"-57,5353333333";"0,0";"190"
"MISS TIDE";"02439";"2026-01-06 06:10:00";"-38,0458333333";"-57,5353333333";"0,0";"220"
"MISS TIDE";"02439";"2026-01-06 06:25:00";"-38,0458333333";"-57,5353333333";"0,0";"220"
"MISS TIDE";"02439";"2026-01-06 06:40:00";"-38,0461666667";"-57,5353333333";"0,0";"295"
"MISS TIDE";"02439";"2026-01-06 06:55:00";"-38,0461666667";"-57,5353333333";"0,0";"290"
"MISS TIDE";"02439";"2026-01-06 07:10:00";"-38,0458333333";"-57,5353333333";"0,0";"355"
"MISS TIDE";"02439";"2026-01-06 07:25:00";"-38,0461666667";"-57,5353333333";"0,0";"45"
"MISS TIDE";"02439";"2026-01-06 07:40:00";"-38,0458333333";"-57,5353333333";"0,0";"20"
"MISS TIDE";"02439";"2026-01-06 07:55:00";"-38,0458333333";"-57,5353333333";"0,0";"115"
"MISS TIDE";"02439";"2026-01-06 08:10:00";"-38,0458333333";"-57,5353333333";"0,0";"85"
"MISS TIDE";"02439";"2026-01-06 08:25:00";"-38,0461666667";"-57,5353333333";"0,0";"45"
"MISS TIDE";"02439";"2026-01-06 08:40:00";"-38,0458333333";"-57,5353333333";"0,0";"350"
"MISS TIDE";"02439";"2026-01-06 08:55:00";"-38,0458333333";"-57,5353333333";"0,0";"220"
"MISS TIDE";"02439";"2026-01-06 09:10:00";"-38,0461666667";"-57,5353333333";"0,0";"240"
"MISS TIDE";"02439";"2026-01-06 09:25:00";"-38,0458333333";"-57,5353333333";"0,0";"325"
"MISS TIDE";"02439";"2026-01-06 09:40:00";"-38,0458333333";"-57,5353333333";"0,0";"210"
"MISS TIDE";"02439";"2026-01-06 09:55:00";"-38,0458333333";"-57,5353333333";"0,0";"210"
"MISS TIDE";"02439";"2026-01-06 10:10:00";"-38,0458333333";"-57,5355";"0,0";"195"
"MISS TIDE";"02439";"2026-01-06 10:25:00";"-38,0458333333";"-57,5353333333";"0,0";"205"
"MISS TIDE";"02439";"2026-01-06 10:40:00";"-38,0458333333";"-57,5353333333";"0,0";"110"
"MISS TIDE";"02439";"2026-01-06 10:55:00";"-38,0458333333";"-57,5353333333";"0,0";"120"
"MISS TIDE";"02439";"2026-01-06 11:10:00";"-38,0458333333";"-57,5353333333";"0,0";"290"
"MISS TIDE";"02439";"2026-01-06 11:25:00";"-38,0458333333";"-57,5353333333";"0,0";"190"
"MISS TIDE";"02439";"2026-01-06 11:40:00";"-38,0461666667";"-57,5353333333";"0,0";"295"
"MISS TIDE";"02439";"2026-01-06 11:55:00";"-38,0458333333";"-57,5353333333";"0,0";"10"
"MISS TIDE";"02439";"2026-01-06 12:10:00";"-38,0458333333";"-57,5353333333";"0,0";"95"
"MISS TIDE";"02439";"2026-01-06 12:25:00";"-38,0458333333";"-57,5353333333";"0,0";"280"
"MISS TIDE";"02439";"2026-01-06 12:40:00";"-38,0458333333";"-57,5353333333";"0,0";"275"
"MISS TIDE";"02439";"2026-01-06 12:55:00";"-38,0458333333";"-57,5353333333";"0,0";"290"
"MISS TIDE";"02439";"2026-01-06 13:10:00";"-38,0461666667";"-57,5353333333";"0,0";"290"
"MISS TIDE";"02439";"2026-01-06 13:25:00";"-38,0458333333";"-57,5353333333";"0,0";"235"
"MISS TIDE";"02439";"2026-01-06 13:40:00";"-38,0458333333";"-57,5353333333";"0,0";"350"
"MISS TIDE";"02439";"2026-01-06 13:55:00";"-38,0458333333";"-57,5353333333";"0,0";"320"
"MISS TIDE";"02439";"2026-01-06 14:10:00";"-38,0461666667";"-57,5353333333";"0,0";"15"
"MISS TIDE";"02439";"2026-01-06 14:25:00";"-38,0458333333";"-57,5353333333";"0,0";"15"
"MISS TIDE";"02439";"2026-01-06 14:40:00";"-38,0458333333";"-57,5353333333";"0,0";"100"
"MISS TIDE";"02439";"2026-01-06 14:55:00";"-38,0458333333";"-57,5353333333";"0,0";"100"
"MISS TIDE";"02439";"2026-01-06 15:10:00";"-38,0458333333";"-57,5353333333";"0,0";"100"
"MISS TIDE";"02439";"2026-01-06 15:25:00";"-38,0458333333";"-57,5353333333";"0,0";"45"
"MISS TIDE";"02439";"2026-01-06 15:40:00";"-38,0461666667";"-57,5353333333";"0,0";"245"
"MISS TIDE";"02439";"2026-01-06 15:55:00";"-38,0461666667";"-57,5353333333";"0,0";"330"
"MISS TIDE";"02439";"2026-01-06 16:10:00";"-38,0461666667";"-57,5353333333";"0,0";"65"
"MISS TIDE";"02439";"2026-01-06 16:25:00";"-38,0461666667";"-57,5353333333";"0,0";"175"
"MISS TIDE";"02439";"2026-01-06 16:40:00";"-38,0461666667";"-57,5353333333";"0,0";"240"
"MISS TIDE";"02439";"2026-01-06 16:55:00";"-38,0461666667";"-57,5353333333";"0,0";"240"
"MISS TIDE";"02439";"2026-01-06 17:10:00";"-38,0461666667";"-57,5353333333";"0,0";"225"
"MISS TIDE";"02439";"2026-01-06 17:25:00";"-38,0458333333";"-57,5353333333";"0,0";"225"
"MISS TIDE";"02439";"2026-01-06 17:40:00";"-38,0461666667";"-57,5353333333";"0,0";"355"
"MISS TIDE";"02439";"2026-01-06 17:55:00";"-38,0461666667";"-57,5353333333";"0,0";"355"
"MISS TIDE";"02439";"2026-01-06 18:10:00";"-38,0461666667";"-57,5353333333";"0,0";"355"
"MISS TIDE";"02439";"2026-01-06 18:25:00";"-38,0461666667";"-57,5353333333";"0,0";"5"
"MISS TIDE";"02439";"2026-01-06 18:40:00";"-38,0461666667";"-57,5353333333";"0,0";"200"
"MISS TIDE";"02439";"2026-01-06 18:55:00";"-38,0461666667";"-57,5353333333";"0,0";"200"
"MISS TIDE";"02439";"2026-01-06 19:10:00";"-38,0461666667";"-57,5353333333";"0,0";"145"
"MISS TIDE";"02439";"2026-01-06 19:25:00";"-38,0461666667";"-57,5353333333";"0,0";"145"
"MISS TIDE";"02439";"2026-01-06 19:40:00";"-38,0461666667";"-57,5353333333";"0,0";"195"
"MISS TIDE";"02439";"2026-01-06 19:55:00";"-38,0461666667";"-57,5353333333";"0,0";"280"
"MISS TIDE";"02439";"2026-01-06 20:10:00";"-38,0461666667";"-57,5353333333";"0,0";"260"
"MISS TIDE";"02439";"2026-01-06 20:25:00";"-38,0461666667";"-57,5353333333";"0,0";"5"
"MISS TIDE";"02439";"2026-01-06 20:40:00";"-38,0461666667";"-57,5353333333";"0,0";"0"
"MISS TIDE";"02439";"2026-01-06 20:55:00";"-38,0461666667";"-57,5353333333";"0,0";"325"
"MISS TIDE";"02439";"2026-01-06 21:10:00";"-38,0461666667";"-57,5353333333";"0,0";"325"
"MISS TIDE";"02439";"2026-01-06 21:25:00";"-38,0461666667";"-57,5353333333";"0,0";"325"
"MISS TIDE";"02439";"2026-01-06 21:40:00";"-38,0461666667";"-57,5353333333";"0,0";"25"
"MISS TIDE";"02439";"2026-01-06 21:55:00";"-38,0461666667";"-57,5353333333";"0,0";"20"
"MISS TIDE";"02439";"2026-01-06 22:10:00";"-38,0461666667";"-57,5353333333";"0,0";"20"
"MISS TIDE";"02439";"2026-01-06 22:25:00";"-38,0461666667";"-57,5353333333";"0,0";"20"
"MISS TIDE";"02439";"2026-01-06 22:40:00";"-38,0461666667";"-57,5353333333";"0,0";"20"
"MISS TIDE";"02439";"2026-01-06 22:56:00";"-38,0461666667";"-57,5353333333";"0,0";"20"
"MISS TIDE";"02439";"2026-01-06 23:11:00";"-38,0461666667";"-57,5353333333";"0,0";"35"
"MISS TIDE";"02439";"2026-01-06 23:26:00";"-38,0461666667";"-57,5353333333";"0,0";"35"
"MISS TIDE";"02439";"2026-01-06 23:41:00";"-38,0461666667";"-57,5353333333";"0,0";"35"
"MISS TIDE";"02439";"2026-01-06 23:56:00";"-38,0461666667";"-57,5353333333";"0,0";"325"
"MISS TIDE";"02439";"2026-01-07 00:11:00";"-38,0461666667";"-57,5353333333";"0,0";"325"
"MISS TIDE";"02439";"2026-01-07 00:26:00";"-38,0461666667";"-57,5353333333";"0,0";"260"
"MISS TIDE";"02439";"2026-01-07 00:41:00";"-38,0458333333";"-57,5353333333";"0,0";"255"
"MISS TIDE";"02439";"2026-01-07 00:56:00";"-38,0458333333";"-57,5353333333";"0,0";"340"
"MISS TIDE";"02439";"2026-01-07 01:11:00";"-38,0458333333";"-57,5353333333";"0,0";"340"
"MISS TIDE";"02439";"2026-01-07 01:26:00";"-38,0458333333";"-57,5353333333";"0,0";"270"
"MISS TIDE";"02439";"2026-01-07 01:41:00";"-38,0458333333";"-57,5353333333";"0,0";"310"
"MISS TIDE";"02439";"2026-01-07 01:56:00";"-38,0458333333";"-57,5353333333";"0,0";"310"
"MISS TIDE";"02439";"2026-01-07 02:11:00";"-38,0458333333";"-57,5353333333";"0,0";"160"
"MISS TIDE";"02439";"2026-01-07 02:26:00";"-38,0458333333";"-57,5353333333";"0,0";"160"
"MISS TIDE";"02439";"2026-01-07 02:41:00";"-38,0458333333";"-57,5353333333";"0,0";"160"
"MISS TIDE";"02439";"2026-01-07 02:56:00";"-38,0458333333";"-57,5353333333";"0,0";"105"
"MISS TIDE";"02439";"2026-01-07 03:11:00";"-38,0458333333";"-57,5353333333";"0,0";"165"
"MISS TIDE";"02439";"2026-01-07 03:26:00";"-38,0458333333";"-57,5353333333";"0,0";"195"
"MISS TIDE";"02439";"2026-01-07 03:41:00";"-38,0458333333";"-57,5353333333";"0,0";"320"
"MISS TIDE";"02439";"2026-01-07 03:56:00";"-38,0461666667";"-57,5355";"0,0";"245"
"MISS TIDE";"02439";"2026-01-07 04:11:00";"-38,0458333333";"-57,5353333333";"0,0";"10"
"MISS TIDE";"02439";"2026-01-07 04:26:00";"-38,0461666667";"-57,5353333333";"0,0";"10"
"MISS TIDE";"02439";"2026-01-07 04:41:00";"-38,0461666667";"-57,5353333333";"0,0";"245"
"MISS TIDE";"02439";"2026-01-07 04:56:00";"-38,0458333333";"-57,5353333333";"0,0";"245"
"MISS TIDE";"02439";"2026-01-07 05:11:00";"-38,0458333333";"-57,5353333333";"0,0";"245"
"MISS TIDE";"02439";"2026-01-07 05:26:00";"-38,0458333333";"-57,5353333333";"0,0";"245"
"MISS TIDE";"02439";"2026-01-07 05:41:00";"-38,0458333333";"-57,5353333333";"0,0";"245"
"MISS TIDE";"02439";"2026-01-07 05:56:00";"-38,0458333333";"-57,5353333333";"0,0";"245"
"MISS TIDE";"02439";"2026-01-07 06:11:00";"-38,0458333333";"-57,5353333333";"0,0";"145"
"MISS TIDE";"02439";"2026-01-07 06:26:00";"-38,0458333333";"-57,5353333333";"0,0";"185"
"MISS TIDE";"02439";"2026-01-07 06:41:00";"-38,0458333333";"-57,5353333333";"0,0";"150"
"MISS TIDE";"02439";"2026-01-07 06:56:00";"-38,0461666667";"-57,5353333333";"0,0";"150"
"MISS TIDE";"02439";"2026-01-07 07:11:00";"-38,0458333333";"-57,5353333333";"0,0";"150"
"MISS TIDE";"02439";"2026-01-07 07:26:00";"-38,0461666667";"-57,5353333333";"0,0";"150"
"MISS TIDE";"02439";"2026-01-07 07:41:00";"-38,0458333333";"-57,5353333333";"0,0";"70"
"MISS TIDE";"02439";"2026-01-07 07:56:00";"-38,0461666667";"-57,5353333333";"0,0";"70"
"MISS TIDE";"02439";"2026-01-07 08:11:00";"-38,0461666667";"-57,5353333333";"0,0";"325"
"MISS TIDE";"02439";"2026-01-07 08:26:00";"-38,0458333333";"-57,5353333333";"0,0";"325"
"MISS TIDE";"02439";"2026-01-07 08:41:00";"-38,0461666667";"-57,5353333333";"0,0";"340"
"MISS TIDE";"02439";"2026-01-07 08:56:00";"-38,0458333333";"-57,5353333333";"0,0";"340"
"MISS TIDE";"02439";"2026-01-07 09:11:00";"-38,0461666667";"-57,5353333333";"0,0";"340"
"MISS TIDE";"02439";"2026-01-07 09:26:00";"-38,0458333333";"-57,5353333333";"0,0";"340"
"MISS TIDE";"02439";"2026-01-07 09:41:00";"-38,0458333333";"-57,5353333333";"0,0";"340"
"MISS TIDE";"02439";"2026-01-07 09:56:00";"-38,0458333333";"-57,5353333333";"0,0";"340"
"MISS TIDE";"02439";"2026-01-07 10:11:00";"-38,0458333333";"-57,5353333333";"0,0";"230"
"MISS TIDE";"02439";"2026-01-07 10:26:00";"-38,0461666667";"-57,5353333333";"0,0";"205"
"MISS TIDE";"02439";"2026-01-07 10:41:00";"-38,0458333333";"-57,5353333333";"0,0";"335"
"MISS TIDE";"02439";"2026-01-07 10:56:00";"-38,0458333333";"-57,5353333333";"0,0";"15"
"MISS TIDE";"02439";"2026-01-07 11:11:00";"-38,0458333333";"-57,5353333333";"0,0";"15"
"MISS TIDE";"02439";"2026-01-07 11:26:00";"-38,0458333333";"-57,5353333333";"0,0";"95"
"MISS TIDE";"02439";"2026-01-07 11:41:00";"-38,0458333333";"-57,5353333333";"0,0";"345"
"MISS TIDE";"02439";"2026-01-07 11:56:00";"-38,0458333333";"-57,5353333333";"0,0";"345"
"MISS TIDE";"02439";"2026-01-07 12:11:00";"-38,0458333333";"-57,5353333333";"0,0";"65"
"MISS TIDE";"02439";"2026-01-07 12:26:00";"-38,0458333333";"-57,5353333333";"0,0";"15"
"MISS TIDE";"02439";"2026-01-07 12:41:00";"-38,0458333333";"-57,5353333333";"0,0";"15"
"MISS TIDE";"02439";"2026-01-07 12:56:00";"-38,0458333333";"-57,5353333333";"0,0";"310"
"MISS TIDE";"02439";"2026-01-07 13:11:00";"-38,0461666667";"-57,5353333333";"0,0";"210"
"MISS TIDE";"02439";"2026-01-07 13:26:00";"-38,0458333333";"-57,5353333333";"0,0";"210"
"MISS TIDE";"02439";"2026-01-07 13:41:00";"-38,0458333333";"-57,5353333333";"0,0";"215"
"MISS TIDE";"02439";"2026-01-07 13:56:00";"-38,0458333333";"-57,5355";"0,0";"15"
"MISS TIDE";"02439";"2026-01-07 14:11:00";"-38,0458333333";"-57,5355";"0,0";"220"
"MISS TIDE";"02439";"2026-01-07 14:26:00";"-38,0458333333";"-57,5353333333";"0,0";"220"
"MISS TIDE";"02439";"2026-01-07 14:41:00";"-38,0458333333";"-57,5353333333";"0,0";"220"
"MISS TIDE";"02439";"2026-01-07 14:56:00";"-38,0458333333";"-57,5353333333";"0,0";"220"
"MISS TIDE";"02439";"2026-01-07 15:11:00";"-38,0458333333";"-57,5353333333";"0,0";"355"
"MISS TIDE";"02439";"2026-01-07 15:26:00";"-38,0458333333";"-57,5353333333";"0,0";"355"
"MISS TIDE";"02439";"2026-01-07 15:41:00";"-38,0458333333";"-57,5353333333";"0,0";"355"
"MISS TIDE";"02439";"2026-01-07 15:56:00";"-38,0458333333";"-57,5353333333";"0,0";"235"
"MISS TIDE";"02439";"2026-01-07 16:11:00";"-38,0458333333";"-57,5353333333";"0,0";"200"
"MISS TIDE";"02439";"2026-01-07 16:26:00";"-38,0458333333";"-57,5353333333";"0,0";"220"
"MISS TIDE";"02439";"2026-01-07 16:41:00";"-38,0461666667";"-57,5353333333";"0,0";"230"
"MISS TIDE";"02439";"2026-01-07 16:56:00";"-38,0461666667";"-57,5353333333";"0,0";"290"
"MISS TIDE";"02439";"2026-01-07 17:11:00";"-38,0458333333";"-57,5353333333";"0,0";"50"
"MISS TIDE";"02439";"2026-01-07 17:26:00";"-38,0461666667";"-57,5353333333";"0,0";"50"
"MISS TIDE";"02439";"2026-01-07 17:41:00";"-38,0458333333";"-57,5353333333";"0,0";"345"
"MISS TIDE";"02439";"2026-01-07 17:56:00";"-38,0461666667";"-57,5353333333";"0,0";"345"
"MISS TIDE";"02439";"2026-01-07 18:11:00";"-38,0461666667";"-57,5353333333";"0,0";"345"
"MISS TIDE";"02439";"2026-01-07 18:26:00";"-38,0461666667";"-57,5353333333";"0,0";"120"
"MISS TIDE";"02439";"2026-01-07 18:41:00";"-38,0461666667";"-57,5353333333";"0,0";"200"
"MISS TIDE";"02439";"2026-01-07 18:56:00";"-38,0461666667";"-57,5353333333";"0,0";"195"
"MISS TIDE";"02439";"2026-01-07 19:11:00";"-38,0461666667";"-57,5353333333";"0,0";"195"
"MISS TIDE";"02439";"2026-01-07 19:26:00";"-38,0461666667";"-57,5353333333";"0,0";"115"
"MISS TIDE";"02439";"2026-01-07 19:41:00";"-38,0461666667";"-57,5353333333";"0,0";"115"
"MISS TIDE";"02439";"2026-01-07 19:56:00";"-38,0461666667";"-57,5353333333";"0,0";"50"
"MISS TIDE";"02439";"2026-01-07 20:11:00";"-38,0461666667";"-57,5353333333";"0,0";"190"
"MISS TIDE";"02439";"2026-01-07 20:26:00";"-38,0461666667";"-57,5353333333";"0,0";"190"
"MISS TIDE";"02439";"2026-01-07 20:41:00";"-38,0458333333";"-57,5353333333";"0,0";"75"
"MISS TIDE";"02439";"2026-01-07 20:56:00";"-38,0461666667";"-57,5353333333";"0,0";"75"
"MISS TIDE";"02439";"2026-01-07 21:11:00";"-38,0461666667";"-57,5353333333";"0,0";"275"
"MISS TIDE";"02439";"2026-01-07 21:26:00";"-38,0461666667";"-57,5353333333";"0,0";"235"
"MISS TIDE";"02439";"2026-01-07 21:41:00";"-38,0461666667";"-57,5353333333";"0,0";"165"
"MISS TIDE";"02439";"2026-01-07 21:56:00";"-38,0461666667";"-57,5353333333";"0,0";"200"
"MISS TIDE";"02439";"2026-01-07 22:11:00";"-38,0458333333";"-57,5353333333";"0,0";"230"
"MISS TIDE";"02439";"2026-01-07 22:26:00";"-38,0461666667";"-57,5353333333";"0,0";"230"
"MISS TIDE";"02439";"2026-01-07 22:41:00";"-38,0461666667";"-57,5353333333";"0,0";"340"
"MISS TIDE";"02439";"2026-01-07 22:56:00";"-38,0461666667";"-57,5353333333";"0,0";"340"
"MISS TIDE";"02439";"2026-01-07 23:11:00";"-38,0461666667";"-57,5353333333";"0,0";"5"
"MISS TIDE";"02439";"2026-01-07 23:26:00";"-38,0461666667";"-57,5353333333";"0,0";"140"
"MISS TIDE";"02439";"2026-01-07 23:41:00";"-38,0458333333";"-57,5353333333";"0,0";"140"
"MISS TIDE";"02439";"2026-01-07 23:56:00";"-38,0458333333";"-57,5353333333";"0,0";"140"
"MISS TIDE";"02439";"2026-01-08 00:11:00";"-38,0458333333";"-57,5353333333";"0,0";"145"
"MISS TIDE";"02439";"2026-01-08 00:26:00";"-38,0458333333";"-57,5353333333";"0,0";"145"
"MISS TIDE";"02439";"2026-01-08 00:41:00";"-38,0458333333";"-57,5353333333";"0,0";"145"
"MISS TIDE";"02439";"2026-01-08 00:56:00";"-38,0458333333";"-57,5353333333";"0,0";"60"
"MISS TIDE";"02439";"2026-01-08 01:11:00";"-38,0458333333";"-57,5353333333";"0,0";"15"
"MISS TIDE";"02439";"2026-01-08 01:26:00";"-38,0458333333";"-57,5353333333";"0,0";"55"
"MISS TIDE";"02439";"2026-01-08 01:41:00";"-38,0461666667";"-57,5353333333";"0,0";"55"
"MISS TIDE";"02439";"2026-01-08 01:56:00";"-38,0458333333";"-57,5353333333";"0,0";"150"
"MISS TIDE";"02439";"2026-01-08 02:11:00";"-38,0458333333";"-57,5353333333";"0,0";"105"
"MISS TIDE";"02439";"2026-01-08 02:26:00";"-38,0458333333";"-57,5353333333";"0,0";"105"
"MISS TIDE";"02439";"2026-01-08 02:41:00";"-38,0458333333";"-57,5353333333";"0,0";"105"
"MISS TIDE";"02439";"2026-01-08 02:56:00";"-38,0458333333";"-57,5353333333";"0,0";"105"
"MISS TIDE";"02439";"2026-01-08 03:11:00";"-38,0458333333";"-57,5353333333";"0,0";"235"
"MISS TIDE";"02439";"2026-01-08 03:26:00";"-38,0458333333";"-57,5353333333";"0,0";"110"
"MISS TIDE";"02439";"2026-01-08 03:41:00";"-38,0458333333";"-57,5353333333";"0,0";"110"
"MISS TIDE";"02439";"2026-01-08 03:56:00";"-38,0458333333";"-57,5353333333";"0,0";"30"
"MISS TIDE";"02439";"2026-01-08 04:11:00";"-38,0461666667";"-57,5353333333";"0,0";"50"
"MISS TIDE";"02439";"2026-01-08 04:26:00";"-38,0458333333";"-57,5353333333";"0,0";"20"
"MISS TIDE";"02439";"2026-01-08 04:41:00";"-38,0458333333";"-57,5353333333";"0,0";"10"
"MISS TIDE";"02439";"2026-01-08 04:56:00";"-38,0461666667";"-57,5353333333";"0,0";"345"
"MISS TIDE";"02439";"2026-01-08 05:11:00";"-38,0458333333";"-57,5353333333";"0,0";"345"
"MISS TIDE";"02439";"2026-01-08 05:26:00";"-38,0458333333";"-57,5353333333";"0,0";"345"
"MISS TIDE";"02439";"2026-01-08 05:41:00";"-38,0458333333";"-57,5353333333";"0,0";"5"
"MISS TIDE";"02439";"2026-01-08 05:56:00";"-38,0458333333";"-57,5353333333";"0,0";"125"
"MISS TIDE";"02439";"2026-01-08 06:11:00";"-38,0458333333";"-57,5353333333";"0,0";"45"
"MISS TIDE";"02439";"2026-01-08 06:26:00";"-38,0458333333";"-57,5353333333";"0,0";"270"
"MISS TIDE";"02439";"2026-01-08 06:41:00";"-38,0461666667";"-57,5353333333";"0,0";"295"
"MISS TIDE";"02439";"2026-01-08 06:56:00";"-38,0458333333";"-57,5353333333";"0,0";"295"
"MISS TIDE";"02439";"2026-01-08 07:11:00";"-38,0461666667";"-57,5353333333";"0,0";"295"
"MISS TIDE";"02439";"2026-01-08 07:26:00";"-38,0461666667";"-57,5353333333";"0,0";"295"
"MISS TIDE";"02439";"2026-01-08 07:41:00";"-38,0458333333";"-57,5353333333";"0,0";"295"
"MISS TIDE";"02439";"2026-01-08 07:56:00";"-38,0461666667";"-57,5353333333";"0,0";"295"
"MISS TIDE";"02439";"2026-01-08 08:11:00";"-38,0458333333";"-57,5353333333";"0,0";"280"
"MISS TIDE";"02439";"2026-01-08 08:26:00";"-38,0458333333";"-57,5353333333";"0,0";"290"
"MISS TIDE";"02439";"2026-01-08 08:41:00";"-38,0458333333";"-57,5353333333";"0,0";"290"
"MISS TIDE";"02439";"2026-01-08 08:56:00";"-38,0461666667";"-57,5353333333";"0,0";"325"
"MISS TIDE";"02439";"2026-01-08 09:11:00";"-38,0461666667";"-57,5353333333";"0,0";"25"
"MISS TIDE";"02439";"2026-01-08 09:26:00";"-38,0461666667";"-57,5353333333";"0,0";"25"
"MISS TIDE";"02439";"2026-01-08 09:41:00";"-38,0461666667";"-57,5353333333";"0,0";"25"
"MISS TIDE";"02439";"2026-01-08 09:56:00";"-38,0461666667";"-57,5353333333";"0,0";"55"
"MISS TIDE";"02439";"2026-01-08 10:11:00";"-38,0461666667";"-57,5353333333";"0,0";"30"
"MISS TIDE";"02439";"2026-01-08 10:26:00";"-38,0461666667";"-57,5353333333";"0,0";"20"
"MISS TIDE";"02439";"2026-01-08 10:41:00";"-38,0461666667";"-57,5353333333";"0,0";"20"
"MISS TIDE";"02439";"2026-01-08 10:56:00";"-38,0461666667";"-57,5353333333";"0,0";"25"
"MISS TIDE";"02439";"2026-01-08 11:11:00";"-38,0461666667";"-57,5353333333";"0,0";"125"
"MISS TIDE";"02439";"2026-01-08 11:26:00";"-38,0461666667";"-57,5353333333";"0,0";"125"
"MISS TIDE";"02439";"2026-01-08 11:41:00";"-38,0461666667";"-57,5353333333";"0,0";"60"
"MISS TIDE";"02439";"2026-01-08 11:56:00";"-38,0458333333";"-57,5353333333";"0,0";"60"
"MISS TIDE";"02439";"2026-01-08 12:11:00";"-38,0461666667";"-57,5353333333";"0,0";"60"
"MISS TIDE";"02439";"2026-01-08 12:26:00";"-38,0461666667";"-57,5353333333";"0,0";"10"
"MISS TIDE";"02439";"2026-01-08 12:41:00";"-38,0461666667";"-57,5353333333";"0,0";"10"
"MISS TIDE";"02439";"2026-01-08 12:56:00";"-38,0461666667";"-57,5353333333";"0,0";"10"
"MISS TIDE";"02439";"2026-01-08 13:11:00";"-38,0461666667";"-57,5353333333";"0,0";"35"
"MISS TIDE";"02439";"2026-01-08 13:26:00";"-38,0461666667";"-57,5353333333";"0,0";"70"
"MISS TIDE";"02439";"2026-01-08 13:41:00";"-38,0461666667";"-57,5353333333";"0,0";"70"
"MISS TIDE";"02439";"2026-01-08 13:56:00";"-38,0461666667";"-57,5353333333";"0,0";"325"
"MISS TIDE";"02439";"2026-01-08 14:11:00";"-38,0461666667";"-57,5353333333";"0,0";"325"
"MISS TIDE";"02439";"2026-01-08 14:26:00";"-38,0461666667";"-57,5353333333";"0,0";"345"
"MISS TIDE";"02439";"2026-01-08 14:41:00";"-38,0461666667";"-57,5353333333";"0,0";"345"
"MISS TIDE";"02439";"2026-01-08 14:56:00";"-38,0461666667";"-57,5353333333";"0,0";"180"
"MISS TIDE";"02439";"2026-01-08 15:11:00";"-38,0458333333";"-57,5353333333";"0,0";"180"
"MISS TIDE";"02439";"2026-01-08 15:26:00";"-38,0458333333";"-57,5353333333";"0,0";"180"
"MISS TIDE";"02439";"2026-01-08 15:41:00";"-38,0461666667";"-57,5353333333";"0,0";"105"
"MISS TIDE";"02439";"2026-01-08 15:56:00";"-38,0458333333";"-57,5353333333";"0,0";"105"
"MISS TIDE";"02439";"2026-01-08 16:11:00";"-38,0461666667";"-57,5353333333";"0,0";"75"
"MISS TIDE";"02439";"2026-01-08 16:26:00";"-38,0461666667";"-57,5353333333";"0,0";"25"
"MISS TIDE";"02439";"2026-01-08 16:41:00";"-38,0461666667";"-57,5353333333";"0,0";"25"
"MISS TIDE";"02439";"2026-01-08 16:56:00";"-38,0461666667";"-57,5353333333";"0,0";"25"
"MISS TIDE";"02439";"2026-01-08 17:11:00";"-38,0461666667";"-57,5353333333";"0,0";"265"
"MISS TIDE";"02439";"2026-01-08 17:26:00";"-38,0461666667";"-57,5353333333";"0,0";"265"
"MISS TIDE";"02439";"2026-01-08 17:41:00";"-38,0461666667";"-57,5353333333";"0,0";"265"
"MISS TIDE";"02439";"2026-01-08 17:56:00";"-38,0461666667";"-57,5353333333";"0,0";"265"
"MISS TIDE";"02439";"2026-01-08 18:11:00";"-38,0461666667";"-57,5353333333";"0,0";"265"
"MISS TIDE";"02439";"2026-01-08 18:26:00";"-38,0461666667";"-57,5353333333";"0,0";"310"
"MISS TIDE";"02439";"2026-01-08 18:41:00";"-38,0461666667";"-57,5353333333";"0,0";"310"
"MISS TIDE";"02439";"2026-01-08 18:56:00";"-38,0461666667";"-57,5353333333";"0,0";"355"
"MISS TIDE";"02439";"2026-01-08 19:11:00";"-38,0461666667";"-57,5353333333";"0,0";"315"
"MISS TIDE";"02439";"2026-01-08 19:26:00";"-38,0461666667";"-57,5353333333";"0,0";"315"
"MISS TIDE";"02439";"2026-01-08 19:41:00";"-38,0461666667";"-57,5353333333";"0,0";"15"
"MISS TIDE";"02439";"2026-01-08 19:56:00";"-38,0461666667";"-57,5353333333";"0,0";"0"
"MISS TIDE";"02439";"2026-01-08 20:11:00";"-38,0461666667";"-57,5353333333";"0,0";"200"
"MISS TIDE";"02439";"2026-01-08 20:26:00";"-38,0461666667";"-57,5353333333";"0,0";"200"
"MISS TIDE";"02439";"2026-01-08 20:41:00";"-38,0461666667";"-57,5353333333";"0,0";"225"
"MISS TIDE";"02439";"2026-01-08 20:56:00";"-38,0461666667";"-57,5353333333";"0,0";"225"
"MISS TIDE";"02439";"2026-01-08 21:11:00";"-38,0461666667";"-57,5353333333";"0,0";"110"
"MISS TIDE";"02439";"2026-01-08 21:26:00";"-38,0461666667";"-57,5353333333";"0,0";"115"
"MISS TIDE";"02439";"2026-01-08 21:41:00";"-38,0461666667";"-57,5353333333";"0,0";"65"
"MISS TIDE";"02439";"2026-01-08 21:56:00";"-38,0461666667";"-57,5353333333";"0,0";"200"
"MISS TIDE";"02439";"2026-01-08 22:11:00";"-38,0461666667";"-57,5353333333";"0,0";"200"
"MISS TIDE";"02439";"2026-01-08 22:26:00";"-38,0461666667";"-57,5353333333";"0,0";"200"
"MISS TIDE";"02439";"2026-01-08 22:41:00";"-38,0461666667";"-57,5353333333";"0,0";"200"
"MISS TIDE";"02439";"2026-01-08 22:56:00";"-38,0461666667";"-57,5353333333";"0,0";"230"
"MISS TIDE";"02439";"2026-01-08 23:11:00";"-38,0461666667";"-57,5353333333";"0,0";"230"
"MISS TIDE";"02439";"2026-01-08 23:26:00";"-38,0461666667";"-57,5353333333";"0,0";"230"
"MISS TIDE";"02439";"2026-01-08 23:41:00";"-38,0461666667";"-57,5353333333";"0,0";"70"
"MISS TIDE";"02439";"2026-01-08 23:56:00";"-38,0461666667";"-57,5353333333";"0,0";"245"
"MISS TIDE";"02439";"2026-01-09 00:11:00";"-38,0461666667";"-57,5353333333";"0,0";"340"
"MISS TIDE";"02439";"2026-01-09 00:26:00";"-38,0461666667";"-57,5353333333";"0,0";"340"
"MISS TIDE";"02439";"2026-01-09 00:41:00";"-38,0461666667";"-57,5353333333";"0,0";"340"
"MISS TIDE";"02439";"2026-01-09 00:56:00";"-38,0458333333";"-57,5353333333";"0,0";"290"
"MISS TIDE";"02439";"2026-01-09 01:11:00";"-38,0461666667";"-57,5353333333";"0,0";"355"
"MISS TIDE";"02439";"2026-01-09 01:26:00";"-38,0461666667";"-57,5353333333";"0,0";"235"
"MISS TIDE";"02439";"2026-01-09 01:41:00";"-38,0461666667";"-57,5353333333";"0,0";"355"
"MISS TIDE";"02439";"2026-01-09 01:56:00";"-38,0461666667";"-57,5353333333";"0,0";"60"
"MISS TIDE";"02439";"2026-01-09 02:11:00";"-38,0461666667";"-57,5353333333";"0,0";"60"
"MISS TIDE";"02439";"2026-01-09 02:26:00";"-38,0461666667";"-57,5353333333";"0,0";"330"
"MISS TIDE";"02439";"2026-01-09 02:41:00";"-38,0461666667";"-57,5353333333";"0,0";"0"
"MISS TIDE";"02439";"2026-01-09 02:56:00";"-38,0461666667";"-57,5353333333";"0,0";"0"
"MISS TIDE";"02439";"2026-01-09 03:11:00";"-38,0461666667";"-57,5353333333";"0,0";"0"
"MISS TIDE";"02439";"2026-01-09 03:26:00";"-38,0458333333";"-57,5353333333";"0,0";"20"
"MISS TIDE";"02439";"2026-01-09 03:41:00";"-38,0461666667";"-57,5353333333";"0,0";"20"
"MISS TIDE";"02439";"2026-01-09 03:56:00";"-38,0461666667";"-57,5353333333";"0,0";"55"
"MISS TIDE";"02439";"2026-01-09 04:11:00";"-38,0461666667";"-57,5353333333";"0,0";"30"
"MISS TIDE";"02439";"2026-01-09 04:26:00";"-38,0458333333";"-57,5353333333";"0,0";"130"
"MISS TIDE";"02439";"2026-01-09 04:41:00";"-38,0461666667";"-57,5353333333";"0,0";"50"
"MISS TIDE";"02439";"2026-01-09 04:56:00";"-38,0461666667";"-57,5353333333";"0,0";"40"
"MISS TIDE";"02439";"2026-01-09 05:11:00";"-38,0458333333";"-57,5353333333";"0,0";"165"
"MISS TIDE";"02439";"2026-01-09 05:26:00";"-38,0461666667";"-57,5353333333";"0,0";"200"
"MISS TIDE";"02439";"2026-01-09 05:41:00";"-38,0458333333";"-57,5353333333";"0,0";"220"
"MISS TIDE";"02439";"2026-01-09 05:56:00";"-38,0461666667";"-57,5353333333";"0,0";"220"
"MISS TIDE";"02439";"2026-01-09 06:11:00";"-38,0458333333";"-57,5353333333";"0,0";"165"
"MISS TIDE";"02439";"2026-01-09 06:26:00";"-38,0461666667";"-57,5353333333";"0,0";"165"
"MISS TIDE";"02439";"2026-01-09 06:41:00";"-38,0461666667";"-57,5353333333";"0,0";"165"
"MISS TIDE";"02439";"2026-01-09 06:56:00";"-38,0458333333";"-57,5353333333";"0,0";"195"
"MISS TIDE";"02439";"2026-01-09 07:11:00";"-38,0461666667";"-57,5353333333";"0,0";"160"
"MISS TIDE";"02439";"2026-01-09 07:26:00";"-38,0461666667";"-57,5353333333";"0,0";"175"
"MISS TIDE";"02439";"2026-01-09 07:41:00";"-38,0461666667";"-57,5353333333";"0,0";"175"
"MISS TIDE";"02439";"2026-01-09 07:56:00";"-38,0461666667";"-57,5353333333";"0,0";"165"
"MISS TIDE";"02439";"2026-01-09 08:11:00";"-38,0458333333";"-57,5353333333";"0,0";"265"
"MISS TIDE";"02439";"2026-01-09 08:26:00";"-38,0458333333";"-57,5353333333";"0,0";"275"
"MISS TIDE";"02439";"2026-01-09 08:41:00";"-38,0461666667";"-57,5353333333";"0,0";"160"
"MISS TIDE";"02439";"2026-01-09 08:56:00";"-38,0458333333";"-57,5353333333";"0,0";"65"
"MISS TIDE";"02439";"2026-01-09 09:11:00";"-38,0458333333";"-57,5353333333";"0,0";"90"
"MISS TIDE";"02439";"2026-01-09 09:26:00";"-38,0461666667";"-57,5353333333";"0,0";"90"
"MISS TIDE";"02439";"2026-01-09 09:41:00";"-38,0461666667";"-57,5353333333";"0,0";"165"
"MISS TIDE";"02439";"2026-01-09 09:56:00";"-38,0458333333";"-57,5353333333";"0,0";"205"
"MISS TIDE";"02439";"2026-01-09 10:11:00";"-38,0461666667";"-57,5353333333";"0,0";"70"
"MISS TIDE";"02439";"2026-01-09 10:26:00";"-38,0458333333";"-57,5353333333";"0,0";"145"
"MISS TIDE";"02439";"2026-01-09 10:41:00";"-38,0458333333";"-57,5353333333";"0,0";"145"
"MISS TIDE";"02439";"2026-01-09 10:56:00";"-38,0458333333";"-57,5353333333";"0,0";"230"
"MISS TIDE";"02439";"2026-01-09 11:11:00";"-38,0461666667";"-57,5353333333";"0,0";"230"
"MISS TIDE";"02439";"2026-01-09 11:26:00";"-38,0458333333";"-57,5353333333";"0,0";"225"
"MISS TIDE";"02439";"2026-01-09 11:41:00";"-38,0458333333";"-57,5353333333";"0,0";"170"
"MISS TIDE";"02439";"2026-01-09 11:56:00";"-38,0458333333";"-57,5353333333";"0,0";"170"
"MISS TIDE";"02439";"2026-01-09 12:11:00";"-38,0458333333";"-57,5353333333";"0,0";"170"
"MISS TIDE";"02439";"2026-01-09 12:26:00";"-38,0458333333";"-57,5353333333";"0,0";"290"
"MISS TIDE";"02439";"2026-01-09 12:41:00";"-38,0458333333";"-57,5353333333";"0,0";"50"
"MISS TIDE";"02439";"2026-01-09 12:56:00";"-38,0458333333";"-57,5353333333";"0,0";"50"
"MISS TIDE";"02439";"2026-01-09 13:12:00";"-38,0458333333";"-57,5353333333";"0,0";"50"
"MISS TIDE";"02439";"2026-01-09 13:27:00";"-38,0461666667";"-57,5353333333";"0,0";"75"
"MISS TIDE";"02439";"2026-01-09 13:42:00";"-38,0461666667";"-57,5353333333";"0,0";"45"
"MISS TIDE";"02439";"2026-01-09 13:57:00";"-38,0458333333";"-57,5353333333";"0,0";"25"
"MISS TIDE";"02439";"2026-01-09 14:12:00";"-38,0458333333";"-57,5353333333";"0,0";"50"
"MISS TIDE";"02439";"2026-01-09 14:27:00";"-38,0458333333";"-57,5353333333";"0,0";"50"
"MISS TIDE";"02439";"2026-01-09 14:42:00";"-38,0461666667";"-57,5353333333";"0,0";"5"
"MISS TIDE";"02439";"2026-01-09 14:57:00";"-38,0458333333";"-57,5353333333";"0,0";"5"
"MISS TIDE";"02439";"2026-01-09 15:12:00";"-38,0458333333";"-57,5353333333";"0,0";"95"
"MISS TIDE";"02439";"2026-01-09 15:27:00";"-38,0461666667";"-57,5353333333";"0,0";"85"
"MISS TIDE";"02439";"2026-01-09 15:42:00";"-38,0461666667";"-57,5353333333";"0,0";"275"
"MISS TIDE";"02439";"2026-01-09 15:57:00";"-38,0458333333";"-57,5353333333";"0,0";"345"
"MISS TIDE";"02439";"2026-01-09 16:12:00";"-38,0461666667";"-57,5353333333";"0,0";"30"
"MISS TIDE";"02439";"2026-01-09 16:27:00";"-38,0461666667";"-57,5353333333";"0,0";"245"
"MISS TIDE";"02439";"2026-01-09 16:42:00";"-38,0461666667";"-57,5355";"0,0";"230"
"MISS TIDE";"02439";"2026-01-09 16:57:00";"-38,0461666667";"-57,5353333333";"0,0";"185"
"MISS TIDE";"02439";"2026-01-09 17:12:00";"-38,0461666667";"-57,5353333333";"0,0";"150"
"MISS TIDE";"02439";"2026-01-09 17:27:00";"-38,0461666667";"-57,5353333333";"0,0";"145"
"MISS TIDE";"02439";"2026-01-09 17:42:00";"-38,0461666667";"-57,5353333333";"0,0";"0"
"MISS TIDE";"02439";"2026-01-09 17:57:00";"-38,0461666667";"-57,5353333333";"0,0";"295"
"MISS TIDE";"02439";"2026-01-09 18:12:00";"-38,0461666667";"-57,5353333333";"0,0";"270"
"MISS TIDE";"02439";"2026-01-09 18:27:00";"-38,0461666667";"-57,5353333333";"0,0";"320"
"MISS TIDE";"02439";"2026-01-09 18:42:00";"-38,0461666667";"-57,5353333333";"0,0";"320"
"MISS TIDE";"02439";"2026-01-09 18:57:00";"-38,0461666667";"-57,5353333333";"0,0";"315"
"MISS TIDE";"02439";"2026-01-09 19:12:00";"-38,0461666667";"-57,5353333333";"0,0";"340"
"MISS TIDE";"02439";"2026-01-09 19:27:00";"-38,0461666667";"-57,5353333333";"0,0";"10"
"MISS TIDE";"02439";"2026-01-09 19:42:00";"-38,0461666667";"-57,5353333333";"0,0";"0"
"MISS TIDE";"02439";"2026-01-09 19:57:00";"-38,0461666667";"-57,5353333333";"0,0";"5"
"MISS TIDE";"02439";"2026-01-09 20:12:00";"-38,0461666667";"-57,5353333333";"0,0";"290"
"MISS TIDE";"02439";"2026-01-09 20:27:00";"-38,0461666667";"-57,5353333333";"0,0";"290"
"MISS TIDE";"02439";"2026-01-09 20:42:00";"-38,0461666667";"-57,5353333333";"0,0";"355"
"MISS TIDE";"02439";"2026-01-09 20:57:00";"-38,0461666667";"-57,5353333333";"0,0";"355"
"MISS TIDE";"02439";"2026-01-09 21:12:00";"-38,0461666667";"-57,5353333333";"0,0";"35"
"MISS TIDE";"02439";"2026-01-09 21:27:00";"-38,0461666667";"-57,5353333333";"0,0";"70"
"MISS TIDE";"02439";"2026-01-09 21:42:00";"-38,0461666667";"-57,5353333333";"0,0";"40"
"MISS TIDE";"02439";"2026-01-09 21:57:00";"-38,0461666667";"-57,5353333333";"0,0";"55"
"MISS TIDE";"02439";"2026-01-09 22:12:00";"-38,0461666667";"-57,5353333333";"0,0";"125"
"MISS TIDE";"02439";"2026-01-09 22:27:00";"-38,0461666667";"-57,5353333333";"0,0";"15"
"MISS TIDE";"02439";"2026-01-09 22:42:00";"-38,0461666667";"-57,5353333333";"0,0";"15"
"MISS TIDE";"02439";"2026-01-09 22:57:00";"-38,0461666667";"-57,5353333333";"0,0";"345"
"MISS TIDE";"02439";"2026-01-09 23:12:00";"-38,0461666667";"-57,5353333333";"0,0";"345"
"MISS TIDE";"02439";"2026-01-09 23:27:00";"-38,0461666667";"-57,5353333333";"0,0";"255"
"MISS TIDE";"02439";"2026-01-09 23:42:00";"-38,0461666667";"-57,5353333333";"0,0";"5"
"MISS TIDE";"02439";"2026-01-09 23:57:00";"-38,0461666667";"-57,5353333333";"0,0";"55"
"MISS TIDE";"02439";"2026-01-10 00:12:00";"-38,0461666667";"-57,5353333333";"0,0";"115"
"MISS TIDE";"02439";"2026-01-10 00:27:00";"-38,0461666667";"-57,5353333333";"0,0";"115"
"MISS TIDE";"02439";"2026-01-10 00:42:00";"-38,0458333333";"-57,5353333333";"0,0";"5"
"MISS TIDE";"02439";"2026-01-10 00:57:00";"-38,0458333333";"-57,5353333333";"0,0";"5"
"MISS TIDE";"02439";"2026-01-10 01:12:00";"-38,0461666667";"-57,5353333333";"0,0";"215"
"MISS TIDE";"02439";"2026-01-10 01:27:00";"-38,0461666667";"-57,5353333333";"0,0";"305"
"MISS TIDE";"02439";"2026-01-10 01:42:00";"-38,0461666667";"-57,5353333333";"0,0";"25"
"MISS TIDE";"02439";"2026-01-10 01:57:00";"-38,0461666667";"-57,5353333333";"0,0";"25"
"MISS TIDE";"02439";"2026-01-10 02:12:00";"-38,0461666667";"-57,5353333333";"0,0";"155"
"MISS TIDE";"02439";"2026-01-10 02:27:00";"-38,0461666667";"-57,5355";"0,0";"155"
"MISS TIDE";"02439";"2026-01-10 02:42:00";"-38,0458333333";"-57,5353333333";"0,0";"65"
"MISS TIDE";"02439";"2026-01-10 02:57:00";"-38,0461666667";"-57,5353333333";"0,0";"65"
"MISS TIDE";"02439";"2026-01-10 03:12:00";"-38,0458333333";"-57,5353333333";"0,0";"65"
"MISS TIDE";"02439";"2026-01-10 03:27:00";"-38,0458333333";"-57,5353333333";"0,0";"65"
"MISS TIDE";"02439";"2026-01-10 03:42:00";"-38,0461666667";"-57,5355";"0,0";"20"
"MISS TIDE";"02439";"2026-01-10 03:57:00";"-38,0458333333";"-57,5353333333";"0,0";"245"
"MISS TIDE";"02439";"2026-01-10 04:12:00";"-38,0461666667";"-57,5353333333";"0,0";"5"
"MISS TIDE";"02439";"2026-01-10 04:27:00";"-38,0461666667";"-57,5353333333";"0,0";"195"
"MISS TIDE";"02439";"2026-01-10 04:42:00";"-38,0458333333";"-57,5353333333";"0,0";"10"
"MISS TIDE";"02439";"2026-01-10 04:57:00";"-38,0458333333";"-57,5353333333";"0,0";"320"
"MISS TIDE";"02439";"2026-01-10 05:12:00";"-38,0458333333";"-57,5353333333";"0,0";"20"
"MISS TIDE";"02439";"2026-01-10 05:27:00";"-38,0458333333";"-57,5353333333";"0,0";"20"
"MISS TIDE";"02439";"2026-01-10 05:42:00";"-38,0458333333";"-57,5353333333";"0,0";"60"
"MISS TIDE";"02439";"2026-01-10 05:57:00";"-38,0458333333";"-57,5353333333";"0,0";"60"
"MISS TIDE";"02439";"2026-01-10 06:12:00";"-38,0458333333";"-57,5353333333";"0,0";"60"
"MISS TIDE";"02439";"2026-01-10 06:27:00";"-38,0458333333";"-57,5353333333";"0,0";"60"
"MISS TIDE";"02439";"2026-01-10 06:42:00";"-38,0458333333";"-57,5353333333";"0,0";"60"
"MISS TIDE";"02439";"2026-01-10 06:57:00";"-38,0458333333";"-57,5353333333";"0,0";"60"
"MISS TIDE";"02439";"2026-01-10 07:12:00";"-38,0458333333";"-57,5353333333";"0,0";"60"
"MISS TIDE";"02439";"2026-01-10 07:27:00";"-38,0461666667";"-57,5353333333";"0,0";"190"
"MISS TIDE";"02439";"2026-01-10 07:42:00";"-38,0458333333";"-57,5353333333";"0,0";"55"
"MISS TIDE";"02439";"2026-01-10 07:57:00";"-38,0461666667";"-57,5353333333";"0,0";"145"
"MISS TIDE";"02439";"2026-01-10 08:12:00";"-38,0458333333";"-57,5353333333";"0,0";"175"
"MISS TIDE";"02439";"2026-01-10 08:27:00";"-38,0458333333";"-57,5353333333";"0,0";"310"
"MISS TIDE";"02439";"2026-01-10 08:42:00";"-38,0458333333";"-57,5353333333";"0,0";"240"
"MISS TIDE";"02439";"2026-01-10 08:57:00";"-38,0458333333";"-57,5353333333";"0,0";"100"
"MISS TIDE";"02439";"2026-01-10 09:12:00";"-38,0458333333";"-57,5353333333";"0,0";"40"
"MISS TIDE";"02439";"2026-01-10 09:27:00";"-38,0458333333";"-57,5353333333";"0,0";"40"
"MISS TIDE";"02439";"2026-01-10 09:42:00";"-38,0458333333";"-57,5353333333";"0,0";"40"
"MISS TIDE";"02439";"2026-01-10 09:57:00";"-38,0461666667";"-57,5353333333";"0,0";"40"
"MISS TIDE";"02439";"2026-01-10 10:12:00";"-38,0458333333";"-57,5353333333";"0,0";"75"
"MISS TIDE";"02439";"2026-01-10 10:27:00";"-38,0458333333";"-57,5353333333";"0,0";"75"
"MISS TIDE";"02439";"2026-01-10 10:42:00";"-38,0458333333";"-57,5353333333";"0,0";"25"
"MISS TIDE";"02439";"2026-01-10 10:57:00";"-38,0458333333";"-57,5353333333";"0,0";"25"
"MISS TIDE";"02439";"2026-01-10 11:12:00";"-38,0461666667";"-57,5353333333";"0,0";"215"
"MISS TIDE";"02439";"2026-01-10 11:27:00";"-38,0461666667";"-57,5353333333";"0,0";"135"
"MISS TIDE";"02439";"2026-01-10 11:42:00";"-38,0458333333";"-57,5353333333";"0,0";"70"
"MISS TIDE";"02439";"2026-01-10 11:57:00";"-38,0458333333";"-57,5353333333";"0,0";"5"
"MISS TIDE";"02439";"2026-01-10 12:12:00";"-38,0461666667";"-57,5353333333";"0,0";"5"
"MISS TIDE";"02439";"2026-01-10 12:27:00";"-38,0458333333";"-57,5353333333";"0,0";"305"
"MISS TIDE";"02439";"2026-01-10 12:42:00";"-38,0461666667";"-57,5353333333";"0,0";"215"
"MISS TIDE";"02439";"2026-01-10 12:57:00";"-38,0461666667";"-57,5353333333";"0,0";"165"
"MISS TIDE";"02439";"2026-01-10 13:12:00";"-38,0461666667";"-57,5353333333";"0,0";"225"
"MISS TIDE";"02439";"2026-01-10 13:27:00";"-38,0458333333";"-57,5353333333";"0,0";"350"
"MISS TIDE";"02439";"2026-01-10 13:42:00";"-38,0461666667";"-57,5353333333";"0,0";"285"
"MISS TIDE";"02439";"2026-01-10 13:57:00";"-38,0461666667";"-57,5353333333";"0,0";"275"
"MISS TIDE";"02439";"2026-01-10 14:12:00";"-38,0461666667";"-57,5353333333";"0,0";"275"
"MISS TIDE";"02439";"2026-01-10 14:27:00";"-38,0461666667";"-57,5353333333";"0,0";"320"
"MISS TIDE";"02439";"2026-01-10 14:42:00";"-38,0458333333";"-57,5353333333";"0,0";"120"
"MISS TIDE";"02439";"2026-01-10 14:57:00";"-38,0458333333";"-57,5353333333";"0,0";"120"
"MISS TIDE";"02439";"2026-01-10 15:12:00";"-38,0458333333";"-57,5353333333";"0,0";"120"
"MISS TIDE";"02439";"2026-01-10 15:27:00";"-38,0461666667";"-57,5353333333";"0,0";"120"
"MISS TIDE";"02439";"2026-01-10 15:42:00";"-38,0461666667";"-57,5353333333";"0,0";"120"
"MISS TIDE";"02439";"2026-01-10 15:57:00";"-38,0461666667";"-57,5353333333";"0,0";"195"
"MISS TIDE";"02439";"2026-01-10 16:12:00";"-38,0461666667";"-57,5353333333";"0,0";"75"
"MISS TIDE";"02439";"2026-01-10 16:27:00";"-38,0461666667";"-57,5353333333";"0,0";"175"
"MISS TIDE";"02439";"2026-01-10 16:42:00";"-38,0461666667";"-57,5353333333";"0,0";"160"
"MISS TIDE";"02439";"2026-01-10 16:57:00";"-38,0461666667";"-57,5353333333";"0,0";"170"
"MISS TIDE";"02439";"2026-01-10 17:12:00";"-38,0461666667";"-57,5353333333";"0,0";"170"
"MISS TIDE";"02439";"2026-01-10 17:27:00";"-38,0461666667";"-57,5353333333";"0,0";"95"
"MISS TIDE";"02439";"2026-01-10 17:42:00";"-38,0463333333";"-57,5353333333";"0,5";"180"
"MISS TIDE";"02439";"2026-01-10 17:57:00";"-38,0463333333";"-57,5353333333";"0,0";"100"
"MISS TIDE";"02439";"2026-01-10 18:12:00";"-38,0463333333";"-57,5353333333";"0,0";"100"
"MISS TIDE";"02439";"2026-01-10 18:27:00";"-38,0466666667";"-57,5353333333";"0,0";"190"
"MISS TIDE";"02439";"2026-01-10 18:42:00";"-38,0463333333";"-57,5353333333";"0,0";"190"
"MISS TIDE";"02439";"2026-01-10 18:57:00";"-38,0463333333";"-57,5353333333";"0,0";"335"
"MISS TIDE";"02439";"2026-01-10 19:12:00";"-38,0466666667";"-57,5353333333";"0,0";"335"
"MISS TIDE";"02439";"2026-01-10 19:27:00";"-38,0463333333";"-57,5353333333";"0,0";"210"
"MISS TIDE";"02439";"2026-01-10 19:42:00";"-38,0463333333";"-57,5353333333";"0,0";"5"
"MISS TIDE";"02439";"2026-01-10 19:57:00";"-38,0466666667";"-57,5353333333";"0,0";"35"
"MISS TIDE";"02439";"2026-01-10 20:12:00";"-38,0466666667";"-57,5353333333";"0,0";"35"
"MISS TIDE";"02439";"2026-01-10 20:27:00";"-38,0463333333";"-57,5353333333";"0,0";"240"
"MISS TIDE";"02439";"2026-01-10 20:42:00";"-38,0463333333";"-57,5353333333";"0,0";"240"
"MISS TIDE";"02439";"2026-01-10 20:57:00";"-38,0463333333";"-57,5353333333";"0,0";"240"
"MISS TIDE";"02439";"2026-01-10 21:12:00";"-38,0466666667";"-57,5353333333";"0,0";"330"
"MISS TIDE";"02439";"2026-01-10 21:27:00";"-38,0463333333";"-57,5353333333";"0,0";"45"
"MISS TIDE";"02439";"2026-01-10 21:42:00";"-38,0463333333";"-57,5353333333";"0,0";"45"
"MISS TIDE";"02439";"2026-01-10 21:57:00";"-38,0463333333";"-57,5353333333";"0,0";"200"
"MISS TIDE";"02439";"2026-01-10 22:12:00";"-38,0463333333";"-57,5353333333";"0,0";"165"
"MISS TIDE";"02439";"2026-01-10 22:27:00";"-38,0463333333";"-57,5353333333";"0,0";"165"
"MISS TIDE";"02439";"2026-01-10 22:42:00";"-38,0463333333";"-57,5353333333";"0,0";"105"
"MISS TIDE";"02439";"2026-01-10 22:57:00";"-38,0463333333";"-57,5353333333";"0,0";"105"
"MISS TIDE";"02439";"2026-01-10 23:12:00";"-38,0463333333";"-57,5353333333";"0,0";"335"
"MISS TIDE";"02439";"2026-01-10 23:27:00";"-38,0463333333";"-57,5353333333";"0,0";"355"
"MISS TIDE";"02439";"2026-01-10 23:42:00";"-38,0463333333";"-57,5353333333";"0,0";"355"
"MISS TIDE";"02439";"2026-01-10 23:57:00";"-38,0463333333";"-57,5353333333";"0,0";"345"
"MISS TIDE";"02439";"2026-01-11 00:12:00";"-38,0466666667";"-57,5353333333";"0,0";"245"
"MISS TIDE";"02439";"2026-01-11 00:27:00";"-38,0466666667";"-57,5353333333";"0,0";"245"
"MISS TIDE";"02439";"2026-01-11 00:42:00";"-38,0463333333";"-57,5353333333";"0,0";"245"
"MISS TIDE";"02439";"2026-01-11 00:57:00";"-38,0463333333";"-57,5353333333";"0,0";"245"
"MISS TIDE";"02439";"2026-01-11 01:12:00";"-38,0463333333";"-57,5353333333";"0,0";"245"
"MISS TIDE";"02439";"2026-01-11 01:27:00";"-38,0466666667";"-57,5353333333";"0,0";"245"
"MISS TIDE";"02439";"2026-01-11 01:42:00";"-38,0463333333";"-57,535";"0,0";"185"
"MISS TIDE";"02439";"2026-01-11 01:57:00";"-38,0463333333";"-57,5353333333";"0,0";"185"
"MISS TIDE";"02439";"2026-01-11 02:12:00";"-38,0463333333";"-57,5353333333";"0,0";"185"
"MISS TIDE";"02439";"2026-01-11 02:27:00";"-38,0463333333";"-57,5353333333";"0,0";"355"
"MISS TIDE";"02439";"2026-01-11 02:42:00";"-38,0463333333";"-57,5353333333";"0,0";"105"
"MISS TIDE";"02439";"2026-01-11 02:57:00";"-38,0463333333";"-57,5353333333";"0,0";"170"
"MISS TIDE";"02439";"2026-01-11 03:12:00";"-38,0463333333";"-57,5353333333";"0,0";"170"
"MISS TIDE";"02439";"2026-01-11 03:27:00";"-38,0463333333";"-57,5353333333";"0,0";"0"
"MISS TIDE";"02439";"2026-01-11 03:42:00";"-38,0463333333";"-57,5353333333";"0,0";"60"
"MISS TIDE";"02439";"2026-01-11 03:57:00";"-38,0463333333";"-57,5353333333";"0,0";"60"
"MISS TIDE";"02439";"2026-01-11 04:12:00";"-38,0463333333";"-57,5353333333";"0,0";"130"
"MISS TIDE";"02439";"2026-01-11 04:27:00";"-38,0463333333";"-57,5353333333";"0,0";"130"
"MISS TIDE";"02439";"2026-01-11 04:42:00";"-38,0463333333";"-57,5353333333";"0,0";"130"
"MISS TIDE";"02439";"2026-01-11 04:57:00";"-38,0463333333";"-57,5353333333";"0,0";"20"
"MISS TIDE";"02439";"2026-01-11 05:12:00";"-38,0463333333";"-57,5353333333";"0,0";"20"
"MISS TIDE";"02439";"2026-01-11 05:27:00";"-38,0466666667";"-57,5353333333";"0,0";"35"
"MISS TIDE";"02439";"2026-01-11 05:42:00";"-38,0463333333";"-57,5353333333";"0,0";"60"
"MISS TIDE";"02439";"2026-01-11 05:57:00";"-38,0463333333";"-57,5353333333";"0,0";"80"
"MISS TIDE";"02439";"2026-01-11 06:12:00";"-38,0463333333";"-57,5353333333";"0,0";"120"
"MISS TIDE";"02439";"2026-01-11 06:27:00";"-38,0466666667";"-57,5353333333";"0,0";"120"
"MISS TIDE";"02439";"2026-01-11 06:42:00";"-38,0463333333";"-57,5353333333";"0,0";"175"
"MISS TIDE";"02439";"2026-01-11 06:57:00";"-38,0463333333";"-57,5353333333";"0,0";"175"
"MISS TIDE";"02439";"2026-01-11 07:12:00";"-38,0463333333";"-57,5353333333";"0,0";"195"
"MISS TIDE";"02439";"2026-01-11 07:27:00";"-38,0463333333";"-57,5353333333";"0,0";"300"
"MISS TIDE";"02439";"2026-01-11 07:42:00";"-38,0463333333";"-57,5353333333";"0,0";"300"
"MISS TIDE";"02439";"2026-01-11 07:57:00";"-38,0463333333";"-57,5353333333";"0,0";"300"
"MISS TIDE";"02439";"2026-01-11 08:12:00";"-38,0463333333";"-57,5353333333";"0,0";"220"
"MISS TIDE";"02439";"2026-01-11 08:27:00";"-38,0463333333";"-57,5353333333";"0,0";"145"
"MISS TIDE";"02439";"2026-01-11 08:42:00";"-38,0463333333";"-57,5353333333";"0,0";"145"
"MISS TIDE";"02439";"2026-01-11 08:57:00";"-38,0463333333";"-57,5353333333";"0,0";"145"
"MISS TIDE";"02439";"2026-01-11 09:12:00";"-38,0463333333";"-57,5353333333";"0,0";"145"
"MISS TIDE";"02439";"2026-01-11 09:27:00";"-38,0463333333";"-57,5353333333";"0,0";"145"
"MISS TIDE";"02439";"2026-01-11 09:42:00";"-38,0463333333";"-57,5353333333";"0,0";"305"
"MISS TIDE";"02439";"2026-01-11 09:57:00";"-38,0463333333";"-57,5353333333";"0,0";"45"
"MISS TIDE";"02439";"2026-01-11 10:12:00";"-38,0463333333";"-57,5353333333";"0,0";"340"
"MISS TIDE";"02439";"2026-01-11 10:27:00";"-38,0463333333";"-57,5353333333";"0,0";"190"
"MISS TIDE";"02439";"2026-01-11 10:42:00";"-38,0463333333";"-57,5353333333";"0,0";"190"
"MISS TIDE";"02439";"2026-01-11 10:57:00";"-38,0463333333";"-57,5353333333";"0,0";"285"
"MISS TIDE";"02439";"2026-01-11 11:12:00";"-38,0463333333";"-57,5353333333";"0,0";"220"
"MISS TIDE";"02439";"2026-01-11 11:27:00";"-38,0463333333";"-57,5353333333";"0,0";"220"
"MISS TIDE";"02439";"2026-01-11 11:42:00";"-38,0463333333";"-57,5353333333";"0,0";"115"
"MISS TIDE";"02439";"2026-01-11 11:57:00";"-38,0463333333";"-57,5353333333";"0,0";"115"
"MISS TIDE";"02439";"2026-01-11 12:12:00";"-38,0463333333";"-57,5353333333";"0,0";"115"
"MISS TIDE";"02439";"2026-01-11 12:27:00";"-38,0463333333";"-57,5353333333";"0,0";"115"
"MISS TIDE";"02439";"2026-01-11 12:42:00";"-38,0463333333";"-57,5353333333";"0,0";"215"
"MISS TIDE";"02439";"2026-01-11 12:57:00";"-38,0463333333";"-57,5353333333";"0,0";"215"
"MISS TIDE";"02439";"2026-01-11 13:12:00";"-38,0463333333";"-57,5353333333";"0,0";"215"
"MISS TIDE";"02439";"2026-01-11 13:27:00";"-38,0463333333";"-57,5353333333";"0,0";"215"
"MISS TIDE";"02439";"2026-01-11 13:42:00";"-38,0463333333";"-57,5353333333";"0,0";"215"
"MISS TIDE";"02439";"2026-01-11 13:57:00";"-38,0463333333";"-57,5353333333";"0,0";"310"
"MISS TIDE";"02439";"2026-01-11 14:12:00";"-38,0463333333";"-57,5353333333";"0,0";"310"
"MISS TIDE";"02439";"2026-01-11 14:27:00";"-38,0463333333";"-57,5353333333";"0,0";"310"
"MISS TIDE";"02439";"2026-01-11 14:42:00";"-38,0463333333";"-57,5353333333";"0,0";"310"
"MISS TIDE";"02439";"2026-01-11 14:57:00";"-38,0463333333";"-57,5353333333";"0,0";"280"
"MISS TIDE";"02439";"2026-01-11 15:12:00";"-38,0463333333";"-57,5353333333";"0,0";"225"
"MISS TIDE";"02439";"2026-01-11 15:27:00";"-38,0463333333";"-57,5353333333";"0,0";"110"
"MISS TIDE";"02439";"2026-01-11 15:42:00";"-38,0463333333";"-57,5353333333";"0,0";"95"
"MISS TIDE";"02439";"2026-01-11 15:57:00";"-38,0463333333";"-57,5353333333";"0,0";"95"
"MISS TIDE";"02439";"2026-01-11 16:12:00";"-38,0463333333";"-57,5353333333";"0,0";"95"
"MISS TIDE";"02439";"2026-01-11 16:27:00";"-38,0463333333";"-57,5353333333";"0,0";"95"
"MISS TIDE";"02439";"2026-01-11 16:42:00";"-38,0463333333";"-57,5353333333";"0,0";"215"
"MISS TIDE";"02439";"2026-01-11 16:57:00";"-38,0463333333";"-57,5353333333";"0,0";"40"
"MISS TIDE";"02439";"2026-01-11 17:12:00";"-38,0463333333";"-57,5353333333";"0,0";"190"
"MISS TIDE";"02439";"2026-01-11 17:27:00";"-38,0463333333";"-57,5353333333";"0,0";"250"
"MISS TIDE";"02439";"2026-01-11 17:42:00";"-38,0463333333";"-57,5353333333";"0,0";"25"
"MISS TIDE";"02439";"2026-01-11 17:57:00";"-38,0466666667";"-57,5353333333";"0,0";"25"
"MISS TIDE";"02439";"2026-01-11 18:12:00";"-38,0463333333";"-57,5353333333";"0,0";"265"
"MISS TIDE";"02439";"2026-01-11 18:27:00";"-38,0463333333";"-57,5353333333";"0,0";"330"
"MISS TIDE";"02439";"2026-01-11 18:42:00";"-38,0463333333";"-57,5353333333";"0,0";"255"
"MISS TIDE";"02439";"2026-01-11 18:57:00";"-38,0463333333";"-57,5353333333";"0,0";"255"
"MISS TIDE";"02439";"2026-01-11 19:12:00";"-38,0463333333";"-57,5353333333";"0,0";"255"
"MISS TIDE";"02439";"2026-01-11 19:27:00";"-38,0463333333";"-57,5353333333";"0,0";"255"
"MISS TIDE";"02439";"2026-01-11 19:42:00";"-38,0463333333";"-57,5353333333";"0,0";"255"
"MISS TIDE";"02439";"2026-01-11 19:57:00";"-38,0463333333";"-57,5353333333";"0,0";"120"
"MISS TIDE";"02439";"2026-01-11 20:12:00";"-38,0463333333";"-57,5353333333";"0,0";"120"
"MISS TIDE";"02439";"2026-01-11 20:27:00";"-38,0466666667";"-57,5353333333";"0,0";"175"
"MISS TIDE";"02439";"2026-01-11 20:42:00";"-38,0463333333";"-57,5353333333";"0,0";"155"
"MISS TIDE";"02439";"2026-01-11 20:57:00";"-38,0463333333";"-57,5353333333";"0,0";"155"
"MISS TIDE";"02439";"2026-01-11 21:12:00";"-38,0463333333";"-57,5353333333";"0,0";"340"
"MISS TIDE";"02439";"2026-01-11 21:27:00";"-38,0463333333";"-57,5353333333";"0,0";"340"
"MISS TIDE";"02439";"2026-01-11 21:42:00";"-38,0463333333";"-57,5353333333";"0,0";"340"
"MISS TIDE";"02439";"2026-01-11 21:57:00";"-38,0463333333";"-57,5353333333";"0,0";"280"
"MISS TIDE";"02439";"2026-01-11 22:12:00";"-38,0463333333";"-57,5353333333";"0,0";"265"
"MISS TIDE";"02439";"2026-01-11 22:27:00";"-38,0463333333";"-57,5353333333";"0,0";"290"
"MISS TIDE";"02439";"2026-01-11 22:42:00";"-38,0463333333";"-57,5353333333";"0,0";"290"
"MISS TIDE";"02439";"2026-01-11 22:57:00";"-38,0463333333";"-57,5353333333";"0,0";"15"
"MISS TIDE";"02439";"2026-01-11 23:12:00";"-38,0463333333";"-57,5353333333";"0,0";"315"
"MISS TIDE";"02439";"2026-01-11 23:27:00";"-38,0463333333";"-57,5353333333";"0,0";"10"
"MISS TIDE";"02439";"2026-01-11 23:42:00";"-38,0463333333";"-57,5353333333";"0,0";"160"
"MISS TIDE";"02439";"2026-01-11 23:57:00";"-38,0463333333";"-57,5353333333";"0,0";"160"
"MISS TIDE";"02439";"2026-01-12 00:12:00";"-38,0463333333";"-57,5353333333";"0,0";"160"
"MISS TIDE";"02439";"2026-01-12 00:27:00";"-38,0463333333";"-57,5353333333";"0,0";"195"
"MISS TIDE";"02439";"2026-01-12 00:42:00";"-38,0463333333";"-57,5353333333";"0,0";"195"
"MISS TIDE";"02439";"2026-01-12 00:57:00";"-38,0463333333";"-57,5353333333";"0,0";"165"
"MISS TIDE";"02439";"2026-01-12 01:12:00";"-38,0463333333";"-57,5353333333";"0,0";"165"
"MISS TIDE";"02439";"2026-01-12 01:27:00";"-38,0463333333";"-57,5353333333";"0,0";"145"
"MISS TIDE";"02439";"2026-01-12 01:42:00";"-38,0463333333";"-57,5353333333";"0,0";"170"
"MISS TIDE";"02439";"2026-01-12 01:57:00";"-38,0463333333";"-57,5353333333";"0,0";"170"
"MISS TIDE";"02439";"2026-01-12 02:12:00";"-38,0463333333";"-57,5353333333";"0,0";"170"
"MISS TIDE";"02439";"2026-01-12 02:27:00";"-38,0463333333";"-57,5353333333";"0,0";"230"
"MISS TIDE";"02439";"2026-01-12 02:42:00";"-38,0463333333";"-57,5353333333";"0,0";"290"
"MISS TIDE";"02439";"2026-01-12 02:57:00";"-38,0463333333";"-57,5353333333";"0,0";"290"
"MISS TIDE";"02439";"2026-01-12 03:12:00";"-38,0463333333";"-57,5353333333";"0,0";"290"
"MISS TIDE";"02439";"2026-01-12 03:27:00";"-38,0463333333";"-57,5353333333";"0,0";"205"
"MISS TIDE";"02439";"2026-01-12 03:42:00";"-38,0463333333";"-57,5353333333";"0,0";"355"
"MISS TIDE";"02439";"2026-01-12 03:57:00";"-38,0463333333";"-57,5353333333";"0,0";"355"
"MISS TIDE";"02439";"2026-01-12 04:13:00";"-38,0463333333";"-57,5353333333";"0,0";"225"
"MISS TIDE";"02439";"2026-01-12 04:28:00";"-38,0463333333";"-57,5353333333";"0,0";"310"
"MISS TIDE";"02439";"2026-01-12 04:43:00";"-38,0463333333";"-57,5353333333";"0,0";"310"
"MISS TIDE";"02439";"2026-01-12 04:58:00";"-38,0463333333";"-57,5353333333";"0,0";"285"
"MISS TIDE";"02439";"2026-01-12 05:13:00";"-38,0463333333";"-57,5353333333";"0,0";"35"
"MISS TIDE";"02439";"2026-01-12 05:28:00";"-38,0463333333";"-57,5353333333";"0,0";"35"
"MISS TIDE";"02439";"2026-01-12 05:43:00";"-38,0463333333";"-57,5353333333";"0,0";"0"
"MISS TIDE";"02439";"2026-01-12 05:58:00";"-38,0463333333";"-57,5353333333";"0,0";"130"
"MISS TIDE";"02439";"2026-01-12 06:13:00";"-38,0466666667";"-57,5353333333";"0,0";"130"
"MISS TIDE";"02439";"2026-01-12 06:28:00";"-38,0466666667";"-57,5353333333";"0,0";"30"
"MISS TIDE";"02439";"2026-01-12 06:43:00";"-38,0463333333";"-57,5353333333";"0,0";"105"
"MISS TIDE";"02439";"2026-01-12 06:58:00";"-38,0463333333";"-57,5353333333";"0,0";"105"
"MISS TIDE";"02439";"2026-01-12 07:13:00";"-38,0463333333";"-57,5353333333";"0,0";"105"
"MISS TIDE";"02439";"2026-01-12 07:28:00";"-38,0463333333";"-57,5353333333";"0,0";"145"
"MISS TIDE";"02439";"2026-01-12 07:43:00";"-38,0463333333";"-57,5353333333";"0,0";"145"
"MISS TIDE";"02439";"2026-01-12 07:58:00";"-38,0463333333";"-57,5353333333";"0,0";"185"
"MISS TIDE";"02439";"2026-01-12 08:13:00";"-38,0466666667";"-57,5353333333";"0,0";"315"
"MISS TIDE";"02439";"2026-01-12 08:28:00";"-38,0466666667";"-57,5353333333";"0,0";"315"
"MISS TIDE";"02439";"2026-01-12 08:43:00";"-38,0463333333";"-57,5353333333";"0,0";"195"
"MISS TIDE";"02439";"2026-01-12 08:58:00";"-38,0463333333";"-57,5353333333";"0,0";"195"
"MISS TIDE";"02439";"2026-01-12 09:13:00";"-38,0463333333";"-57,5353333333";"0,0";"195"
"MISS TIDE";"02439";"2026-01-12 09:28:00";"-38,0463333333";"-57,5353333333";"0,0";"195"
"MISS TIDE";"02439";"2026-01-12 09:43:00";"-38,0463333333";"-57,5353333333";"0,0";"195"
"MISS TIDE";"02439";"2026-01-12 09:58:00";"-38,0463333333";"-57,5353333333";"0,0";"80"
"MISS TIDE";"02439";"2026-01-12 10:13:00";"-38,0463333333";"-57,5353333333";"0,0";"80"
"MISS TIDE";"02439";"2026-01-12 10:28:00";"-38,0463333333";"-57,5353333333";"0,0";"80"
"MISS TIDE";"02439";"2026-01-12 10:43:00";"-38,0463333333";"-57,5353333333";"0,0";"85"
"MISS TIDE";"02439";"2026-01-12 10:58:00";"-38,0463333333";"-57,5353333333";"0,0";"210"
"MISS TIDE";"02439";"2026-01-12 11:13:00";"-38,0463333333";"-57,5353333333";"0,0";"210"
"MISS TIDE";"02439";"2026-01-12 11:28:00";"-38,0463333333";"-57,5353333333";"0,0";"210"
"MISS TIDE";"02439";"2026-01-12 11:43:00";"-38,0463333333";"-57,5353333333";"0,0";"210"
"MISS TIDE";"02439";"2026-01-12 11:58:00";"-38,0463333333";"-57,5353333333";"0,0";"165"
"MISS TIDE";"02439";"2026-01-12 12:13:00";"-38,0463333333";"-57,5353333333";"0,0";"270"
"MISS TIDE";"02439";"2026-01-12 12:28:00";"-38,0463333333";"-57,5353333333";"0,0";"130"
"MISS TIDE";"02439";"2026-01-12 12:43:00";"-38,0463333333";"-57,5353333333";"0,0";"130"
"MISS TIDE";"02439";"2026-01-12 12:58:00";"-38,0463333333";"-57,5353333333";"0,0";"280"
"MISS TIDE";"02439";"2026-01-12 13:13:00";"-38,0463333333";"-57,5353333333";"0,0";"280"
"MISS TIDE";"02439";"2026-01-12 13:28:00";"-38,0463333333";"-57,5353333333";"0,0";"210"
"MISS TIDE";"02439";"2026-01-12 13:43:00";"-38,0463333333";"-57,5353333333";"0,0";"210"
"MISS TIDE";"02439";"2026-01-12 13:58:00";"-38,0463333333";"-57,5353333333";"0,0";"165"
"MISS TIDE";"02439";"2026-01-12 14:13:00";"-38,0463333333";"-57,5353333333";"0,0";"165"
"MISS TIDE";"02439";"2026-01-12 14:28:00";"-38,0463333333";"-57,5353333333";"0,0";"165"
"MISS TIDE";"02439";"2026-01-12 14:43:00";"-38,0463333333";"-57,5353333333";"0,0";"165"
"MISS TIDE";"02439";"2026-01-12 14:58:00";"-38,0463333333";"-57,5353333333";"0,0";"165"
"MISS TIDE";"02439";"2026-01-12 15:13:00";"-38,0463333333";"-57,5353333333";"0,0";"165"
"MISS TIDE";"02439";"2026-01-12 15:28:00";"-38,0463333333";"-57,5353333333";"0,0";"165"
"MISS TIDE";"02439";"2026-01-12 15:43:00";"-38,0463333333";"-57,5353333333";"0,0";"165"
"MISS TIDE";"02439";"2026-01-12 15:58:00";"-38,0463333333";"-57,5353333333";"0,0";"220"
"MISS TIDE";"02439";"2026-01-12 16:13:00";"-38,0463333333";"-57,5353333333";"0,0";"260"
"MISS TIDE";"02439";"2026-01-12 16:28:00";"-38,0463333333";"-57,5353333333";"0,0";"260"
"MISS TIDE";"02439";"2026-01-12 16:43:00";"-38,0463333333";"-57,5353333333";"0,0";"260"
"MISS TIDE";"02439";"2026-01-12 16:58:00";"-38,0463333333";"-57,5353333333";"0,0";"240"
"MISS TIDE";"02439";"2026-01-12 17:13:00";"-38,0463333333";"-57,5353333333";"0,0";"325"
"MISS TIDE";"02439";"2026-01-12 17:28:00";"-38,0463333333";"-57,5353333333";"0,0";"5"
"MISS TIDE";"02439";"2026-01-12 17:43:00";"-38,0463333333";"-57,5353333333";"0,0";"5"
"MISS TIDE";"02439";"2026-01-12 17:58:00";"-38,0463333333";"-57,5353333333";"0,0";"5"
"MISS TIDE";"02439";"2026-01-12 18:13:00";"-38,0463333333";"-57,5353333333";"0,0";"320"
"MISS TIDE";"02439";"2026-01-12 18:28:00";"-38,0463333333";"-57,5353333333";"0,0";"355"
"MISS TIDE";"02439";"2026-01-12 18:43:00";"-38,0463333333";"-57,5353333333";"0,0";"355"
"MISS TIDE";"02439";"2026-01-12 18:58:00";"-38,0463333333";"-57,5353333333";"0,0";"355"
"MISS TIDE";"02439";"2026-01-12 19:13:00";"-38,0463333333";"-57,5353333333";"0,0";"355"
"MISS TIDE";"02439";"2026-01-12 19:28:00";"-38,0463333333";"-57,5353333333";"0,0";"345"
"MISS TIDE";"02439";"2026-01-12 19:43:00";"-38,0463333333";"-57,5353333333";"0,0";"305"
"MISS TIDE";"02439";"2026-01-12 19:58:00";"-38,0463333333";"-57,5353333333";"0,0";"305"
"MISS TIDE";"02439";"2026-01-12 20:13:00";"-38,0463333333";"-57,5353333333";"0,0";"205"
"MISS TIDE";"02439";"2026-01-12 20:28:00";"-38,0463333333";"-57,5353333333";"0,0";"205"
"MISS TIDE";"02439";"2026-01-12 20:43:00";"-38,0463333333";"-57,5353333333";"0,0";"205"
"MISS TIDE";"02439";"2026-01-12 20:58:00";"-38,0463333333";"-57,5353333333";"0,0";"205"
"MISS TIDE";"02439";"2026-01-12 21:13:00";"-38,0463333333";"-57,5353333333";"0,0";"205"
"MISS TIDE";"02439";"2026-01-12 21:28:00";"-38,0463333333";"-57,5353333333";"0,0";"355"
"MISS TIDE";"02439";"2026-01-12 21:43:00";"-38,0463333333";"-57,5353333333";"0,0";"355"
"MISS TIDE";"02439";"2026-01-12 21:58:00";"-38,0463333333";"-57,5353333333";"0,0";"355"
"MISS TIDE";"02439";"2026-01-12 22:13:00";"-38,0463333333";"-57,5353333333";"0,0";"90"
"MISS TIDE";"02439";"2026-01-12 22:28:00";"-38,0463333333";"-57,5353333333";"0,0";"90"
"MISS TIDE";"02439";"2026-01-12 22:43:00";"-38,0463333333";"-57,5353333333";"0,0";"90"
"MISS TIDE";"02439";"2026-01-12 22:58:00";"-38,0463333333";"-57,5353333333";"0,0";"345"
"MISS TIDE";"02439";"2026-01-12 23:13:00";"-38,0463333333";"-57,5353333333";"0,0";"115"
"MISS TIDE";"02439";"2026-01-12 23:28:00";"-38,0463333333";"-57,5353333333";"0,0";"70"
"MISS TIDE";"02439";"2026-01-12 23:43:00";"-38,0463333333";"-57,5353333333";"0,0";"70"
"MISS TIDE";"02439";"2026-01-12 23:58:00";"-38,0463333333";"-57,5353333333";"0,0";"340"
"MISS TIDE";"02439";"2026-01-13 00:13:00";"-38,0463333333";"-57,5353333333";"0,0";"235"
"MISS TIDE";"02439";"2026-01-13 00:28:00";"-38,0463333333";"-57,5353333333";"0,0";"165"
"MISS TIDE";"02439";"2026-01-13 00:43:00";"-38,0463333333";"-57,5353333333";"0,0";"165"
"MISS TIDE";"02439";"2026-01-13 00:58:00";"-38,0463333333";"-57,5353333333";"0,0";"75"
"MISS TIDE";"02439";"2026-01-13 01:13:00";"-38,0463333333";"-57,5353333333";"0,0";"0"
"MISS TIDE";"02439";"2026-01-13 01:28:00";"-38,0466666667";"-57,5353333333";"0,0";"175"
"MISS TIDE";"02439";"2026-01-13 01:43:00";"-38,0463333333";"-57,5353333333";"0,0";"175"
"MISS TIDE";"02439";"2026-01-13 01:58:00";"-38,0463333333";"-57,5353333333";"0,0";"175"
"MISS TIDE";"02439";"2026-01-13 02:13:00";"-38,0463333333";"-57,5353333333";"0,0";"40"
"MISS TIDE";"02439";"2026-01-13 02:28:00";"-38,0463333333";"-57,5353333333";"0,0";"355"
"MISS TIDE";"02439";"2026-01-13 02:43:00";"-38,0463333333";"-57,5353333333";"0,0";"330"
"MISS TIDE";"02439";"2026-01-13 02:58:00";"-38,0463333333";"-57,5353333333";"0,0";"310"
"MISS TIDE";"02439";"2026-01-13 03:13:00";"-38,0466666667";"-57,5353333333";"0,0";"310"
"MISS TIDE";"02439";"2026-01-13 03:28:00";"-38,0463333333";"-57,5353333333";"0,0";"310"
"MISS TIDE";"02439";"2026-01-13 03:43:00";"-38,0463333333";"-57,5353333333";"0,0";"30"
"MISS TIDE";"02439";"2026-01-13 03:58:00";"-38,0463333333";"-57,5353333333";"0,0";"30"
"MISS TIDE";"02439";"2026-01-13 04:13:00";"-38,0463333333";"-57,5353333333";"0,0";"30"
"MISS TIDE";"02439";"2026-01-13 04:28:00";"-38,0463333333";"-57,5353333333";"0,0";"225"
"MISS TIDE";"02439";"2026-01-13 04:43:00";"-38,0463333333";"-57,5353333333";"0,0";"225"
"MISS TIDE";"02439";"2026-01-13 04:58:00";"-38,0463333333";"-57,5353333333";"0,0";"25"
"MISS TIDE";"02439";"2026-01-13 05:13:00";"-38,0463333333";"-57,5353333333";"0,0";"25"
"MISS TIDE";"02439";"2026-01-13 05:28:00";"-38,0463333333";"-57,5353333333";"0,0";"335"
"MISS TIDE";"02439";"2026-01-13 05:43:00";"-38,0466666667";"-57,5353333333";"0,0";"185"
"MISS TIDE";"02439";"2026-01-13 05:58:00";"-38,0463333333";"-57,5353333333";"0,0";"115"
"MISS TIDE";"02439";"2026-01-13 06:13:00";"-38,0463333333";"-57,5353333333";"0,0";"115"
"MISS TIDE";"02439";"2026-01-13 06:28:00";"-38,0466666667";"-57,5353333333";"0,0";"115"
"MISS TIDE";"02439";"2026-01-13 06:43:00";"-38,0463333333";"-57,5353333333";"0,0";"155"
"MISS TIDE";"02439";"2026-01-13 06:58:00";"-38,0466666667";"-57,5353333333";"0,0";"295"
"MISS TIDE";"02439";"2026-01-13 07:13:00";"-38,0463333333";"-57,5353333333";"0,0";"295"
"MISS TIDE";"02439";"2026-01-13 07:28:00";"-38,0463333333";"-57,5353333333";"0,0";"295"
"MISS TIDE";"02439";"2026-01-13 07:43:00";"-38,0463333333";"-57,5353333333";"0,0";"295"
"MISS TIDE";"02439";"2026-01-13 07:58:00";"-38,0466666667";"-57,5353333333";"0,0";"220"
"MISS TIDE";"02439";"2026-01-13 08:13:00";"-38,0466666667";"-57,5353333333";"0,0";"240"
"MISS TIDE";"02439";"2026-01-13 08:28:00";"-38,0463333333";"-57,5353333333";"0,0";"345"
"MISS TIDE";"02439";"2026-01-13 08:43:00";"-38,0463333333";"-57,5353333333";"0,0";"200"
"MISS TIDE";"02439";"2026-01-13 08:58:00";"-38,0463333333";"-57,5353333333";"0,0";"200"
"MISS TIDE";"02439";"2026-01-13 09:13:00";"-38,0463333333";"-57,5353333333";"0,0";"200"
"MISS TIDE";"02439";"2026-01-13 09:28:00";"-38,0463333333";"-57,5353333333";"0,0";"200"
"MISS TIDE";"02439";"2026-01-13 09:43:00";"-38,0463333333";"-57,5353333333";"0,0";"200"
"MISS TIDE";"02439";"2026-01-13 09:58:00";"-38,0463333333";"-57,5353333333";"0,0";"200"
"MISS TIDE";"02439";"2026-01-13 10:13:00";"-38,0463333333";"-57,5353333333";"0,0";"200"
"MISS TIDE";"02439";"2026-01-13 10:28:00";"-38,0463333333";"-57,5353333333";"0,0";"190"
"MISS TIDE";"02439";"2026-01-13 10:43:00";"-38,0463333333";"-57,5353333333";"0,0";"100"
"MISS TIDE";"02439";"2026-01-13 10:58:00";"-38,0463333333";"-57,5353333333";"0,0";"100"
"MISS TIDE";"02439";"2026-01-13 11:13:00";"-38,0463333333";"-57,5353333333";"0,0";"40"
"MISS TIDE";"02439";"2026-01-13 11:28:00";"-38,0463333333";"-57,5353333333";"0,0";"40"
"MISS TIDE";"02439";"2026-01-13 11:43:00";"-38,0463333333";"-57,5353333333";"0,0";"270"
"MISS TIDE";"02439";"2026-01-13 11:58:00";"-38,0463333333";"-57,5353333333";"0,0";"185"
"MISS TIDE";"02439";"2026-01-13 12:13:00";"-38,0463333333";"-57,5353333333";"0,0";"105"
"MISS TIDE";"02439";"2026-01-13 12:28:00";"-38,0463333333";"-57,5353333333";"0,0";"105"
"MISS TIDE";"02439";"2026-01-13 12:43:00";"-38,0463333333";"-57,5353333333";"0,0";"270"
"MISS TIDE";"02439";"2026-01-13 12:58:00";"-38,0463333333";"-57,5353333333";"0,0";"270"
"MISS TIDE";"02439";"2026-01-13 13:13:00";"-38,0463333333";"-57,5353333333";"0,0";"270"
"MISS TIDE";"02439";"2026-01-13 13:28:00";"-38,0463333333";"-57,5353333333";"0,0";"270"
"MISS TIDE";"02439";"2026-01-13 13:43:00";"-38,0463333333";"-57,5353333333";"0,0";"350"
"MISS TIDE";"02439";"2026-01-13 13:58:00";"-38,0463333333";"-57,5353333333";"0,0";"300"
"MISS TIDE";"02439";"2026-01-13 14:13:00";"-38,0463333333";"-57,5353333333";"0,0";"255"
"MISS TIDE";"02439";"2026-01-13 14:28:00";"-38,0463333333";"-57,5353333333";"0,0";"255"
"MISS TIDE";"02439";"2026-01-13 14:43:00";"-38,0463333333";"-57,5353333333";"0,0";"30"
"MISS TIDE";"02439";"2026-01-13 14:58:00";"-38,0463333333";"-57,5353333333";"0,0";"290"
"MISS TIDE";"02439";"2026-01-13 15:13:00";"-38,0463333333";"-57,5353333333";"0,0";"255"
"MISS TIDE";"02439";"2026-01-13 15:28:00";"-38,0463333333";"-57,5353333333";"0,0";"175"
"MISS TIDE";"02439";"2026-01-13 15:43:00";"-38,0466666667";"-57,5353333333";"0,0";"235"
"MISS TIDE";"02439";"2026-01-13 15:58:00";"-38,0463333333";"-57,5353333333";"0,0";"180"
"MISS TIDE";"02439";"2026-01-13 16:13:00";"-38,0463333333";"-57,5353333333";"0,0";"180"
"MISS TIDE";"02439";"2026-01-13 16:28:00";"-38,0463333333";"-57,5353333333";"0,0";"180"
"MISS TIDE";"02439";"2026-01-13 16:43:00";"-38,0463333333";"-57,5353333333";"0,0";"245"
"MISS TIDE";"02439";"2026-01-13 16:58:00";"-38,0463333333";"-57,5353333333";"0,0";"245"
"MISS TIDE";"02439";"2026-01-13 17:13:00";"-38,0463333333";"-57,5353333333";"0,0";"245"
"MISS TIDE";"02439";"2026-01-13 17:28:00";"-38,0463333333";"-57,5353333333";"0,0";"285"
"MISS TIDE";"02439";"2026-01-13 17:43:00";"-38,0463333333";"-57,5353333333";"0,0";"340"
"MISS TIDE";"02439";"2026-01-13 17:58:00";"-38,0463333333";"-57,5353333333";"0,0";"285"
"MISS TIDE";"02439";"2026-01-13 18:13:00";"-38,0463333333";"-57,5353333333";"0,0";"285"
"MISS TIDE";"02439";"2026-01-13 18:28:00";"-38,0463333333";"-57,5353333333";"0,0";"245"
"MISS TIDE";"02439";"2026-01-13 18:43:00";"-38,0463333333";"-57,5353333333";"0,0";"245"
"MISS TIDE";"02439";"2026-01-13 18:58:00";"-38,0463333333";"-57,5353333333";"0,0";"165"
"MISS TIDE";"02439";"2026-01-13 19:13:00";"-38,0463333333";"-57,5353333333";"0,0";"165"
"MISS TIDE";"02439";"2026-01-13 19:28:00";"-38,0463333333";"-57,5353333333";"0,0";"165"
"MISS TIDE";"02439";"2026-01-13 19:43:00";"-38,0466666667";"-57,5353333333";"0,0";"165"
"MISS TIDE";"02439";"2026-01-13 19:58:00";"-38,0466666667";"-57,5353333333";"0,0";"0"
"MISS TIDE";"02439";"2026-01-13 20:13:00";"-38,0466666667";"-57,5353333333";"0,0";"325"
"MISS TIDE";"02439";"2026-01-13 20:28:00";"-38,0466666667";"-57,5353333333";"0,0";"325"
"MISS TIDE";"02439";"2026-01-13 20:43:00";"-38,0463333333";"-57,5353333333";"0,0";"165"
"MISS TIDE";"02439";"2026-01-13 20:58:00";"-38,0463333333";"-57,5353333333";"0,0";"165"
"MISS TIDE";"02439";"2026-01-13 21:13:00";"-38,0463333333";"-57,5353333333";"0,0";"80"
"MISS TIDE";"02439";"2026-01-13 21:28:00";"-38,0463333333";"-57,5353333333";"0,0";"110"
"MISS TIDE";"02439";"2026-01-13 21:43:00";"-38,0463333333";"-57,5353333333";"0,0";"110"
"MISS TIDE";"02439";"2026-01-13 21:58:00";"-38,0463333333";"-57,5353333333";"0,0";"110"
"MISS TIDE";"02439";"2026-01-13 22:13:00";"-38,0463333333";"-57,5353333333";"0,0";"110"
"MISS TIDE";"02439";"2026-01-13 22:28:00";"-38,0463333333";"-57,5353333333";"0,0";"70"
"MISS TIDE";"02439";"2026-01-13 22:43:00";"-38,0463333333";"-57,5353333333";"0,0";"355"
"MISS TIDE";"02439";"2026-01-13 22:58:00";"-38,0463333333";"-57,5353333333";"0,0";"355"
"MISS TIDE";"02439";"2026-01-13 23:13:00";"-38,0463333333";"-57,5353333333";"0,0";"150"
"MISS TIDE";"02439";"2026-01-13 23:28:00";"-38,0463333333";"-57,5353333333";"0,0";"105"
"MISS TIDE";"02439";"2026-01-13 23:43:00";"-38,0463333333";"-57,5353333333";"0,0";"105"
"MISS TIDE";"02439";"2026-01-13 23:58:00";"-38,0463333333";"-57,5353333333";"0,0";"105"
"MISS TIDE";"02439";"2026-01-14 00:13:00";"-38,0463333333";"-57,5353333333";"0,0";"330"
"MISS TIDE";"02439";"2026-01-14 00:28:00";"-38,0463333333";"-57,5353333333";"0,0";"250"
"MISS TIDE";"02439";"2026-01-14 00:43:00";"-38,0463333333";"-57,5353333333";"0,0";"230"
"MISS TIDE";"02439";"2026-01-14 00:58:00";"-38,0463333333";"-57,5353333333";"0,0";"230"
"MISS TIDE";"02439";"2026-01-14 01:13:00";"-38,0463333333";"-57,5353333333";"0,0";"230"
"MISS TIDE";"02439";"2026-01-14 01:28:00";"-38,0463333333";"-57,5353333333";"0,0";"230"
"MISS TIDE";"02439";"2026-01-14 01:43:00";"-38,0463333333";"-57,5353333333";"0,0";"325"
"MISS TIDE";"02439";"2026-01-14 01:58:00";"-38,0463333333";"-57,5353333333";"0,0";"15"
"MISS TIDE";"02439";"2026-01-14 02:13:00";"-38,0463333333";"-57,5353333333";"0,0";"15"
"MISS TIDE";"02439";"2026-01-14 02:28:00";"-38,0463333333";"-57,5353333333";"0,0";"15"
"MISS TIDE";"02439";"2026-01-14 02:43:00";"-38,0463333333";"-57,5353333333";"0,0";"15"
"MISS TIDE";"02439";"2026-01-14 02:58:00";"-38,0463333333";"-57,5353333333";"0,0";"15"
"MISS TIDE";"02439";"2026-01-14 03:13:00";"-38,0463333333";"-57,5353333333";"0,0";"15"
"MISS TIDE";"02439";"2026-01-14 03:28:00";"-38,0463333333";"-57,5353333333";"0,0";"15"
"MISS TIDE";"02439";"2026-01-14 03:43:00";"-38,0463333333";"-57,5353333333";"0,0";"15"
"MISS TIDE";"02439";"2026-01-14 03:58:00";"-38,0463333333";"-57,5353333333";"0,0";"15"
"MISS TIDE";"02439";"2026-01-14 04:13:00";"-38,0463333333";"-57,5353333333";"0,0";"15"
"MISS TIDE";"02439";"2026-01-14 04:28:00";"-38,0463333333";"-57,5353333333";"0,0";"15"
"MISS TIDE";"02439";"2026-01-14 04:43:00";"-38,0463333333";"-57,5353333333";"0,0";"15"
"MISS TIDE";"02439";"2026-01-14 04:58:00";"-38,0463333333";"-57,5353333333";"0,0";"15"
"MISS TIDE";"02439";"2026-01-14 05:13:00";"-38,0463333333";"-57,5353333333";"0,0";"15"
"MISS TIDE";"02439";"2026-01-14 05:28:00";"-38,0466666667";"-57,5353333333";"0,0";"15"
"MISS TIDE";"02439";"2026-01-14 05:43:00";"-38,0463333333";"-57,5353333333";"0,0";"135"
"MISS TIDE";"02439";"2026-01-14 05:58:00";"-38,0463333333";"-57,5353333333";"0,0";"135"
"MISS TIDE";"02439";"2026-01-14 06:13:00";"-38,0463333333";"-57,5353333333";"0,0";"135"
"MISS TIDE";"02439";"2026-01-14 06:28:00";"-38,0463333333";"-57,5353333333";"0,0";"240"
"MISS TIDE";"02439";"2026-01-14 06:43:00";"-38,0463333333";"-57,5353333333";"0,0";"240"
"MISS TIDE";"02439";"2026-01-14 06:58:00";"-38,0463333333";"-57,5353333333";"0,0";"265"
"MISS TIDE";"02439";"2026-01-14 07:13:00";"-38,0463333333";"-57,5353333333";"0,0";"45"
"MISS TIDE";"02439";"2026-01-14 07:28:00";"-38,0463333333";"-57,5353333333";"0,0";"165"
"MISS TIDE";"02439";"2026-01-14 07:43:00";"-38,0466666667";"-57,5353333333";"0,0";"165"
"MISS TIDE";"02439";"2026-01-14 07:58:00";"-38,0466666667";"-57,5353333333";"0,0";"90"
"MISS TIDE";"02439";"2026-01-14 08:13:00";"-38,0463333333";"-57,5353333333";"0,0";"300"
"MISS TIDE";"02439";"2026-01-14 08:28:00";"-38,0463333333";"-57,5353333333";"0,0";"205"
"MISS TIDE";"02439";"2026-01-14 08:43:00";"-38,0463333333";"-57,5353333333";"0,0";"205"
"MISS TIDE";"02439";"2026-01-14 08:58:00";"-38,0463333333";"-57,5353333333";"0,0";"205"
"MISS TIDE";"02439";"2026-01-14 09:13:00";"-38,0463333333";"-57,5353333333";"0,0";"350"
"MISS TIDE";"02439";"2026-01-14 09:28:00";"-38,0466666667";"-57,5353333333";"0,0";"275"
"MISS TIDE";"02439";"2026-01-14 09:43:00";"-38,0463333333";"-57,5353333333";"0,0";"275"
"MISS TIDE";"02439";"2026-01-14 09:58:00";"-38,0463333333";"-57,5353333333";"0,0";"270"
"MISS TIDE";"02439";"2026-01-14 10:13:00";"-38,0463333333";"-57,5353333333";"0,0";"270"
"MISS TIDE";"02439";"2026-01-14 10:28:00";"-38,0463333333";"-57,5353333333";"0,0";"270"
"MISS TIDE";"02439";"2026-01-14 10:43:00";"-38,0463333333";"-57,5353333333";"0,0";"200"
"MISS TIDE";"02439";"2026-01-14 10:58:00";"-38,0463333333";"-57,5353333333";"0,0";"200"
"MISS TIDE";"02439";"2026-01-14 11:13:00";"-38,0463333333";"-57,5353333333";"0,0";"160"
"MISS TIDE";"02439";"2026-01-14 11:28:00";"-38,0463333333";"-57,5353333333";"0,0";"175"
"MISS TIDE";"02439";"2026-01-14 11:43:00";"-38,0463333333";"-57,5353333333";"0,0";"175"
"MISS TIDE";"02439";"2026-01-14 11:58:00";"-38,0463333333";"-57,5353333333";"0,0";"175"
"MISS TIDE";"02439";"2026-01-14 12:13:00";"-38,0463333333";"-57,5353333333";"0,0";"175"
"MISS TIDE";"02439";"2026-01-14 12:28:00";"-38,0463333333";"-57,5353333333";"0,0";"175"
"MISS TIDE";"02439";"2026-01-14 12:43:00";"-38,0463333333";"-57,5353333333";"0,0";"30"
"MISS TIDE";"02439";"2026-01-14 12:58:00";"-38,0463333333";"-57,5353333333";"0,0";"30"
"MISS TIDE";"02439";"2026-01-14 13:13:00";"-38,0463333333";"-57,5353333333";"0,0";"115"
"MISS TIDE";"02439";"2026-01-14 13:28:00";"-38,0463333333";"-57,5353333333";"0,0";"115"
"MISS TIDE";"02439";"2026-01-14 13:43:00";"-38,0463333333";"-57,5353333333";"0,0";"115"
"MISS TIDE";"02439";"2026-01-14 13:58:00";"-38,0463333333";"-57,5353333333";"0,0";"115"
"MISS TIDE";"02439";"2026-01-14 14:13:00";"-38,0463333333";"-57,5353333333";"0,0";"115"
"MISS TIDE";"02439";"2026-01-14 14:28:00";"-38,0463333333";"-57,5353333333";"0,0";"150"
"MISS TIDE";"02439";"2026-01-14 14:43:00";"-38,0463333333";"-57,5353333333";"0,0";"150"
"MISS TIDE";"02439";"2026-01-14 14:58:00";"-38,0463333333";"-57,5353333333";"0,0";"200"
"MISS TIDE";"02439";"2026-01-14 15:13:00";"-38,0463333333";"-57,5353333333";"0,0";"110"
"MISS TIDE";"02439";"2026-01-14 15:28:00";"-38,0463333333";"-57,5353333333";"0,0";"110"
"MISS TIDE";"02439";"2026-01-14 15:43:00";"-38,0463333333";"-57,5353333333";"0,0";"110"
"MISS TIDE";"02439";"2026-01-14 15:59:00";"-38,0463333333";"-57,5353333333";"0,0";"15"
"MISS TIDE";"02439";"2026-01-14 16:14:00";"-38,0463333333";"-57,5353333333";"0,0";"340"
"MISS TIDE";"02439";"2026-01-14 16:29:00";"-38,0466666667";"-57,5353333333";"0,0";"340"
"MISS TIDE";"02439";"2026-01-14 16:44:00";"-38,0463333333";"-57,5353333333";"0,0";"95"
"MISS TIDE";"02439";"2026-01-14 16:59:00";"-38,0463333333";"-57,5353333333";"0,0";"130"
"MISS TIDE";"02439";"2026-01-14 17:14:00";"-38,0463333333";"-57,5353333333";"0,0";"130"
"MISS TIDE";"02439";"2026-01-14 17:29:00";"-38,0466666667";"-57,5353333333";"0,0";"65"
"MISS TIDE";"02439";"2026-01-14 17:44:00";"-38,0463333333";"-57,5353333333";"0,0";"65"
"MISS TIDE";"02439";"2026-01-14 17:59:00";"-38,0466666667";"-57,5353333333";"0,0";"65"
"MISS TIDE";"02439";"2026-01-14 18:14:00";"-38,0463333333";"-57,5353333333";"0,0";"65"
"MISS TIDE";"02439";"2026-01-14 18:29:00";"-38,0463333333";"-57,5353333333";"0,0";"65"
"MISS TIDE";"02439";"2026-01-14 18:44:00";"-38,0463333333";"-57,5353333333";"0,0";"210"
"MISS TIDE";"02439";"2026-01-14 18:59:00";"-38,0463333333";"-57,5353333333";"0,0";"325"
"MISS TIDE";"02439";"2026-01-14 19:14:00";"-38,0463333333";"-57,5353333333";"0,0";"325"
"MISS TIDE";"02439";"2026-01-14 19:29:00";"-38,0463333333";"-57,5353333333";"0,0";"325"
"MISS TIDE";"02439";"2026-01-14 19:44:00";"-38,0463333333";"-57,5353333333";"0,0";"60"
"MISS TIDE";"02439";"2026-01-14 19:59:00";"-38,0463333333";"-57,5353333333";"0,0";"60"
"MISS TIDE";"02439";"2026-01-14 20:14:00";"-38,0463333333";"-57,5353333333";"0,0";"160"
"MISS TIDE";"02439";"2026-01-14 20:29:00";"-38,0463333333";"-57,5353333333";"0,0";"30"
"MISS TIDE";"02439";"2026-01-14 20:44:00";"-38,0463333333";"-57,5353333333";"0,0";"150"
"MISS TIDE";"02439";"2026-01-14 20:59:00";"-38,0463333333";"-57,5353333333";"0,0";"150"
"MISS TIDE";"02439";"2026-01-14 21:14:00";"-38,0463333333";"-57,5353333333";"0,0";"345"
"MISS TIDE";"02439";"2026-01-14 21:29:00";"-38,0463333333";"-57,5353333333";"0,0";"225"
"MISS TIDE";"02439";"2026-01-14 21:44:00";"-38,0463333333";"-57,5353333333";"0,0";"225"
"MISS TIDE";"02439";"2026-01-14 21:59:00";"-38,0463333333";"-57,5353333333";"0,0";"225"
"MISS TIDE";"02439";"2026-01-14 22:14:00";"-38,0463333333";"-57,5353333333";"0,0";"225"
"MISS TIDE";"02439";"2026-01-14 22:29:00";"-38,0463333333";"-57,5353333333";"0,0";"225"
"MISS TIDE";"02439";"2026-01-14 22:44:00";"-38,0463333333";"-57,5353333333";"0,0";"225"
"MISS TIDE";"02439";"2026-01-14 22:59:00";"-38,0463333333";"-57,5353333333";"0,0";"225"
"MISS TIDE";"02439";"2026-01-14 23:14:00";"-38,0463333333";"-57,5353333333";"0,0";"65"
"MISS TIDE";"02439";"2026-01-14 23:29:00";"-38,0463333333";"-57,5353333333";"0,0";"65"
"MISS TIDE";"02439";"2026-01-14 23:44:00";"-38,0463333333";"-57,5353333333";"0,0";"65"
"MISS TIDE";"02439";"2026-01-14 23:59:00";"-38,0463333333";"-57,5353333333";"0,0";"170"
"MISS TIDE";"02439";"2026-01-15 00:14:00";"-38,0463333333";"-57,5353333333";"0,0";"120"
"MISS TIDE";"02439";"2026-01-15 00:29:00";"-38,0466666667";"-57,5353333333";"0,0";"20"
"MISS TIDE";"02439";"2026-01-15 00:44:00";"-38,0466666667";"-57,5353333333";"0,0";"345"
"MISS TIDE";"02439";"2026-01-15 00:59:00";"-38,0466666667";"-57,5353333333";"0,0";"345"
"MISS TIDE";"02439";"2026-01-15 01:14:00";"-38,0466666667";"-57,5353333333";"0,0";"15"
"MISS TIDE";"02439";"2026-01-15 01:29:00";"-38,0466666667";"-57,5353333333";"0,0";"50"
"MISS TIDE";"02439";"2026-01-15 01:44:00";"-38,0463333333";"-57,5353333333";"0,0";"50"
"MISS TIDE";"02439";"2026-01-15 01:59:00";"-38,0463333333";"-57,5353333333";"0,0";"315"
"MISS TIDE";"02439";"2026-01-15 02:14:00";"-38,0463333333";"-57,5353333333";"0,0";"345"
"MISS TIDE";"02439";"2026-01-15 02:29:00";"-38,0463333333";"-57,5353333333";"0,0";"345"
"MISS TIDE";"02439";"2026-01-15 02:44:00";"-38,0463333333";"-57,5353333333";"0,0";"350"
"MISS TIDE";"02439";"2026-01-15 02:59:00";"-38,0463333333";"-57,5353333333";"0,0";"185"
"MISS TIDE";"02439";"2026-01-15 03:14:00";"-38,0463333333";"-57,5353333333";"0,0";"305"
"MISS TIDE";"02439";"2026-01-15 03:29:00";"-38,0463333333";"-57,5353333333";"0,0";"220"
"MISS TIDE";"02439";"2026-01-15 03:44:00";"-38,0463333333";"-57,5353333333";"0,0";"305"
"MISS TIDE";"02439";"2026-01-15 03:59:00";"-38,0463333333";"-57,5353333333";"0,0";"305"
"MISS TIDE";"02439";"2026-01-15 04:14:00";"-38,0463333333";"-57,5353333333";"0,0";"305"
"MISS TIDE";"02439";"2026-01-15 04:29:00";"-38,0466666667";"-57,5353333333";"0,0";"175"
"MISS TIDE";"02439";"2026-01-15 04:44:00";"-38,0463333333";"-57,5353333333";"0,0";"115"
"MISS TIDE";"02439";"2026-01-15 04:59:00";"-38,0463333333";"-57,5353333333";"0,0";"115"
"MISS TIDE";"02439";"2026-01-15 05:14:00";"-38,0463333333";"-57,5353333333";"0,0";"30"
"MISS TIDE";"02439";"2026-01-15 05:29:00";"-38,0463333333";"-57,5353333333";"0,0";"30"
"MISS TIDE";"02439";"2026-01-15 05:44:00";"-38,0466666667";"-57,5353333333";"0,0";"30"
"MISS TIDE";"02439";"2026-01-15 05:59:00";"-38,0463333333";"-57,5353333333";"0,0";"240"
"MISS TIDE";"02439";"2026-01-15 06:14:00";"-38,0463333333";"-57,5353333333";"0,0";"240"
"MISS TIDE";"02439";"2026-01-15 06:29:00";"-38,0463333333";"-57,5353333333";"0,0";"240"
"MISS TIDE";"02439";"2026-01-15 06:44:00";"-38,0466666667";"-57,5353333333";"0,0";"240"
"MISS TIDE";"02439";"2026-01-15 06:59:00";"-38,0463333333";"-57,5353333333";"0,0";"240"
"MISS TIDE";"02439";"2026-01-15 07:14:00";"-38,0466666667";"-57,5353333333";"0,0";"240"
"MISS TIDE";"02439";"2026-01-15 07:29:00";"-38,0463333333";"-57,5353333333";"0,0";"240"
"MISS TIDE";"02439";"2026-01-15 07:44:00";"-38,0463333333";"-57,5353333333";"0,0";"190"
"MISS TIDE";"02439";"2026-01-15 07:59:00";"-38,0463333333";"-57,5353333333";"0,0";"190"
"MISS TIDE";"02439";"2026-01-15 08:14:00";"-38,0463333333";"-57,5353333333";"0,0";"190"
"MISS TIDE";"02439";"2026-01-15 08:29:00";"-38,0463333333";"-57,5353333333";"0,0";"190"
"MISS TIDE";"02439";"2026-01-15 08:44:00";"-38,0463333333";"-57,5353333333";"0,0";"350"
"MISS TIDE";"02439";"2026-01-15 08:59:00";"-38,0463333333";"-57,5353333333";"0,0";"135"
"MISS TIDE";"02439";"2026-01-15 09:14:00";"-38,0463333333";"-57,5353333333";"0,0";"135"
"MISS TIDE";"02439";"2026-01-15 09:29:00";"-38,0463333333";"-57,5353333333";"0,0";"135"
"MISS TIDE";"02439";"2026-01-15 09:44:00";"-38,0463333333";"-57,5353333333";"0,0";"155"
"MISS TIDE";"02439";"2026-01-15 09:59:00";"-38,0463333333";"-57,5353333333";"0,0";"260"
"MISS TIDE";"02439";"2026-01-15 10:14:00";"-38,0463333333";"-57,5353333333";"0,0";"260"
"MISS TIDE";"02439";"2026-01-15 10:29:00";"-38,0463333333";"-57,5353333333";"0,0";"260"
"MISS TIDE";"02439";"2026-01-15 10:44:00";"-38,0463333333";"-57,5353333333";"0,0";"125"
"MISS TIDE";"02439";"2026-01-15 10:59:00";"-38,0463333333";"-57,5353333333";"0,0";"125"
"MISS TIDE";"02439";"2026-01-15 11:14:00";"-38,0463333333";"-57,5353333333";"0,0";"150"
"MISS TIDE";"02439";"2026-01-15 11:29:00";"-38,0463333333";"-57,5353333333";"0,0";"170"
"MISS TIDE";"02439";"2026-01-15 11:44:00";"-38,0463333333";"-57,5353333333";"0,0";"65"
"MISS TIDE";"02439";"2026-01-15 11:59:00";"-38,0463333333";"-57,5353333333";"0,0";"65"
"MISS TIDE";"02439";"2026-01-15 12:14:00";"-38,0463333333";"-57,5353333333";"0,0";"65"
"MISS TIDE";"02439";"2026-01-15 12:29:00";"-38,0463333333";"-57,5353333333";"0,0";"65"
"MISS TIDE";"02439";"2026-01-15 12:44:00";"-38,0463333333";"-57,5353333333";"0,0";"65"
"MISS TIDE";"02439";"2026-01-15 12:59:00";"-38,0463333333";"-57,5353333333";"0,0";"265"
"MISS TIDE";"02439";"2026-01-15 13:14:00";"-38,0463333333";"-57,5353333333";"0,0";"265"
"MISS TIDE";"02439";"2026-01-15 13:29:00";"-38,0463333333";"-57,5353333333";"0,0";"265"
"MISS TIDE";"02439";"2026-01-15 13:44:00";"-38,0463333333";"-57,5353333333";"0,0";"195"
"MISS TIDE";"02439";"2026-01-15 13:59:00";"-38,0463333333";"-57,5353333333";"0,0";"320"
"MISS TIDE";"02439";"2026-01-15 14:14:00";"-38,0463333333";"-57,5353333333";"0,0";"320"
"MISS TIDE";"02439";"2026-01-15 14:29:00";"-38,0463333333";"-57,5353333333";"0,0";"340"
"MISS TIDE";"02439";"2026-01-15 14:44:00";"-38,0463333333";"-57,5353333333";"0,0";"210"
"MISS TIDE";"02439";"2026-01-15 14:59:00";"-38,0463333333";"-57,5353333333";"0,0";"200"
"MISS TIDE";"02439";"2026-01-15 15:14:00";"-38,0463333333";"-57,5353333333";"0,0";"35"
"MISS TIDE";"02439";"2026-01-15 15:29:00";"-38,0463333333";"-57,5353333333";"0,0";"35"
"MISS TIDE";"02439";"2026-01-15 15:44:00";"-38,0463333333";"-57,5353333333";"0,0";"35"
"MISS TIDE";"02439";"2026-01-15 15:59:00";"-38,0463333333";"-57,5353333333";"0,0";"60"
"MISS TIDE";"02439";"2026-01-15 16:14:00";"-38,0463333333";"-57,5353333333";"0,0";"220"
"MISS TIDE";"02439";"2026-01-15 16:29:00";"-38,0463333333";"-57,5353333333";"0,0";"220"
"MISS TIDE";"02439";"2026-01-15 16:44:00";"-38,0463333333";"-57,5353333333";"0,0";"220"
"MISS TIDE";"02439";"2026-01-15 16:59:00";"-38,0463333333";"-57,5353333333";"0,0";"330"
"MISS TIDE";"02439";"2026-01-15 17:14:00";"-38,0463333333";"-57,5353333333";"0,0";"280"
"MISS TIDE";"02439";"2026-01-15 17:29:00";"-38,0463333333";"-57,5353333333";"0,0";"280"
"MISS TIDE";"02439";"2026-01-15 17:44:00";"-38,0463333333";"-57,5353333333";"0,0";"215"
"MISS TIDE";"02439";"2026-01-15 17:59:00";"-38,0463333333";"-57,5353333333";"0,0";"215"
"MISS TIDE";"02439";"2026-01-15 18:14:00";"-38,0463333333";"-57,5353333333";"0,0";"50"
"MISS TIDE";"02439";"2026-01-15 18:29:00";"-38,0463333333";"-57,5353333333";"0,0";"50"
"MISS TIDE";"02439";"2026-01-15 18:44:00";"-38,0463333333";"-57,5353333333";"0,0";"180"
"MISS TIDE";"02439";"2026-01-15 18:59:00";"-38,0463333333";"-57,5353333333";"0,0";"180"
"MISS TIDE";"02439";"2026-01-15 19:14:00";"-38,0463333333";"-57,5353333333";"0,0";"180"
"MISS TIDE";"02439";"2026-01-15 19:29:00";"-38,0466666667";"-57,5353333333";"0,0";"180"
"MISS TIDE";"02439";"2026-01-15 19:44:00";"-38,0466666667";"-57,5353333333";"0,0";"180"
"MISS TIDE";"02439";"2026-01-15 19:59:00";"-38,0463333333";"-57,5353333333";"0,0";"180"
"MISS TIDE";"02439";"2026-01-15 20:14:00";"-38,0463333333";"-57,5353333333";"0,0";"180"
"MISS TIDE";"02439";"2026-01-15 20:29:00";"-38,0463333333";"-57,5353333333";"0,0";"180"
"MISS TIDE";"02439";"2026-01-15 20:44:00";"-38,0463333333";"-57,5353333333";"0,0";"135"
"MISS TIDE";"02439";"2026-01-15 20:59:00";"-38,0463333333";"-57,5353333333";"0,0";"135"
"MISS TIDE";"02439";"2026-01-15 21:14:00";"-38,0463333333";"-57,5353333333";"0,0";"135"
"MISS TIDE";"02439";"2026-01-15 21:29:00";"-38,0463333333";"-57,5353333333";"0,0";"135"
"MISS TIDE";"02439";"2026-01-15 21:44:00";"-38,0463333333";"-57,5353333333";"0,0";"325"
"MISS TIDE";"02439";"2026-01-15 21:59:00";"-38,0463333333";"-57,5353333333";"0,0";"325"
"MISS TIDE";"02439";"2026-01-15 22:14:00";"-38,0463333333";"-57,5353333333";"0,0";"295"
"MISS TIDE";"02439";"2026-01-15 22:29:00";"-38,0463333333";"-57,5353333333";"0,0";"250"
"MISS TIDE";"02439";"2026-01-15 22:44:00";"-38,0463333333";"-57,5353333333";"0,0";"250"
"MISS TIDE";"02439";"2026-01-15 22:59:00";"-38,0463333333";"-57,5353333333";"0,0";"350"
"MISS TIDE";"02439";"2026-01-15 23:14:00";"-38,0463333333";"-57,5353333333";"0,0";"350"
"MISS TIDE";"02439";"2026-01-15 23:29:00";"-38,0463333333";"-57,5353333333";"0,0";"225"
"MISS TIDE";"02439";"2026-01-15 23:44:00";"-38,0463333333";"-57,5353333333";"0,0";"255"
"MISS TIDE";"02439";"2026-01-15 23:59:00";"-38,0463333333";"-57,5353333333";"0,0";"255"
"MISS TIDE";"02439";"2026-01-16 00:14:00";"-38,0463333333";"-57,5353333333";"0,0";"255"
"MISS TIDE";"02439";"2026-01-16 00:29:00";"-38,0463333333";"-57,5353333333";"0,0";"255"
"MISS TIDE";"02439";"2026-01-16 00:44:00";"-38,0463333333";"-57,5353333333";"0,0";"255"
"MISS TIDE";"02439";"2026-01-16 00:59:00";"-38,0463333333";"-57,5353333333";"0,0";"255"
"MISS TIDE";"02439";"2026-01-16 01:14:00";"-38,0463333333";"-57,5353333333";"0,0";"320"
"MISS TIDE";"02439";"2026-01-16 01:29:00";"-38,0463333333";"-57,5353333333";"0,0";"320"
"MISS TIDE";"02439";"2026-01-16 01:44:00";"-38,0463333333";"-57,5353333333";"0,0";"230"
"MISS TIDE";"02439";"2026-01-16 01:59:00";"-38,0463333333";"-57,5353333333";"0,0";"140"
"MISS TIDE";"02439";"2026-01-16 02:14:00";"-38,0463333333";"-57,5353333333";"0,0";"15"
"MISS TIDE";"02439";"2026-01-16 02:29:00";"-38,0463333333";"-57,5353333333";"0,0";"15"
"MISS TIDE";"02439";"2026-01-16 02:44:00";"-38,0463333333";"-57,5353333333";"0,0";"140"
"MISS TIDE";"02439";"2026-01-16 02:59:00";"-38,0466666667";"-57,5353333333";"0,0";"140"
"MISS TIDE";"02439";"2026-01-16 03:14:00";"-38,0466666667";"-57,5353333333";"0,0";"175"
"MISS TIDE";"02439";"2026-01-16 03:29:00";"-38,0463333333";"-57,5353333333";"0,0";"70"
"MISS TIDE";"02439";"2026-01-16 03:44:00";"-38,0463333333";"-57,5353333333";"0,0";"55"
"MISS TIDE";"02439";"2026-01-16 03:59:00";"-38,0463333333";"-57,5353333333";"0,0";"55"
"MISS TIDE";"02439";"2026-01-16 04:14:00";"-38,0463333333";"-57,5353333333";"0,0";"55"
"MISS TIDE";"02439";"2026-01-16 04:29:00";"-38,0463333333";"-57,5353333333";"0,0";"55"
"MISS TIDE";"02439";"2026-01-16 04:44:00";"-38,0463333333";"-57,5353333333";"0,0";"55"
"MISS TIDE";"02439";"2026-01-16 04:59:00";"-38,0463333333";"-57,5353333333";"0,0";"55"
"MISS TIDE";"02439";"2026-01-16 05:14:00";"-38,0463333333";"-57,5353333333";"0,0";"55"
"MISS TIDE";"02439";"2026-01-16 05:29:00";"-38,0463333333";"-57,5353333333";"0,0";"55"
"MISS TIDE";"02439";"2026-01-16 05:44:00";"-38,0463333333";"-57,5353333333";"0,0";"215"
"MISS TIDE";"02439";"2026-01-16 05:59:00";"-38,0463333333";"-57,5353333333";"0,0";"245"
"MISS TIDE";"02439";"2026-01-16 06:14:00";"-38,0463333333";"-57,5353333333";"0,0";"245"
"MISS TIDE";"02439";"2026-01-16 06:29:00";"-38,0463333333";"-57,5353333333";"0,0";"245"
"MISS TIDE";"02439";"2026-01-16 06:44:00";"-38,0463333333";"-57,5353333333";"0,0";"245"
"MISS TIDE";"02439";"2026-01-16 06:59:00";"-38,0463333333";"-57,5353333333";"0,0";"245"
"MISS TIDE";"02439";"2026-01-16 07:14:00";"-38,0463333333";"-57,5353333333";"0,0";"260"
"MISS TIDE";"02439";"2026-01-16 07:29:00";"-38,0463333333";"-57,5353333333";"0,0";"245"
"MISS TIDE";"02439";"2026-01-16 07:44:00";"-38,0463333333";"-57,5353333333";"0,0";"160"
"MISS TIDE";"02439";"2026-01-16 07:59:00";"-38,0463333333";"-57,5353333333";"0,0";"50"
"MISS TIDE";"02439";"2026-01-16 08:14:00";"-38,0463333333";"-57,5353333333";"0,0";"50"
"MISS TIDE";"02439";"2026-01-16 08:29:00";"-38,0463333333";"-57,5353333333";"0,0";"50"
"MISS TIDE";"02439";"2026-01-16 08:44:00";"-38,0463333333";"-57,5353333333";"0,0";"5"
"MISS TIDE";"02439";"2026-01-16 08:59:00";"-38,0463333333";"-57,5353333333";"0,0";"5"
"MISS TIDE";"02439";"2026-01-16 09:14:00";"-38,0463333333";"-57,5353333333";"0,0";"5"
"MISS TIDE";"02439";"2026-01-16 09:29:00";"-38,0463333333";"-57,5353333333";"0,0";"60"
"MISS TIDE";"02439";"2026-01-16 09:44:00";"-38,0463333333";"-57,5353333333";"0,0";"60"
"MISS TIDE";"02439";"2026-01-16 09:59:00";"-38,0463333333";"-57,5353333333";"0,0";"185"
"MISS TIDE";"02439";"2026-01-16 10:14:00";"-38,0463333333";"-57,5353333333";"0,0";"175"
"MISS TIDE";"02439";"2026-01-16 10:29:00";"-38,0463333333";"-57,5353333333";"0,0";"175"
"MISS TIDE";"02439";"2026-01-16 10:44:00";"-38,0463333333";"-57,5353333333";"0,0";"175"
"MISS TIDE";"02439";"2026-01-16 10:59:00";"-38,0466666667";"-57,5353333333";"0,0";"190"
"MISS TIDE";"02439";"2026-01-16 11:14:00";"-38,0463333333";"-57,5353333333";"0,0";"190"
"MISS TIDE";"02439";"2026-01-16 11:29:00";"-38,0463333333";"-57,5353333333";"0,0";"190"
"MISS TIDE";"02439";"2026-01-16 11:44:00";"-38,0463333333";"-57,5353333333";"0,0";"255"
"MISS TIDE";"02439";"2026-01-16 11:59:00";"-38,0463333333";"-57,5353333333";"0,0";"255"
"MISS TIDE";"02439";"2026-01-16 12:14:00";"-38,0463333333";"-57,5353333333";"0,0";"255"
"MISS TIDE";"02439";"2026-01-16 12:29:00";"-38,0463333333";"-57,5353333333";"0,0";"255"
"MISS TIDE";"02439";"2026-01-16 12:44:00";"-38,0463333333";"-57,5353333333";"0,0";"265"
"MISS TIDE";"02439";"2026-01-16 12:59:00";"-38,0463333333";"-57,5353333333";"0,0";"265"
"MISS TIDE";"02439";"2026-01-16 13:14:00";"-38,0463333333";"-57,5353333333";"0,0";"265"
"MISS TIDE";"02439";"2026-01-16 13:29:00";"-38,0463333333";"-57,5353333333";"0,0";"265"
"MISS TIDE";"02439";"2026-01-16 13:44:00";"-38,0463333333";"-57,5353333333";"0,0";"345"
"MISS TIDE";"02439";"2026-01-16 13:59:00";"-38,0463333333";"-57,5353333333";"0,0";"185"
"MISS TIDE";"02439";"2026-01-16 14:14:00";"-38,0463333333";"-57,5353333333";"0,0";"185"
"MISS TIDE";"02439";"2026-01-16 14:29:00";"-38,0463333333";"-57,5353333333";"0,0";"185"
"MISS TIDE";"02439";"2026-01-16 14:44:00";"-38,0463333333";"-57,5353333333";"0,0";"185"
"MISS TIDE";"02439";"2026-01-16 14:59:00";"-38,0463333333";"-57,5353333333";"0,0";"95"
"MISS TIDE";"02439";"2026-01-16 15:14:00";"-38,0463333333";"-57,5353333333";"0,0";"350"
"MISS TIDE";"02439";"2026-01-16 15:29:00";"-38,0463333333";"-57,5353333333";"0,0";"350"
"MISS TIDE";"02439";"2026-01-16 15:44:00";"-38,0463333333";"-57,5353333333";"0,0";"350"
"MISS TIDE";"02439";"2026-01-16 15:59:00";"-38,0463333333";"-57,5353333333";"0,0";"285"
"MISS TIDE";"02439";"2026-01-16 16:14:00";"-38,0463333333";"-57,5353333333";"0,0";"285"
"MISS TIDE";"02439";"2026-01-16 16:29:00";"-38,0463333333";"-57,5353333333";"0,0";"355"
"MISS TIDE";"02439";"2026-01-16 16:44:00";"-38,0463333333";"-57,5353333333";"0,0";"20"
"MISS TIDE";"02439";"2026-01-16 16:59:00";"-38,0463333333";"-57,5353333333";"0,0";"20"
"MISS TIDE";"02439";"2026-01-16 17:14:00";"-38,0463333333";"-57,5353333333";"0,0";"20"
"MISS TIDE";"02439";"2026-01-16 17:29:00";"-38,0463333333";"-57,5353333333";"0,0";"20"
"MISS TIDE";"02439";"2026-01-16 17:44:00";"-38,0463333333";"-57,5353333333";"0,0";"20"
"MISS TIDE";"02439";"2026-01-16 17:59:00";"-38,0463333333";"-57,5353333333";"0,0";"125"
"MISS TIDE";"02439";"2026-01-16 18:14:00";"-38,0463333333";"-57,5353333333";"0,0";"125"
"MISS TIDE";"02439";"2026-01-16 18:29:00";"-38,0463333333";"-57,5353333333";"0,0";"125"
"MISS TIDE";"02439";"2026-01-16 18:44:00";"-38,0463333333";"-57,5353333333";"0,0";"340"
"MISS TIDE";"02439";"2026-01-16 18:59:00";"-38,0463333333";"-57,5353333333";"0,0";"190"
"MISS TIDE";"02439";"2026-01-16 19:14:00";"-38,0463333333";"-57,5353333333";"0,0";"190"
"MISS TIDE";"02439";"2026-01-16 19:29:00";"-38,0463333333";"-57,5353333333";"0,0";"200"
"MISS TIDE";"02439";"2026-01-16 19:44:00";"-38,0463333333";"-57,5353333333";"0,0";"200"
"MISS TIDE";"02439";"2026-01-16 19:59:00";"-38,0336666667";"-57,52";"6,5";"10"
"MISS TIDE";"02439";"2026-01-16 20:14:00";"-38,0158333333";"-57,4908333333";"7,0";"60"
"MISS TIDE";"02439";"2026-01-16 20:29:00";"-38,0038333333";"-57,4561666667";"7,0";"75"
"MISS TIDE";"02439";"2026-01-16 20:44:00";"-37,9988333333";"-57,4175";"7,0";"75"
"MISS TIDE";"02439";"2026-01-16 20:59:00";"-37,992";"-57,3796666667";"7,0";"75"
"MISS TIDE";"02439";"2026-01-16 21:14:00";"-37,985";"-57,3425";"7,0";"70"
"MISS TIDE";"02439";"2026-01-16 21:29:00";"-37,9771666667";"-57,3053333333";"7,0";"75"
"MISS TIDE";"02439";"2026-01-16 21:44:00";"-37,9703333333";"-57,268";"7,0";"80"
"MISS TIDE";"02439";"2026-01-16 21:59:00";"-37,9638333333";"-57,2303333333";"7,0";"75"
"MISS TIDE";"02439";"2026-01-16 22:14:00";"-37,9575";"-57,1928333333";"7,0";"75"
"MISS TIDE";"02439";"2026-01-16 22:29:00";"-37,9511666667";"-57,1555";"7,0";"80"
"MISS TIDE";"02439";"2026-01-16 22:44:00";"-37,9446666667";"-57,118";"7,0";"70"
"MISS TIDE";"02439";"2026-01-16 22:59:00";"-37,938";"-57,08";"7,0";"80"
"MISS TIDE";"02439";"2026-01-16 23:14:00";"-37,932";"-57,0416666667";"7,0";"75"
"MISS TIDE";"02439";"2026-01-16 23:29:00";"-37,9258333333";"-57,0036666667";"7,6";"75"
"MISS TIDE";"02439";"2026-01-16 23:44:00";"-37,9196666667";"-56,965";"7,6";"80"
"MISS TIDE";"02439";"2026-01-16 23:59:00";"-37,9138333333";"-56,9266666667";"7,0";"75"
"MISS TIDE";"02439";"2026-01-17 00:14:00";"-37,9078333333";"-56,8886666667";"7,0";"75"
"MISS TIDE";"02439";"2026-01-17 00:29:00";"-37,9011666667";"-56,8505";"7,0";"80"
"MISS TIDE";"02439";"2026-01-17 00:44:00";"-37,8945";"-56,8125";"7,0";"75"
"MISS TIDE";"02439";"2026-01-17 00:59:00";"-37,8866666667";"-56,775";"7,0";"70"
"MISS TIDE";"02439";"2026-01-17 01:14:00";"-37,8788333333";"-56,7375";"7,0";"80"
"MISS TIDE";"02439";"2026-01-17 01:29:00";"-37,8711666667";"-56,7";"7,0";"70"
"MISS TIDE";"02439";"2026-01-17 01:44:00";"-37,863";"-56,6621666667";"7,0";"70"
"MISS TIDE";"02439";"2026-01-17 01:59:00";"-37,8553333333";"-56,6245";"7,0";"75"
"MISS TIDE";"02439";"2026-01-17 02:14:00";"-37,8471666667";"-56,587";"7,0";"65"
"MISS TIDE";"02439";"2026-01-17 02:29:00";"-37,8386666667";"-56,5488333333";"7,6";"70"
"MISS TIDE";"02439";"2026-01-17 02:44:00";"-37,8311666667";"-56,5105";"7,0";"75"
"MISS TIDE";"02439";"2026-01-17 02:59:00";"-37,823";"-56,4713333333";"7,6";"80"
"MISS TIDE";"02439";"2026-01-17 03:14:00";"-37,8145";"-56,4321666667";"7,6";"80"
"MISS TIDE";"02439";"2026-01-17 03:29:00";"-37,8055";"-56,3928333333";"7,6";"65"
"MISS TIDE";"02439";"2026-01-17 03:44:00";"-37,7971666667";"-56,3533333333";"7,6";"75"
"MISS TIDE";"02439";"2026-01-17 03:59:00";"-37,7871666667";"-56,3136666667";"7,6";"65"
"MISS TIDE";"02439";"2026-01-17 04:14:00";"-37,7766666667";"-56,2738333333";"7,6";"65"
"MISS TIDE";"02439";"2026-01-17 04:29:00";"-37,7666666667";"-56,2358333333";"7,0";"70"
"MISS TIDE";"02439";"2026-01-17 04:44:00";"-37,757";"-56,1978333333";"6,5";"65"
"MISS TIDE";"02439";"2026-01-17 04:59:00";"-37,7478333333";"-56,1595";"7,6";"70"
"MISS TIDE";"02439";"2026-01-17 05:14:00";"-37,7408333333";"-56,1196666667";"7,6";"70"
"MISS TIDE";"02439";"2026-01-17 05:30:00";"-37,7338333333";"-56,0796666667";"7,6";"70"
"MISS TIDE";"02439";"2026-01-17 05:45:00";"-37,7271666667";"-56,04";"7,6";"70"
"MISS TIDE";"02439";"2026-01-17 06:00:00";"-37,7211666667";"-56,0005";"7,6";"70"
"MISS TIDE";"02439";"2026-01-17 06:15:00";"-37,7146666667";"-55,9603333333";"8,1";"85"
"MISS TIDE";"02439";"2026-01-17 06:30:00";"-37,7075";"-55,9203333333";"8,1";"70"
"MISS TIDE";"02439";"2026-01-17 06:45:00";"-37,7";"-55,8803333333";"7,6";"70"
"MISS TIDE";"02439";"2026-01-17 07:00:00";"-37,6925";"-55,8396666667";"7,6";"70"
"MISS TIDE";"02439";"2026-01-17 07:15:00";"-37,685";"-55,7995";"7,6";"75"
"MISS TIDE";"02439";"2026-01-17 07:30:00";"-37,677";"-55,7591666667";"7,6";"75"
"MISS TIDE";"02439";"2026-01-17 07:45:00";"-37,6695";"-55,7191666667";"7,6";"75"
"MISS TIDE";"02439";"2026-01-17 08:00:00";"-37,6625";"-55,6788333333";"8,1";"80"
"MISS TIDE";"02439";"2026-01-17 08:15:00";"-37,655";"-55,6383333333";"8,1";"75"
"MISS TIDE";"02439";"2026-01-17 08:30:00";"-37,647";"-55,5978333333";"8,1";"75"
"MISS TIDE";"02439";"2026-01-17 08:45:00";"-37,6391666667";"-55,5563333333";"8,6";"80"
"MISS TIDE";"02439";"2026-01-17 09:00:00";"-37,6321666667";"-55,5146666667";"8,1";"75"
"MISS TIDE";"02439";"2026-01-17 09:15:00";"-37,6241666667";"-55,473";"8,1";"70"
"MISS TIDE";"02439";"2026-01-17 09:30:00";"-37,6145";"-55,4325";"8,1";"60"
"MISS TIDE";"02439";"2026-01-17 09:45:00";"-37,6028333333";"-55,392";"8,1";"70"
"MISS TIDE";"02439";"2026-01-17 10:00:00";"-37,5911666667";"-55,3505";"8,6";"70"
"MISS TIDE";"02439";"2026-01-17 10:15:00";"-37,5808333333";"-55,3096666667";"7,6";"70"
"MISS TIDE";"02439";"2026-01-17 10:30:00";"-37,5713333333";"-55,2686666667";"8,1";"75"
"MISS TIDE";"02439";"2026-01-17 10:45:00";"-37,5621666667";"-55,2275";"8,1";"75"
"MISS TIDE";"02439";"2026-01-17 11:00:00";"-37,553";"-55,1866666667";"8,1";"75"
"MISS TIDE";"02439";"2026-01-17 11:15:00";"-37,5433333333";"-55,1446666667";"8,6";"75"
"MISS TIDE";"02439";"2026-01-17 11:30:00";"-37,5341666667";"-55,108";"5,4";"70"
"MISS TIDE";"02439";"2026-01-17 11:45:00";"-37,5436666667";"-55,1086666667";"4,9";"215"
"MISS TIDE";"02439";"2026-01-17 12:00:00";"-37,5516666667";"-55,113";"6,5";"45"
"MISS TIDE";"02439";"2026-01-17 12:15:00";"-37,555";"-55,1116666667";"3,8";"210"
"MISS TIDE";"02439";"2026-01-17 12:30:00";"-37,5683333333";"-55,1221666667";"5,4";"220"
"MISS TIDE";"02439";"2026-01-17 12:45:00";"-37,5796666667";"-55,1345";"2,7";"220"
"MISS TIDE";"02439";"2026-01-17 13:00:00";"-37,5833333333";"-55,1353333333";"5,4";"45"
"MISS TIDE";"02439";"2026-01-17 13:15:00";"-37,5671666667";"-55,1158333333";"4,9";"40"
"MISS TIDE";"02439";"2026-01-17 13:30:00";"-37,5516666667";"-55,1";"4,9";"30"
"MISS TIDE";"02439";"2026-01-17 13:45:00";"-37,5608333333";"-55,1088333333";"4,9";"225"
"MISS TIDE";"02439";"2026-01-17 14:00:00";"-37,552";"-55,0986666667";"5,9";"30"
"MISS TIDE";"02439";"2026-01-17 14:15:00";"-37,5516666667";"-55,0966666667";"3,2";"210"
"MISS TIDE";"02439";"2026-01-17 14:30:00";"-37,5578333333";"-55,1038333333";"3,8";"220"
"MISS TIDE";"02439";"2026-01-17 14:45:00";"-37,5675";"-55,113";"1,1";"205"
"MISS TIDE";"02439";"2026-01-17 15:00:00";"-37,5761666667";"-55,1241666667";"3,8";"15"
"MISS TIDE";"02439";"2026-01-17 15:15:00";"-37,5771666667";"-55,1296666667";"3,8";"215"
"MISS TIDE";"02439";"2026-01-17 15:30:00";"-37,5863333333";"-55,1378333333";"3,2";"220"
"MISS TIDE";"02439";"2026-01-17 15:45:00";"-37,5875";"-55,1366666667";"4,9";"30"
"MISS TIDE";"02439";"2026-01-17 16:00:00";"-37,5703333333";"-55,12";"4,9";"35"
"MISS TIDE";"02439";"2026-01-17 16:15:00";"-37,5528333333";"-55,1036666667";"4,9";"35"
"MISS TIDE";"02439";"2026-01-17 16:30:00";"-37,5496666667";"-55,0983333333";"3,2";"225"
"MISS TIDE";"02439";"2026-01-17 16:45:00";"-37,5621666667";"-55,1095";"3,2";"90"
"MISS TIDE";"02439";"2026-01-17 17:00:00";"-37,5458333333";"-55,0936666667";"4,9";"40"
"MISS TIDE";"02439";"2026-01-17 17:15:00";"-37,553";"-55,1013333333";"3,2";"215"
"MISS TIDE";"02439";"2026-01-17 17:30:00";"-37,5641666667";"-55,1138333333";"3,2";"95"
"MISS TIDE";"02439";"2026-01-17 17:45:00";"-37,547";"-55,0983333333";"4,9";"30"
"MISS TIDE";"02439";"2026-01-17 18:00:00";"-37,5341666667";"-55,0866666667";"3,2";"210"
"MISS TIDE";"02439";"2026-01-17 18:15:00";"-37,5478333333";"-55,0978333333";"3,8";"210"
"MISS TIDE";"02439";"2026-01-17 18:30:00";"-37,56";"-55,1113333333";"3,8";"220"
"MISS TIDE";"02439";"2026-01-17 18:45:00";"-37,572";"-55,1245";"2,7";"110"
"MISS TIDE";"02439";"2026-01-17 19:00:00";"-37,5561666667";"-55,1083333333";"4,9";"30"
"MISS TIDE";"02439";"2026-01-17 19:15:00";"-37,5383333333";"-55,0921666667";"4,9";"40"
"MISS TIDE";"02439";"2026-01-17 19:30:00";"-37,533";"-55,0875";"3,8";"200"
"MISS TIDE";"02439";"2026-01-17 19:45:00";"-37,548";"-55,0975";"3,8";"200"
"MISS TIDE";"02439";"2026-01-17 20:00:00";"-37,563";"-55,1071666667";"3,8";"210"
"MISS TIDE";"02439";"2026-01-17 20:15:00";"-37,5788333333";"-55,1186666667";"4,3";"205"
"MISS TIDE";"02439";"2026-01-17 20:30:00";"-37,5733333333";"-55,1155";"5,4";"20"
"MISS TIDE";"02439";"2026-01-17 20:45:00";"-37,5516666667";"-55,1046666667";"5,4";"20"
"MISS TIDE";"02439";"2026-01-17 21:00:00";"-37,5303333333";"-55,0938333333";"5,4";"20"
"MISS TIDE";"02439";"2026-01-17 21:15:00";"-37,5395";"-55,0986666667";"4,3";"195"
"MISS TIDE";"02439";"2026-01-17 21:30:00";"-37,5571666667";"-55,1061666667";"4,3";"205"
"MISS TIDE";"02439";"2026-01-17 21:45:00";"-37,5678333333";"-55,112";"5,4";"15"
"MISS TIDE";"02439";"2026-01-17 22:00:00";"-37,548";"-55,1021666667";"4,3";"25"
"MISS TIDE";"02439";"2026-01-17 22:15:00";"-37,5308333333";"-55,0946666667";"2,2";"315"
"MISS TIDE";"02439";"2026-01-17 22:30:00";"-37,5375";"-55,1005";"2,2";"200"
"MISS TIDE";"02439";"2026-01-17 22:45:00";"-37,5463333333";"-55,1061666667";"3,2";"115"
"MISS TIDE";"02439";"2026-01-17 23:00:00";"-37,5433333333";"-55,087";"2,7";"220"
"MISS TIDE";"02439";"2026-01-17 23:15:00";"-37,5511666667";"-55,102";"3,8";"215"
"MISS TIDE";"02439";"2026-01-17 23:30:00";"-37,5628333333";"-55,1186666667";"4,3";"230"
"MISS TIDE";"02439";"2026-01-17 23:45:00";"-37,5755";"-55,1363333333";"4,3";"225"
"MISS TIDE";"02439";"2026-01-18 00:00:00";"-37,5895";"-55,1538333333";"4,9";"220"
"MISS TIDE";"02439";"2026-01-18 00:15:00";"-37,5853333333";"-55,1508333333";"4,9";"40"
"MISS TIDE";"02439";"2026-01-18 00:30:00";"-37,5696666667";"-55,1311666667";"4,9";"35"
"MISS TIDE";"02439";"2026-01-18 00:45:00";"-37,5536666667";"-55,1125";"5,4";"40"
"MISS TIDE";"02439";"2026-01-18 01:00:00";"-37,552";"-55,11";"4,9";"225"
"MISS TIDE";"02439";"2026-01-18 01:15:00";"-37,5646666667";"-55,1283333333";"4,3";"230"
"MISS TIDE";"02439";"2026-01-18 01:30:00";"-37,5763333333";"-55,145";"4,3";"225"
"MISS TIDE";"02439";"2026-01-18 01:45:00";"-37,5703333333";"-55,138";"5,4";"40"
"MISS TIDE";"02439";"2026-01-18 02:00:00";"-37,5536666667";"-55,1195";"5,4";"35"
"MISS TIDE";"02439";"2026-01-18 02:15:00";"-37,5388333333";"-55,1016666667";"2,2";"190"
"MISS TIDE";"02439";"2026-01-18 02:30:00";"-37,5521666667";"-55,1141666667";"4,3";"205"
"MISS TIDE";"02439";"2026-01-18 02:45:00";"-37,567";"-55,1266666667";"4,3";"210"
"MISS TIDE";"02439";"2026-01-18 03:00:00";"-37,5808333333";"-55,1425";"4,3";"215"
"MISS TIDE";"02439";"2026-01-18 03:15:00";"-37,5671666667";"-55,1358333333";"4,9";"5"
"MISS TIDE";"02439";"2026-01-18 03:30:00";"-37,5461666667";"-55,1283333333";"5,4";"15"
"MISS TIDE";"02439";"2026-01-18 03:45:00";"-37,5246666667";"-55,1208333333";"4,9";"20"
"MISS TIDE";"02439";"2026-01-18 04:00:00";"-37,5033333333";"-55,113";"5,4";"5"
"MISS TIDE";"02439";"2026-01-18 04:15:00";"-37,512";"-55,1178333333";"4,3";"190"
"MISS TIDE";"02439";"2026-01-18 04:30:00";"-37,53";"-55,123";"3,8";"190"
"MISS TIDE";"02439";"2026-01-18 04:45:00";"-37,5486666667";"-55,1291666667";"4,3";"195"
"MISS TIDE";"02439";"2026-01-18 05:00:00";"-37,5671666667";"-55,1361666667";"4,9";"190"
"MISS TIDE";"02439";"2026-01-18 05:15:00";"-37,5825";"-55,1408333333";"4,3";"10"
"MISS TIDE";"02439";"2026-01-18 05:30:00";"-37,5671666667";"-55,113";"7,0";"65"
"MISS TIDE";"02439";"2026-01-18 05:45:00";"-37,5471666667";"-55,108";"5,4";"355"
"MISS TIDE";"02439";"2026-01-18 06:00:00";"-37,527";"-55,09";"7,6";"50"
"MISS TIDE";"02439";"2026-01-18 06:15:00";"-37,5405";"-55,083";"1,6";"165"
"MISS TIDE";"02439";"2026-01-18 06:30:00";"-37,5546666667";"-55,0916666667";"4,3";"225"
"MISS TIDE";"02439";"2026-01-18 06:45:00";"-37,5511666667";"-55,0925";"4,3";"30"
"MISS TIDE";"02439";"2026-01-18 07:00:00";"-37,5366666667";"-55,0833333333";"6,5";"355"
"MISS TIDE";"02439";"2026-01-18 07:15:00";"-37,5478333333";"-55,0903333333";"3,2";"205"
"MISS TIDE";"02439";"2026-01-18 07:30:00";"-37,5491666667";"-55,0928333333";"3,8";"35"
"MISS TIDE";"02439";"2026-01-18 07:45:00";"-37,5358333333";"-55,0845";"2,7";"355"
"MISS TIDE";"02439";"2026-01-18 08:00:00";"-37,5471666667";"-55,0903333333";"4,9";"205"
"MISS TIDE";"02439";"2026-01-18 08:15:00";"-37,5525";"-55,0913333333";"4,3";"115"
"MISS TIDE";"02439";"2026-01-18 08:30:00";"-37,5686666667";"-55,1036666667";"3,8";"215"
"MISS TIDE";"02439";"2026-01-18 08:45:00";"-37,5728333333";"-55,1121666667";"5,4";"0"
"MISS TIDE";"02439";"2026-01-18 09:00:00";"-37,5541666667";"-55,1086666667";"3,8";"0"
"MISS TIDE";"02439";"2026-01-18 09:15:00";"-37,54";"-55,1071666667";"2,2";"195"
"MISS TIDE";"02439";"2026-01-18 09:30:00";"-37,5591666667";"-55,1105";"3,2";"205"
"MISS TIDE";"02439";"2026-01-18 09:45:00";"-37,572";"-55,1108333333";"4,3";"200"
"MISS TIDE";"02439";"2026-01-18 10:00:00";"-37,555";"-55,1105";"4,3";"355"
"MISS TIDE";"02439";"2026-01-18 10:15:00";"-37,54";"-55,1078333333";"3,8";"5"
"MISS TIDE";"02439";"2026-01-18 10:30:00";"-37,5546666667";"-55,1116666667";"3,8";"185"
"MISS TIDE";"02439";"2026-01-18 10:45:00";"-37,5691666667";"-55,1138333333";"1,6";"140"
"MISS TIDE";"02439";"2026-01-18 11:00:00";"-37,5583333333";"-55,1116666667";"3,8";"10"
"MISS TIDE";"02439";"2026-01-18 11:15:00";"-37,5421666667";"-55,1086666667";"2,2";"5"
"MISS TIDE";"02439";"2026-01-18 11:30:00";"-37,5366666667";"-55,112";"5,4";"145"
"MISS TIDE";"02439";"2026-01-18 11:45:00";"-37,5555";"-55,1155";"3,2";"190"
"MISS TIDE";"02439";"2026-01-18 12:00:00";"-37,568";"-55,1178333333";"2,2";"205"
"MISS TIDE";"02439";"2026-01-18 12:15:00";"-37,5583333333";"-55,1138333333";"4,3";"0"
"MISS TIDE";"02439";"2026-01-18 12:30:00";"-37,542";"-55,1095";"1,6";"0"
"MISS TIDE";"02439";"2026-01-18 12:45:00";"-37,545";"-55,1096666667";"3,2";"200"
"MISS TIDE";"02439";"2026-01-18 13:00:00";"-37,5616666667";"-55,1141666667";"3,8";"180"
"MISS TIDE";"02439";"2026-01-18 13:15:00";"-37,5728333333";"-55,1133333333";"4,3";"45"
"MISS TIDE";"02439";"2026-01-18 13:30:00";"-37,5521666667";"-55,1108333333";"4,3";"10"
"MISS TIDE";"02439";"2026-01-18 13:45:00";"-37,538";"-55,1063333333";"2,7";"15"
"MISS TIDE";"02439";"2026-01-18 14:00:00";"-37,5488333333";"-55,112";"4,3";"190"
"MISS TIDE";"02439";"2026-01-18 14:15:00";"-37,5633333333";"-55,1153333333";"1,1";"120"
"MISS TIDE";"02439";"2026-01-18 14:30:00";"-37,5695";"-55,1175";"6,5";"10"
"MISS TIDE";"02439";"2026-01-18 14:45:00";"-37,5495";"-55,1128333333";"4,3";"15"
"MISS TIDE";"02439";"2026-01-18 15:00:00";"-37,5353333333";"-55,1088333333";"5,9";"15"
"MISS TIDE";"02439";"2026-01-18 15:15:00";"-37,5388333333";"-55,1128333333";"0,5";"210"
"MISS TIDE";"02439";"2026-01-18 15:30:00";"-37,5453333333";"-55,1158333333";"1,6";"215"
"MISS TIDE";"02439";"2026-01-18 15:45:00";"-37,5521666667";"-55,1196666667";"2,7";"190"
"MISS TIDE";"02439";"2026-01-18 16:00:00";"-37,56";"-55,123";"2,7";"190"
"MISS TIDE";"02439";"2026-01-18 16:15:00";"-37,5695";"-55,1263333333";"1,6";"190"
"MISS TIDE";"02439";"2026-01-18 16:30:00";"-37,5511666667";"-55,1213333333";"6,5";"15"
"MISS TIDE";"02439";"2026-01-18 16:45:00";"-37,532";"-55,1191666667";"1,6";"215"
"MISS TIDE";"02439";"2026-01-18 17:00:00";"-37,5253333333";"-55,1213333333";"6,5";"5"
"MISS TIDE";"02439";"2026-01-18 17:15:00";"-37,5228333333";"-55,1241666667";"1,6";"195"
"MISS TIDE";"02439";"2026-01-18 17:30:00";"-37,532";"-55,1291666667";"2,2";"210"
"MISS TIDE";"02439";"2026-01-18 17:45:00";"-37,542";"-55,1346666667";"3,8";"200"
"MISS TIDE";"02439";"2026-01-18 18:00:00";"-37,5505";"-55,1605";"7,0";"250"
"MISS TIDE";"02439";"2026-01-18 18:15:00";"-37,5571666667";"-55,1933333333";"4,3";"245"
"MISS TIDE";"02439";"2026-01-18 18:30:00";"-37,5645";"-55,2275";"7,0";"255"
"MISS TIDE";"02439";"2026-01-18 18:45:00";"-37,5711666667";"-55,2616666667";"4,9";"250"
"MISS TIDE";"02439";"2026-01-18 19:00:00";"-37,5775";"-55,2966666667";"7,0";"255"
"MISS TIDE";"02439";"2026-01-18 19:15:00";"-37,5841666667";"-55,3313333333";"5,9";"250"
"MISS TIDE";"02439";"2026-01-18 19:30:00";"-37,59";"-55,3653333333";"5,9";"260"
"MISS TIDE";"02439";"2026-01-18 19:45:00";"-37,5958333333";"-55,3996666667";"5,9";"260"
"MISS TIDE";"02439";"2026-01-18 20:00:00";"-37,6013333333";"-55,4333333333";"5,9";"255"
"MISS TIDE";"02439";"2026-01-18 20:15:00";"-37,6071666667";"-55,4671666667";"6,5";"250"
"MISS TIDE";"02439";"2026-01-18 20:30:00";"-37,613";"-55,5005";"6,5";"250"
"MISS TIDE";"02439";"2026-01-18 20:45:00";"-37,6195";"-55,5341666667";"7,0";"250"
"MISS TIDE";"02439";"2026-01-18 21:00:00";"-37,6266666667";"-55,5686666667";"7,0";"215"
"MISS TIDE";"02439";"2026-01-18 21:15:00";"-37,6336666667";"-55,6038333333";"7,6";"265"
"MISS TIDE";"02439";"2026-01-18 21:30:00";"-37,6405";"-55,6395";"7,0";"265"
"MISS TIDE";"02439";"2026-01-18 21:45:00";"-37,6478333333";"-55,6758333333";"6,5";"255"
"MISS TIDE";"02439";"2026-01-18 22:00:00";"-37,6553333333";"-55,7128333333";"7,0";"240"
"MISS TIDE";"02439";"2026-01-18 22:15:00";"-37,6633333333";"-55,7486666667";"8,1";"260"
"MISS TIDE";"02439";"2026-01-18 22:30:00";"-37,67";"-55,7863333333";"7,0";"250"
"MISS TIDE";"02439";"2026-01-18 22:45:00";"-37,6766666667";"-55,8238333333";"7,0";"255"
"MISS TIDE";"02439";"2026-01-18 23:00:00";"-37,6838333333";"-55,8611666667";"7,0";"260"
"MISS TIDE";"02439";"2026-01-18 23:15:00";"-37,6911666667";"-55,8975";"7,6";"245"
"MISS TIDE";"02439";"2026-01-18 23:30:00";"-37,6983333333";"-55,9336666667";"7,0";"245"
"MISS TIDE";"02439";"2026-01-18 23:45:00";"-37,7058333333";"-55,9705";"7,0";"245"
"MISS TIDE";"02439";"2026-01-19 00:00:00";"-37,7136666667";"-56,0075";"6,5";"240"
"MISS TIDE";"02439";"2026-01-19 00:15:00";"-37,7208333333";"-56,0428333333";"7,6";"250"
"MISS TIDE";"02439";"2026-01-19 00:30:00";"-37,728";"-56,0788333333";"7,0";"265"
"MISS TIDE";"02439";"2026-01-19 00:45:00";"-37,7355";"-56,1145";"7,6";"245"
"MISS TIDE";"02439";"2026-01-19 01:00:00";"-37,7433333333";"-56,1505";"6,5";"255"
"MISS TIDE";"02439";"2026-01-19 01:15:00";"-37,7513333333";"-56,1861666667";"7,0";"250"
"MISS TIDE";"02439";"2026-01-19 01:30:00";"-37,7596666667";"-56,222";"6,5";"240"
"MISS TIDE";"02439";"2026-01-19 01:45:00";"-37,768";"-56,2571666667";"6,5";"250"
"MISS TIDE";"02439";"2026-01-19 02:00:00";"-37,7761666667";"-56,2913333333";"6,5";"250"
"MISS TIDE";"02439";"2026-01-19 02:15:00";"-37,7853333333";"-56,3261666667";"7,0";"245"
"MISS TIDE";"02439";"2026-01-19 02:30:00";"-37,793";"-56,3595";"6,5";"245"
"MISS TIDE";"02439";"2026-01-19 02:45:00";"-37,8011666667";"-56,3933333333";"6,5";"245"
"MISS TIDE";"02439";"2026-01-19 03:00:00";"-37,8088333333";"-56,427";"6,5";"265"
"MISS TIDE";"02439";"2026-01-19 03:15:00";"-37,8163333333";"-56,4603333333";"5,4";"250"
"MISS TIDE";"02439";"2026-01-19 03:30:00";"-37,8241666667";"-56,4945";"7,0";"255"
"MISS TIDE";"02439";"2026-01-19 03:45:00";"-37,8313333333";"-56,5286666667";"5,9";"260"
"MISS TIDE";"02439";"2026-01-19 04:00:00";"-37,8388333333";"-56,563";"4,9";"250"
"MISS TIDE";"02439";"2026-01-19 04:15:00";"-37,847";"-56,598";"7,0";"255"
"MISS TIDE";"02439";"2026-01-19 04:30:00";"-37,855";"-56,6328333333";"6,5";"250"
"MISS TIDE";"02439";"2026-01-19 04:45:00";"-37,8633333333";"-56,6678333333";"7,0";"240"
"MISS TIDE";"02439";"2026-01-19 05:00:00";"-37,8716666667";"-56,7021666667";"7,0";"255"
"MISS TIDE";"02439";"2026-01-19 05:15:00";"-37,8796666667";"-56,737";"7,6";"260"
"MISS TIDE";"02439";"2026-01-19 05:30:00";"-37,8875";"-56,7721666667";"7,0";"260"
"MISS TIDE";"02439";"2026-01-19 05:45:00";"-37,8958333333";"-56,808";"7,6";"240"
"MISS TIDE";"02439";"2026-01-19 06:00:00";"-37,9046666667";"-56,8441666667";"7,0";"245"
"MISS TIDE";"02439";"2026-01-19 06:15:00";"-37,9138333333";"-56,8805";"7,0";"235"
"MISS TIDE";"02439";"2026-01-19 06:30:00";"-37,9233333333";"-56,9171666667";"7,6";"260"
"MISS TIDE";"02439";"2026-01-19 06:45:00";"-37,933";"-56,9538333333";"7,0";"245"
"MISS TIDE";"02439";"2026-01-19 07:00:00";"-37,9428333333";"-56,9911666667";"7,0";"240"
"MISS TIDE";"02439";"2026-01-19 07:15:00";"-37,9525";"-57,0278333333";"7,6";"260"
"MISS TIDE";"02439";"2026-01-19 07:30:00";"-37,9605";"-57,0661666667";"8,1";"245"
"MISS TIDE";"02439";"2026-01-19 07:45:00";"-37,967";"-57,1061666667";"8,6";"235"
"MISS TIDE";"02439";"2026-01-19 08:00:00";"-37,9721666667";"-57,1425";"6,5";"255"
"MISS TIDE";"02439";"2026-01-19 08:15:00";"-37,9778333333";"-57,1786666667";"6,5";"270"
"MISS TIDE";"02439";"2026-01-19 08:30:00";"-37,9838333333";"-57,215";"7,0";"250"
"MISS TIDE";"02439";"2026-01-19 08:45:00";"-37,9888333333";"-57,2511666667";"7,0";"265"
"MISS TIDE";"02439";"2026-01-19 09:00:00";"-37,998";"-57,2853333333";"6,5";"245"
"MISS TIDE";"02439";"2026-01-19 09:15:00";"-38,0088333333";"-57,3216666667";"7,6";"230"
"MISS TIDE";"02439";"2026-01-19 09:30:00";"-38,0191666667";"-57,3595";"7,6";"230"
"MISS TIDE";"02439";"2026-01-19 09:45:00";"-38,0263333333";"-57,3983333333";"8,1";"250"
"MISS TIDE";"02439";"2026-01-19 10:00:00";"-38,0238333333";"-57,438";"8,1";"260"
"MISS TIDE";"02439";"2026-01-19 10:15:00";"-38,0236666667";"-57,477";"6,5";"255"
"MISS TIDE";"02439";"2026-01-19 10:30:00";"-38,0121666667";"-57,4886666667";"3,2";"0"
"MISS TIDE";"02439";"2026-01-19 10:45:00";"-37,9955";"-57,4871666667";"3,8";"355"
"MISS TIDE";"02439";"2026-01-19 11:00:00";"-37,983";"-57,4878333333";"4,3";"200"
"MISS TIDE";"02439";"2026-01-19 11:15:00";"-38,0036666667";"-57,4978333333";"5,4";"210"
"MISS TIDE";"02439";"2026-01-19 11:30:00";"-38,0241666667";"-57,5083333333";"4,9";"210"
"MISS TIDE";"02439";"2026-01-19 11:45:00";"-38,0208333333";"-57,508";"3,8";"25"
"MISS TIDE";"02439";"2026-01-19 12:00:00";"-38,0296666667";"-57,5155";"6,5";"200"
"MISS TIDE";"02439";"2026-01-19 12:15:00";"-38,045";"-57,5345";"3,2";"245"
"MISS TIDE";"02439";"2026-01-19 12:30:00";"-38,045";"-57,5375";"0,0";"70"
